Date and Time,Agency Name (Crash Level) ,Area: County,Area: City,Roadway (From Crash Report),Intersection Name (from Crash Report),KABCO Severity,Manner of Collision (Crash Level) ,First Harmful Event (Crash Level) ,SHSP Emphasis Areas,# of Fatalities (Person Table),# Serious Injuries,# Visible Injuries,# Complaint Injuries,# of Vehicles,Operator / Driver Contributing Factor -old,Roadway Contributing Factors (Crash Level) ,Weather Conditions (Crash Level),Surface Condition (Crash Level) ,Light Conditions (Crash Level),Latitude ,Longitude
6/24/15 19:06,Atlanta Police Department,Fulton,Atlanta,Centennial Olympic P Dr,Walton St and Centennial Olympic P Dr,(O) No Injury,Rear End,,"[""Intersection Related"",""Bicycle"",""Distracted Driver (Suspected)"",""Improper Occupant Protection""]",0,0,0,0,2,"[""Following Too Close"",""No Contributing Factors""]",,Rain,Wet,Daylight,33.75842,-84.392816
5/27/15 8:37,Atlanta Police Department,DeKalb,Atlanta,Oakdale Rd,Oakdale Rd and Ponce De Leon Ave,(B) Suspected Minor/Visible Injury,Not a Collision with Motor Vehicle,,"[""Intersection Related"",""Aggressive Driving"",""Hit & Run"",""Bicycle"",""Older Driver (55-64)""]",0,0,1,0,2,"[""Improper Passing"",""No Contributing Factors""]",,Cloudy,Dry,Daylight,33.775019,-84.341588
3/7/15 9:38,Atlanta Police Department,Fulton,Atlanta,Peachtree St,Peachtree St and Andrew Young Interna Blvd,(B) Suspected Minor/Visible Injury,Angle (Other),,"[""Intersection Related"",""Distracted Driver (Confirmed)"",""Pedestrian"",""Young Adult Driver (Age 20-24)""]",0,0,1,0,3,"[""Inattentive or Other Distraction (Distracted)"",""No Contributing Factors"",""No Contributing Factors"",""No Contributing Factors""]",,Clear,Dry,Daylight,33.759686,-84.387584
1/2/15 18:08,Atlanta Police Department,Fulton,Atlanta,4005 Campbellton Rd,,(B) Suspected Minor/Visible Injury,Not a Collision with Motor Vehicle,,"[""Pedestrian"",""Distracted Driver (Suspected)"",""Older Driver (55-64)""]",0,0,1,0,1,"[""No Contributing Factors"",""Other""]",,Rain,Wet,Dark-Lighted,33.693756,-84.51938
4/9/15 18:15,Atlanta Police Department,Fulton,Atlanta,Peachtree Way,Peachtree Rd and Peachtree Way,(B) Suspected Minor/Visible Injury,Angle (Other),,"[""Intersection Related"",""Roadway Departure"",""Bicycle"",""Older Driver (55-64)"",""Improper Occupant Protection""]",0,0,1,0,2,,,Clear,Dry,Daylight,33.827571,-84.387376
2/19/15 21:30,Atlanta Police Department,Fulton,Atlanta,687 Lillian Ave,,(O) No Injury,Rear End,,"[""Intersection Related"",""Hit & Run"",""Pedestrian"",""Distracted Driver (Suspected)""]",0,0,0,0,3,"[""Other"",""Other"",""Other""]",,Clear,Dry,Dark-Lighted,33.731177,-84.410355
7/11/15 13:38,Atlanta Police Department,Fulton,Atlanta,I 7585,I 7585 and University Ave,(O) No Injury,Rear End,,"[""Bicycle"",""Distracted Driver (Suspected)""]",0,0,0,0,2,"[""Other"",""Other""]",,Clear,Dry,Daylight,33.719252,-84.396756
10/12/15 21:41,Atlanta Police Department,Fulton,Atlanta,Armstrong St St,Piedmont Ave and Armstrong St St,(B) Suspected Minor/Visible Injury,Angle (Other),,"[""Intersection Related"",""Pedestrian"",""Older Driver (55-64)""]",0,0,1,0,1,"[""Failure to Yield"",""No Contributing Factors""]",,Clear,Dry,Daylight,33.753591,-84.383124
8/21/15 17:33,Atlanta Police Department,Fulton,Atlanta,Baker St,Baker St and Luckie St,(O) No Injury,Head On,,"[""Intersection Related"",""Pedestrian""]",0,0,0,0,1,"[""Failure to Yield"",""No Contributing Factors""]",,Clear,Dry,Daylight,33.761984,-84.395089
5/16/15 10:25,Atlanta Police Department,Fulton,Atlanta,Peachtree St,Peachtree St and Peachtree Cir,(B) Suspected Minor/Visible Injury,Angle (Other),,"[""Intersection Related"",""Bicycle"",""Improper Occupant Protection""]",0,0,1,0,2,"[""Other"",""Other""]",,Clear,Dry,Daylight,33.795788,-84.387619
11/14/15 13:18,Atlanta Police Department,Fulton,Atlanta,Cleveland Ave Sw Ave,Beeler Dr and Cleveland Ave Sw Ave,(C) Possible Injury / Complaint,Not a Collision with Motor Vehicle,,"[""Intersection Related"",""Pedestrian"",""Distracted Driver (Suspected)""]",0,0,0,1,1,"[""No Contributing Factors"",""Other""]",,Clear,Dry,Daylight,33.68115,-84.401077
8/20/15 16:55,Atlanta Police Department,Fulton,Atlanta,436 Lindsey Dr,,(O) No Injury,Angle (Other),,Pedestrian,0,0,0,0,1,No Contributing Factors,,Cloudy,Wet,Daylight,33.694673,-84.374698
5/16/15 13:49,Atlanta Police Department,Fulton,Atlanta,Peachtree Rd,Lenox Rd and Peachtree Rd,(B) Suspected Minor/Visible Injury,Not a Collision with Motor Vehicle,,"[""Intersection Related"",""Pedestrian""]",0,0,1,0,1,"[""Failure to Yield"",""No Contributing Factors""]",,Clear,Dry,Daylight,33.850516,-84.362026
5/16/15 18:16,Atlanta Police Department,Fulton,Atlanta,Peachtree Rd,Peachtree Rd and Peachtree Way,(C) Possible Injury / Complaint,Not a Collision with Motor Vehicle,,"[""Intersection Related"",""Older Driver (65+)"",""Pedestrian""]",0,0,0,1,1,"[""Failure to Yield"",""No Contributing Factors""]",,Clear,Dry,Daylight,33.827562,-84.387455
5/3/15 17:00,Atlanta Police Department,Fulton,Atlanta,Hank Aaron Dr,Haygood Ave and Hank Aaron Dr,(B) Suspected Minor/Visible Injury,Not a Collision with Motor Vehicle,,"[""Intersection Related"",""Pedestrian"",""Distracted Driver (Suspected)"",""Older Driver (55-64)""]",0,0,1,0,1,No Contributing Factors,,Clear,Dry,Daylight,33.726568,-84.388042
5/7/15 21:02,Atlanta Police Department,Fulton,Atlanta,2365 Peachtree Rd,2365 Peachtree Rd and Peachtree Battle Ave,(C) Possible Injury / Complaint,Angle (Other),,"[""Intersection Related"",""Hit & Run"",""Pedestrian"",""Young Driver (Age 15-19)""]",0,0,0,1,3,"[""Improper Backing"",""No Contributing Factors"",""No Contributing Factors""]",,Clear,Dry,Dark-Lighted,33.819654,-84.388498
3/26/15 8:30,Atlanta Police Department,Fulton,Atlanta,54 Joseph E Lowery Blvd,Washington Pl and 54 Joseph E Lowery Blvd,(A) Suspected Serious Injury,Not a Collision with Motor Vehicle,,"[""Intersection Related"",""Pedestrian"",""Distracted Driver (Suspected)""]",0,1,0,0,1,"[""No Contributing Factors"",""No Contributing Factors""]",,Clear,Dry,Daylight,33.753351,-84.417549
9/17/15 22:34,Atlanta Police Department,Fulton,Atlanta,Hamilton E Holmes Dr Nw Dr,Baker Ridge Dr and Hamilton E Holmes Dr Nw Dr,(A) Suspected Serious Injury,Not a Collision with Motor Vehicle,,"[""Pedestrian"",""Distracted Driver (Suspected)""]",0,1,0,0,1,"[""No Contributing Factors"",""Other""]",,Clear,Dry,Dark-Lighted,33.770704,-84.473363
4/30/15 11:23,Atlanta Police Department,Fulton,Atlanta,Lindbergh Dr,Piedmont Rd and Lindbergh Dr,(C) Possible Injury / Complaint,Not a Collision with Motor Vehicle,,"[""Intersection Related"",""Bicycle"",""Older Driver (55-64)"",""Improper Occupant Protection""]",0,0,0,1,2,"[""Disregard Stop Sign/Signal"",""Failure to Yield""]",,Clear,Dry,Daylight,33.821432,-84.367314
5/17/15 1:45,Atlanta Police Department,Fulton,Atlanta,Angier Ave,Pine St and Angier Ave,(C) Possible Injury / Complaint,Not a Collision with Motor Vehicle,,"[""Intersection Related"",""Hit & Run"",""Pedestrian"",""Distracted Driver (Suspected)""]",0,0,0,1,2,"[""No Contributing Factors"",""No Contributing Factors"",""Other""]",,Clear,Dry,Dark-Lighted,33.767297,-84.377785
9/20/13 8:56,Georgia Tech Police Department,Fulton,Atlanta,Ferst Dr,State St and Ferst Dr,(O) No Injury,(None),,"[""Intersection Related"",""Roadway Departure"",""Bicycle"",""Improper Occupant Protection""]",0,0,0,0,2,"[""Disregard Stop Sign/Signal"",""No Contributing Factors""]",,(None),(None),(None),33.778272,-84.399225
6/23/13 14:13,Georgia Tech Police Department,Fulton,Atlanta,Ferst Dr,Ferst Dr and Fowler St,(B) Suspected Minor/Visible Injury,Angle (Other),,"[""Intersection Related"",""Bicycle"",""Older Driver (55-64)"",""Improper Occupant Protection""]",0,0,1,0,2,"[""Failure to Yield"",""No Contributing Factors""]",,Clear,Dry,Daylight,33.776912,-84.393625
3/17/13 21:15,Atlanta Police Department,Fulton,Atlanta,2020 Dodson Dr,,(O) No Injury,Not a Collision with Motor Vehicle,,"[""Intersection Related"",""Pedestrian"",""Distracted Driver (Suspected)"",""Improper Occupant Protection""]",0,0,0,0,1,"[""Other"",""Other""]",,Clear,Dry,Dark-Lighted,33.699701,-84.475135
9/14/13 21:34,Atlanta Police Department,Fulton,Atlanta,Archer St Swarcher St,Wellington St and Archer St Swarcher St,(B) Suspected Minor/Visible Injury,Angle (Other),,"[""Intersection Related"",""Bicycle""]",0,0,1,0,2,"[""Improper Turn"",""No Contributing Factors""]",,Clear,Dry,Daylight,33.75091,-84.438237
6/3/13 15:05,Atlanta Police Department,Fulton,Atlanta,88 Vanira Ave,Fern St and 88 Vanira Ave,(B) Suspected Minor/Visible Injury,Not a Collision with Motor Vehicle,,"[""Intersection Related"",""Pedestrian"",""Distracted Driver (Suspected)""]",0,0,1,0,1,"[""No Contributing Factors"",""Other""]",,Clear,Dry,Daylight,33.729408,-84.385141
3/11/13 7:15,Gsp Post 00,Fulton,Atlanta,Camp Creek Pkwy Sw -- E Of,,(K) Fatal Injury,Not a Collision with Motor Vehicle,,"[""Intersection Related"",""Pedestrian"",""Distracted Driver (Suspected)""]",1,0,0,0,1,"[""No Contributing Factors"",""No Contributing Factors""]",,Clear,Dry,Dark-Lighted,33.656322,-84.519803
1/23/13 7:15,Georgia Tech Police Department,Fulton,Atlanta,Fifth St,Fifth St and Techwood Dr,(O) No Injury,Not a Collision with Motor Vehicle,,"[""Intersection Related"",""Hit & Run"",""Pedestrian""]",0,0,0,0,1,"[""Disregard Stop Sign/Signal"",""No Contributing Factors""]",,Clear,Dry,Dawn,33.776894,-84.392083
3/11/13 18:04,Gsp Post 00,Fulton,Atlanta,I 85,,(B) Suspected Minor/Visible Injury,Not a Collision with Motor Vehicle,,"[""Older Driver (65+)"",""Pedestrian"",""Distracted Driver (Suspected)""]",0,0,1,0,1,"[""No Contributing Factors"",""No Contributing Factors""]",,Rain,Wet,Daylight,33.761299,-84.381996
11/3/13 18:45,Atlanta Police Department,Fulton,Atlanta,S Gordon St Sw   Westmeath Dr,Westmeath Dr and S Gordon St Sw   Westmeath Dr,(B) Suspected Minor/Visible Injury,Head On,,"[""Intersection Related"",""Pedestrian"",""Distracted Driver (Suspected)""]",0,0,1,0,1,"[""No Contributing Factors"",""Other""]",,Clear,Dry,Dark-Lighted,33.739404,-84.446113
9/23/13 8:20,Atlanta Police Department,DeKalb,Atlanta,554 Brownwood Ave,,(B) Suspected Minor/Visible Injury,Head On,,"[""Intersection Related"",""Older Driver (65+)"",""Pedestrian""]",0,0,1,0,1,Failure to Yield,,Clear,Dry,Daylight,33.739196,-84.348026
4/27/13 2:07,Atlanta Police Department,Fulton,Atlanta,1359 Piedmont Ave,,(A) Suspected Serious Injury,Sideswipe-Same Direction,,"[""Distracted Driver (Confirmed)"",""Bicycle"",""Improper Occupant Protection""]",0,1,0,0,2,,,Clear,Dry,Dark-Lighted,33.790806,-84.374901
9/10/13 15:45,Atlanta Police Department,Fulton,Atlanta,Old Hapeville Rd,Cleveland Ave and Old Hapeville Rd,(C) Possible Injury / Complaint,Not a Collision with Motor Vehicle,,"[""Intersection Related"",""Hit & Run"",""Pedestrian"",""Distracted Driver (Suspected)""]",0,0,0,1,1,"[""No Contributing Factors"",""Reaction to Object or Animal""]",,Clear,Dry,Daylight,33.68119,-84.393749
12/5/13 17:19,Atlanta Police Department,Fulton,Atlanta,143 Courtland St,,(O) No Injury,Not a Collision with Motor Vehicle,,"[""Intersection Related"",""Pedestrian"",""Older Driver (55-64)""]",0,0,0,0,1,"[""Failure to Yield"",""No Contributing Factors""]",,Rain,Wet,Dark-Lighted,33.758189,-84.384224
1/16/13 21:07,Atlanta Police Department,DeKalb,Atlanta,Glenwood Ave Se   E Lake Blvd,E Lake Blvd and Glenwood Ave Se   E Lake Blvd,(C) Possible Injury / Complaint,Not a Collision with Motor Vehicle,,"[""Intersection Related"",""Pedestrian"",""Distracted Driver (Suspected)""]",0,0,0,1,1,"[""Other"",""Other""]",,Rain,Wet,Dark-Lighted,33.740138,-84.313779
4/29/13 14:13,Atlanta Police Department,Fulton,Atlanta,127 N Ave,,(C) Possible Injury / Complaint,Not a Collision with Motor Vehicle,,"[""Intersection Related"",""Pedestrian"",""Older Driver (55-64)""]",0,0,0,1,1,"[""Failure to Yield"",""No Contributing Factors""]",,Clear,Dry,Daylight,33.77128,-84.383434
7/14/13 9:54,Atlanta Police Department,Fulton,Atlanta,200 Pharr Rd,Peachtree Rd and 200 Pharr Rd,(B) Suspected Minor/Visible Injury,Not a Collision with Motor Vehicle,,"[""Intersection Related"",""Roadway Departure"",""Pedestrian"",""Older Driver (55-64)""]",0,0,1,0,1,"[""Misjudged Clearance"",""No Contributing Factors""]",,Clear,Dry,Daylight,33.837091,-84.380951
4/26/13 18:15,Atlanta Police Department,DeKalb,Atlanta,130 Mayson Ave,Hardee St and 130 Mayson Ave,(O) No Injury,Not a Collision with Motor Vehicle,,"[""Intersection Related"",""Pedestrian"",""Distracted Driver (Suspected)""]",0,0,0,0,1,"[""No Contributing Factors"",""Other""]",,Clear,Dry,Daylight,33.755408,-84.338645
11/23/13 2:50,Atlanta Police Department,Fulton,Atlanta,3180 Roswell Rd,,(B) Suspected Minor/Visible Injury,Not a Collision with Motor Vehicle,,"[""Pedestrian"",""Distracted Driver (Suspected)""]",0,0,1,0,1,"[""No Contributing Factors"",""Reaction to Object or Animal""]",,Cloudy,Wet,Dark-Lighted,33.841544,-84.378999
1/18/13 23:27,Atlanta Police Department,DeKalb,Atlanta,668 Brownwood Ave,Pickens St and 668 Brownwood Ave,(B) Suspected Minor/Visible Injury,Not a Collision with Motor Vehicle,,"[""Intersection Related"",""Hit & Run"",""Pedestrian"",""Improper Occupant Protection""]",0,0,1,0,1,"[""Misjudged Clearance"",""Other""]",,Rain,Wet,Dark-Not Lighted,33.735778,-84.348051
9/12/13 9:35,Atlanta Police Department,Fulton,Atlanta,Peachtree Center Ave,Peachtree Center Ave and John Wesley Dobbs Ave,(C) Possible Injury / Complaint,Head On,,"[""Intersection Related"",""Pedestrian""]",0,0,0,1,1,Failure to Yield,,Clear,Dry,(None),33.757168,-84.386103
8/27/13 13:52,Atlanta Police Department,Fulton,Atlanta,1251 Pryor Rd,,(C) Possible Injury / Complaint,Not a Collision with Motor Vehicle,,Pedestrian,0,0,0,1,1,"[""Misjudged Clearance"",""No Contributing Factors""]",,Clear,Dry,Daylight,33.720674,-84.393384
4/19/13 10:32,Atlanta Police Department,Fulton,Atlanta,31 Peachtree St,Alabama St and 31 Peachtree St,(C) Possible Injury / Complaint,Not a Collision with Motor Vehicle,,"[""Intersection Related"",""Pedestrian"",""Distracted Driver (Suspected)""]",0,0,0,1,1,"[""No Contributing Factors"",""Other"",""Other""]",,Rain,Wet,Daylight,33.753076,-84.39135
9/30/13 11:20,Atlanta Police Department,Fulton,Atlanta,2263 Metropolitan Pkwy,,(C) Possible Injury / Complaint,Angle (Other),,"[""Intersection Related"",""CMV Related"",""Older Driver (65+)"",""Pedestrian""]",0,0,0,2,2,"[""Misjudged Clearance"",""No Contributing Factors"",""No Contributing Factors""]",,Clear,Dry,Daylight,33.693924,-84.408153
5/1/13 22:28,Atlanta Police Department,Fulton,Atlanta,660 Peachtree St Ne Fox Theater,,(B) Suspected Minor/Visible Injury,Not a Collision with Motor Vehicle,,"[""Distracted Driver (Confirmed)"",""Pedestrian"",""Older Driver (55-64)""]",0,0,1,0,1,"[""Inattentive or Other Distraction (Distracted)"",""No Contributing Factors""]",,Clear,Dry,Dark-Lighted,33.772574,-84.38488
7/31/13 11:13,Atlanta Police Department,Fulton,Atlanta,Decatur St,Decatur St and Jesse Hill Jr Dr,(O) No Injury,Angle (Other),,"[""Intersection Related"",""Pedestrian"",""Young Adult Driver (Age 20-24)""]",0,0,0,0,1,Disregard Stop Sign/Signal,,Clear,Dry,Daylight,33.750601,-84.384181
4/15/13 19:20,Atlanta Police Department,Fulton,Atlanta,Hosea L Williams,Moreland Ave and Hosea L Williams,(C) Possible Injury / Complaint,Sideswipe-Same Direction,,"[""Intersection Related"",""Pedestrian""]",0,0,0,1,1,"[""Failure to Yield"",""No Contributing Factors""]",,Clear,Dry,Daylight,33.753541,-84.349209
6/17/13 6:15,Atlanta Police Department,Fulton,Atlanta,Main St,Main St and Magnolia Ln,(O) No Injury,Not a Collision with Motor Vehicle,,"[""Older Driver (65+)"",""Pedestrian""]",0,0,0,0,1,"[""Failure to Yield"",""Other""]",,Rain,Wet,Dawn,33.822435,-84.368139
7/12/13 22:40,Atlanta Police Department,Fulton,Atlanta,3709 Campbellton Rd,,(B) Suspected Minor/Visible Injury,Not a Collision with Motor Vehicle,,"[""Distracted Driver (Confirmed)"",""Hit & Run"",""Pedestrian"",""Impaired (Suspected)""]",0,0,1,0,1,"[""Inattentive or Other Distraction (Distracted)"",""No Contributing Factors""]",,Clear,Dry,Dark-Not Lighted,33.690324,-84.509723
6/2/13 21:04,Atlanta Police Department,Fulton,Atlanta,N Highland Ave,Drewry St and N Highland Ave,(B) Suspected Minor/Visible Injury,Head On,,"[""Intersection Related"",""Pedestrian"",""Older Driver (55-64)""]",0,0,1,0,1,"[""Failure to Yield"",""No Contributing Factors""]",,Rain,Wet,Dark-Lighted,33.777975,-84.352698
6/27/13 13:40,Atlanta Police Department,Fulton,Atlanta,810 Oak St,,(C) Possible Injury / Complaint,Not a Collision with Motor Vehicle,,"[""Hit & Run"",""Pedestrian"",""Distracted Driver (Suspected)""]",0,0,0,1,1,No Contributing Factors,,Clear,Dry,Daylight,33.779594,-84.463184
9/27/13 11:25,Atlanta Police Department,Fulton,Atlanta,Peachtree Rd,Maple Dr and Peachtree Rd,(C) Possible Injury / Complaint,Angle (Other),,"[""Intersection Related"",""Pedestrian""]",0,0,0,1,1,"[""Misjudged Clearance"",""No Contributing Factors""]",,Clear,Dry,Daylight,33.843112,-84.372656
10/27/13 16:49,Atlanta Police Department,Fulton,Atlanta,Sells Ave,Sells Ave and Peeples St,(O) No Injury,Head On,,"[""Intersection Related"",""Roadway Departure"",""Hit & Run"",""Pedestrian"",""Distracted Driver (Suspected)""]",0,0,0,0,1,"[""Driver Lost Control"",""No Contributing Factors"",""No Contributing Factors""]",,Cloudy,Dry,Daylight,33.745364,-84.420578
4/9/13 9:34,Atlanta Police Department,DeKalb,Atlanta,Hosea L Williams Dr,Montgomery St and Hosea L Williams Dr,(B) Suspected Minor/Visible Injury,Angle (Other),,"[""Intersection Related"",""Bicycle"",""Improper Occupant Protection""]",0,0,1,0,2,,,Clear,Dry,Daylight,33.753434,-84.339676
8/23/13 13:20,Atlanta Police Department,Fulton,Atlanta,Joseph E Boone Blvd,W Lake Ave and Joseph E Boone Blvd,(C) Possible Injury / Complaint,Sideswipe-Opposite Direction,,"[""Intersection Related"",""Hit & Run"",""Pedestrian"",""Distracted Driver (Suspected)""]",0,0,0,1,1,"[""Other"",""Other""]",,Clear,Dry,Daylight,33.763587,-84.440732
11/4/13 19:02,Atlanta Police Department,Fulton,Atlanta,Peachtree Rd,Lenox Pkwy and Peachtree Rd,(O) No Injury,Sideswipe-Same Direction,,"[""Distracted Driver (Confirmed)"",""Bicycle""]",0,0,0,0,2,"[""Inattentive or Other Distraction (Distracted)"",""No Contributing Factors""]",,Clear,Dry,Dark-Lighted,33.849187,-84.363845
9/11/13 19:00,Atlanta Police Department,Fulton,Atlanta,2051 Donald Lee Hollowell Pkwy,N Eugenia Pl and 2051 Donald Lee Hollowell Pkwy,(A) Suspected Serious Injury,Not a Collision with Motor Vehicle,,"[""Intersection Related"",""Distracted Driver (Confirmed)"",""Pedestrian""]",0,1,0,0,1,"[""Inattentive or Other Distraction (Distracted)"",""No Contributing Factors""]",,Clear,Dry,Daylight,33.776724,-84.452453
11/11/13 18:21,Atlanta Police Department,Fulton,Atlanta,Peachtree Cir,Peachtree St and Peachtree Cir,(A) Suspected Serious Injury,Angle (Other),,"[""Intersection Related"",""Bicycle"",""Improper Occupant Protection""]",0,1,0,0,2,,,Clear,Dry,Dark-Lighted,33.795804,-84.387733
9/7/13 11:40,Atlanta Police Department,Fulton,Atlanta,336 Joseph E Lowery Blvd,Joseph E Boone Blvd and 336 Joseph E Lowery Blvd,(A) Suspected Serious Injury,Angle (Other),,"[""Intersection Related"",""Pedestrian""]",0,1,0,0,1,Other,,Clear,Dry,Daylight,33.76346,-84.417479
11/9/13 18:45,Atlanta Police Department,Fulton,Atlanta,Peachtree Rd,Peachtree Rd and Peachtree Valley Rd,(B) Suspected Minor/Visible Injury,Not a Collision with Motor Vehicle,,"[""Intersection Related"",""Pedestrian"",""Young Adult Driver (Age 20-24)""]",0,0,1,0,1,"[""Failure to Yield"",""No Contributing Factors""]",,Clear,Dry,Dark-Lighted,33.810965,-84.392492
1/14/13 9:50,Atlanta Police Department,Fulton,Atlanta,Peachtree Rd,Bolling Way and Peachtree Rd,(C) Possible Injury / Complaint,Not a Collision with Motor Vehicle,,"[""Intersection Related"",""CMV Related"",""Pedestrian""]",0,0,0,1,1,"[""Misjudged Clearance"",""Other""]",,Rain,Wet,Daylight,33.840109,-84.378491
6/15/13 9:45,Georgia Tech Police Department,Fulton,Atlanta,Fifth St,Fifth St and Fowler St,(B) Suspected Minor/Visible Injury,Angle (Other),,Bicycle,0,0,1,0,2,"[""Improper Turn"",""No Contributing Factors""]",,Clear,Dry,Daylight,33.776901,-84.393074
7/11/13 8:27,Atlanta Police Department,Fulton,Atlanta,W Paces Ferry Rd,Wood Valley Rd and W Paces Ferry Rd,(B) Suspected Minor/Visible Injury,Not a Collision with Motor Vehicle,,"[""Aggressive Driving"",""Pedestrian""]",0,0,1,0,1,"[""Improper Passing"",""No Contributing Factors""]",,Cloudy,Dry,Daylight,33.849242,-84.412821
7/7/16 21:14,Atlanta Police Department,Fulton,Atlanta,Mecaslin St,17Th St and Mecaslin St,(C) Possible Injury / Complaint,Not a Collision with Motor Vehicle,,"[""Intersection Related"",""Distracted Driver (Confirmed)"",""Pedestrian""]",0,0,0,1,1,"[""Inattentive or Other Distraction (Distracted)"",""No Contributing Factors""]",,Clear,Dry,Dark-Lighted,33.790848,-84.401285
9/9/16 19:36,Atlanta Police Department,Fulton,Atlanta,Metropolitan Pkwy,Perkerson Rd and Metropolitan Pkwy,(B) Suspected Minor/Visible Injury,Not a Collision with Motor Vehicle,,"[""Intersection Related"",""Pedestrian""]",0,0,1,0,1,"[""Disregard Stop Sign/Signal"",""No Contributing Factors""]",,Clear,Dry,Daylight,33.685484,-84.40821
9/13/16 13:50,Georgia Tech Police Department,Fulton,Atlanta,Feresty Dr,Fowler St and Feresty Dr,(B) Suspected Minor/Visible Injury,Angle (Other),,"[""Bicycle"",""Improper Occupant Protection""]",0,0,1,0,2,"[""Driver Lost Control"",""Other""]",,Clear,Dry,Daylight,33.776917,-84.393861
4/19/16 19:44,Atlanta Police Department,Fulton,Atlanta,Moton Ave Sw   University Ave,University Ave and Moton Ave Sw   University Ave,(B) Suspected Minor/Visible Injury,Head On,,"[""Intersection Related"",""Hit & Run"",""Motorcycle"",""Pedestrian"",""Distracted Driver (Suspected)"",""Improper Occupant Protection""]",0,0,1,0,1,"[""Driver Lost Control"",""No Contributing Factors""]",,Clear,Dry,Daylight,33.722125,-84.396752
10/12/16 23:39,Atlanta Police Department,Fulton,Atlanta,2507 Oldknow Dr,,(C) Possible Injury / Complaint,Not a Collision with Motor Vehicle,,"[""Hit & Run"",""Pedestrian"",""Distracted Driver (Suspected)""]",0,0,0,1,1,"[""No Contributing Factors"",""No Contributing Factors""]",,Clear,Dry,Dark-Lighted,33.77172,-84.468871
5/18/16 16:35,Atlanta Police Department,Fulton,Atlanta,Ponce De Leon Ave,Glen Iris Dr and Ponce De Leon Ave,(B) Suspected Minor/Visible Injury,Angle (Other),,"[""Intersection Related"",""Bicycle"",""Improper Occupant Protection""]",0,0,1,0,2,"[""Failure to Yield"",""No Contributing Factors""]",,Clear,Dry,Daylight,33.773444,-84.366813
1/9/16 20:20,Atlanta Police Department,Fulton,Atlanta,Sr 400,Sr 400 and Lenox Rd,(C) Possible Injury / Complaint,Rear End,,"[""Hit & Run"",""Pedestrian"",""Distracted Driver (Suspected)""]",0,0,0,2,3,"[""Following Too Close"",""No Contributing Factors""]",,Rain,Wet,Dark-Lighted,33.848578,-84.368424
5/17/16 7:30,Atlanta Police Department,Fulton,Atlanta,Spring St,10Th St and Spring St,(O) No Injury,Not a Collision with Motor Vehicle,,"[""Intersection Related"",""Older Driver (65+)"",""Pedestrian""]",0,0,0,0,1,"[""Disregard Stop Sign/Signal"",""No Contributing Factors""]",,Rain,Wet,Daylight,33.781396,-84.389149
11/28/16 13:06,Atlanta Police Department,Fulton,Atlanta,Morosgo Dr Ne   Piedmont Rd,Piedmont Rd and Morosgo Dr Ne   Piedmont Rd,(O) No Injury,Not a Collision with Motor Vehicle,,"[""Intersection Related"",""Pedestrian"",""Young Adult Driver (Age 20-24)"",""Distracted Driver (Suspected)""]",0,0,0,0,1,No Contributing Factors,,(None),Dry,Daylight,33.823583,-84.367199
8/3/16 13:03,Atlanta Police Department,Fulton,Atlanta,Edgewood Ave,Jesse Hl and Edgewood Ave,(A) Suspected Serious Injury,Head On,,"[""Intersection Related"",""Bicycle"",""Distracted Driver (Suspected)""]",0,2,0,0,2,"[""No Contributing Factors"",""No Contributing Factors""]",,Clear,Dry,Daylight,33.75437,-84.380311
1/1/16 15:56,Atlanta Police Department,Fulton,Atlanta,Tell Rd,Tell Rd and Fairburn Rd,(O) No Injury,Not a Collision with Motor Vehicle,,"[""Intersection Related"",""Pedestrian""]",0,0,0,0,1,"[""No Contributing Factors"",""Other""]",,Cloudy,Dry,Daylight,33.680212,-84.515899
9/18/16 10:45,Atlanta Police Department,Fulton,Atlanta,Lenox Rd,Lenox Rd and Peachtree Rd,(B) Suspected Minor/Visible Injury,Not a Collision with Motor Vehicle,,"[""Intersection Related"",""Hit & Run"",""Pedestrian""]",0,0,2,0,2,"[""Failure to Yield"",""No Contributing Factors"",""No Contributing Factors""]",,Rain,Wet,Daylight,33.850588,-84.362306
3/8/16 8:50,Atlanta Police Department,Fulton,Atlanta,2045 Peachtree Rd,,(O) No Injury,Not a Collision with Motor Vehicle,,"[""Roadway Departure"",""Pedestrian"",""Distracted Driver (Suspected)""]",0,0,0,0,1,"[""No Contributing Factors"",""No Contributing Factors""]",,Clear,Dry,Daylight,33.810918,-84.392056
12/2/16 10:59,Atlanta Police Department,Fulton,Atlanta,Moreland Ave,Moreland Ave and E Confederate Ave,(C) Possible Injury / Complaint,Head On,,"[""Intersection Related"",""Distracted Driver (Confirmed)"",""Hit & Run"",""Older Driver (65+)"",""Pedestrian""]",0,0,0,2,3,"[""Inattentive or Other Distraction (Distracted)"",""No Contributing Factors"",""No Contributing Factors""]",,Clear,Dry,Daylight,33.723944,-84.349455
8/31/16 16:59,Atlanta Police Department,Fulton,Atlanta,265 Pharr Rd,265 Pharr Rd and N Fultton Ave,(C) Possible Injury / Complaint,Sideswipe-Same Direction,,"[""Pedestrian"",""Young Adult Driver (Age 20-24)""]",0,0,0,1,1,"[""Improper Turn"",""Other""]",,Clear,Dry,Daylight,33.83705,-84.378551