Date and Time,Agency Name (Crash Level) ,Area: County,Area: City,Roadway (From Crash Report),Intersection Name (from Crash Report),KABCO Severity,Manner of Collision (Crash Level) ,First Harmful Event (Crash Level) ,SHSP Emphasis Areas,# of Fatalities (Person Table),# Serious Injuries,# Visible Injuries,# Complaint Injuries,# of Vehicles,Operator / Driver Contributing Factor -old,Roadway Contributing Factors (Crash Level) ,Weather Conditions (Crash Level),Surface Condition (Crash Level) ,Light Conditions (Crash Level),Latitude ,Longitude
1/1/16 3:50,Gsp Post 00,Fulton,Atlanta,Buford Hwy,I 1 and Buford Hwy,(O) No Injury,Angle (Other),,"[""Intersection Related"",""Aggressive Driving"",""Roadway Departure"",""Hit & Run"",""Pedestrian"",""Impaired Driving (Confirmed)"",""Speed Related""]",0,0,0,0,1,"[""Changed Lanes Improperly"",""No Contributing Factors""]",,Clear,Dry,Dark-Lighted,33.824221,-84.356089
12/29/16 17:35,Atlanta Police Department,Fulton,Atlanta,1351 Lockwood Dr,Tracy St and 1351 Lockwood Dr,(A) Suspected Serious Injury,Head On,,"[""Aggressive Driving"",""Hit & Run"",""Pedestrian"",""Impaired (Suspected)"",""Speed Related"",""Improper Occupant Protection""]",0,1,0,0,1,"[""No Contributing Factors"",""Too Fast for Conditions""]",,Clear,Dry,Daylight,33.718367,-84.4388
8/30/16 17:35,Georgia Tech Police Department,Fulton,Atlanta,Fifth St,Fifth St and Spring St,(O) No Injury,(None),,"[""Intersection Related"",""Bicycle""]",0,0,0,0,2,"[""Following Too Close"",""No Contributing Factors""]",,(None),(None),Daylight,33.776844,-84.389105
4/16/16 18:26,Atlanta Police Department,Fulton,Atlanta,Tennelle St,Berean Ave and Tennelle St,(O) No Injury,Rear End,,"[""Aggressive Driving"",""Bicycle""]",0,0,0,0,2,"[""Improper Passing"",""Parked Improperly""]",,Clear,Dry,Daylight,33.751041,-84.367124
2/26/16 8:00,Atlanta Police Department,Fulton,Atlanta,Martin Luther King Jr Dr,Morris Brown Dr and Martin Luther King Jr Dr,(B) Suspected Minor/Visible Injury,Not a Collision with Motor Vehicle,,"[""Intersection Related"",""Hit & Run"",""Pedestrian""]",0,0,1,0,1,"[""Failure to Yield"",""No Contributing Factors""]",,Cloudy,Dry,Daylight,33.754142,-84.424446
8/6/16 21:03,Atlanta Police Department,Fulton,Atlanta,Lakemoore Dr,Roswell Rd and Lakemoore Dr,(B) Suspected Minor/Visible Injury,Not a Collision with Motor Vehicle,,"[""Intersection Related"",""Distracted Driver (Confirmed)"",""Hit & Run"",""Pedestrian""]",0,0,1,0,1,"[""Inattentive or Other Distraction (Distracted)"",""No Contributing Factors""]",,Clear,Dry,Dark-Lighted,33.864789,-84.380688
6/18/16 7:51,Atlanta Police Department,Fulton,Atlanta,Peachtree Rd,W Wesley Rd and Peachtree Rd,(B) Suspected Minor/Visible Injury,Not a Collision with Motor Vehicle,,"[""Intersection Related"",""Older Driver (65+)"",""Pedestrian""]",0,0,1,0,1,"[""Failure to Yield"",""No Contributing Factors""]",,Cloudy,Dry,Daylight,33.829405,-84.38744
4/2/16 14:38,Chamblee Police Department,DeKalb,Atlanta,Dooley Dr,Dooley Dr and Starvine Way,(B) Suspected Minor/Visible Injury,Not a Collision with Motor Vehicle,,"[""Pedestrian"",""Young Adult Driver (Age 20-24)""]",0,0,1,0,1,"[""Disregard Stop Sign/Signal"",""No Contributing Factors""]",,Clear,Dry,Daylight,33.798387,-84.307693
9/15/16 11:23,Atlanta Police Department,Fulton,Atlanta,1840 Campbellton Rd,,(O) No Injury,Rear End,,"[""Hit & Run"",""Pedestrian"",""Impaired (Suspected)"",""Distracted Driver (Suspected)""]",0,0,0,0,3,,,Clear,Dry,Daylight,33.710113,-84.448249
3/1/16 12:47,Atlanta Police Department,Fulton,Atlanta,Ponce De Leon Ave,Piedmont Ave and Ponce De Leon Ave,(O) No Injury,Rear End,,"[""Intersection Related"",""Bicycle""]",0,0,0,0,2,"[""Following Too Close"",""No Contributing Factors""]",,Cloudy,Dry,Daylight,33.772495,-84.381782
1/1/16 14:30,Atlanta Police Department,Fulton,Atlanta,3534 Martin Luther King Jr Dr,Fairburn Rd and 3534 Martin Luther King Jr Dr,(B) Suspected Minor/Visible Injury,Head On,,"[""Pedestrian"",""Young Adult Driver (Age 20-24)"",""Distracted Driver (Suspected)""]",0,0,1,3,3,"[""No Contributing Factors"",""No Contributing Factors"",""No Contributing Factors"",""Other""]",,Clear,Dry,Daylight,33.757918,-84.502968
12/3/16 0:00,Dekalb Co Police Department,Fulton,Atlanta,Moreland Ave,Custer Ave and Moreland Ave,(A) Suspected Serious Injury,Not a Collision with Motor Vehicle,,"[""Hit & Run"",""Pedestrian""]",0,1,0,0,1,"[""Failure to Yield"",""No Contributing Factors""]",,Rain,Wet,Dark-Lighted,33.716874,-84.349517
8/19/16 15:57,Atlanta Police Department,Fulton,Atlanta,Donald Lee Hollowell Pkwy,Whitaker St and Donald Lee Hollowell Pkwy,(B) Suspected Minor/Visible Injury,Not a Collision with Motor Vehicle,,"[""Intersection Related"",""Pedestrian"",""Distracted Driver (Suspected)""]",0,0,2,0,1,"[""No Contributing Factors"",""No Contributing Factors""]",,Cloudy,Dry,Daylight,33.773106,-84.418466
10/25/16 8:15,Atlanta Police Department,Fulton,Atlanta,2038 Verbena St,Howard St and 2038 Verbena St,(C) Possible Injury / Complaint,Sideswipe-Same Direction,,"[""Hit & Run"",""Pedestrian""]",0,0,0,1,1,"[""No Contributing Factors"",""Other""]",,Clear,Dry,Daylight,33.754044,-84.452783
2/26/16 18:10,Atlanta Police Department,Fulton,Atlanta,3414 Peachtree Rd,,(C) Possible Injury / Complaint,Not a Collision with Motor Vehicle,,Pedestrian,0,0,0,1,1,"[""Failure to Yield"",""Other""]",,Clear,Dry,Daylight,33.849293,-84.363575
5/13/16 16:25,Atlanta Police Department,Fulton,Atlanta,1953 Donald Lee Hollowell Pkwy,,(B) Suspected Minor/Visible Injury,Not a Collision with Motor Vehicle,,"[""Pedestrian"",""Distracted Driver (Suspected)""]",0,0,1,0,1,"[""Other"",""Other""]",,Clear,Dry,Daylight,33.7758,-84.448598
1/15/16 12:04,Georgia Tech Police Department,Fulton,Atlanta,Hemphill Ave,Eight St and Hemphill Ave,(O) No Injury,Sideswipe-Same Direction,,"[""Intersection Related"",""Bicycle""]",0,0,0,0,2,"[""Improper Turn"",""No Contributing Factors""]",,Rain,Wet,Daylight,33.779694,-84.402511
8/31/16 12:50,Atlanta Police Department,Fulton,Atlanta,Ralph D Abernathy Blvd,Murphy Ave and Ralph D Abernathy Blvd,(O) No Injury,Not a Collision with Motor Vehicle,,"[""Intersection Related"",""Pedestrian""]",0,0,0,0,1,"[""Failure to Yield"",""No Contributing Factors""]",,(None),Dry,Daylight,33.738251,-84.412341
9/12/16 20:53,Atlanta Police Department,Fulton,Atlanta,Williams St Nw   10Th St,10Th St and Williams St Nw   10Th St,(C) Possible Injury / Complaint,Not a Collision with Motor Vehicle,,"[""Intersection Related"",""Hit & Run"",""Bicycle"",""Distracted Driver (Suspected)""]",0,0,0,1,2,"[""No Contributing Factors"",""Other""]",,Clear,Dry,Dark-Lighted,33.781471,-84.390437
12/6/16 17:42,Atlanta Police Department,Fulton,Atlanta,Monroe Dr,Monroe Dr and Ponce De Leon Ave,(O) No Injury,Angle (Other),,"[""Intersection Related"",""Distracted Driver (Confirmed)"",""Hit & Run"",""Pedestrian""]",0,0,0,0,1,"[""Inattentive or Other Distraction (Distracted)"",""Misjudged Clearance""]",,Cloudy,Dry,Dusk,33.773662,-84.370917
1/24/16 21:40,Atlanta Police Department,Fulton,Atlanta,Ponce De Leon Ave,Frederica St and Ponce De Leon Ave,(B) Suspected Minor/Visible Injury,Not a Collision with Motor Vehicle,,"[""Intersection Related"",""Pedestrian""]",0,0,1,0,1,"[""Disregard Stop Sign/Signal"",""No Contributing Factors""]",,Clear,Dry,Dark-Lighted,33.773824,-84.355598
11/27/16 1:15,Atlanta Police Department,DeKalb,Atlanta,529 Flat Shoals Ave,,(O) No Injury,Not a Collision with Motor Vehicle,,"[""Intersection Related"",""Hit & Run"",""Pedestrian"",""Distracted Driver (Suspected)""]",0,0,0,0,1,"[""No Contributing Factors"",""Other""]",,Clear,Dry,Dark-Lighted,33.74015,-84.345367
8/5/16 21:39,Atlanta Police Department,Fulton,Atlanta,Moreland Ave,Delaware Ave and Moreland Ave,(O) No Injury,Rear End,,"[""Intersection Related"",""Hit & Run"",""Pedestrian"",""Young Driver (Age 15-19)"",""Distracted Driver (Suspected)""]",0,0,0,0,3,"[""No Contributing Factors"",""No Contributing Factors"",""Other""]",,Clear,Dry,Dark-Lighted,33.731811,-84.349351
10/31/16 15:30,Atlanta Police Department,Fulton,Atlanta,Delmont Dr,Delmont Dr and Peachtree Rd,(O) No Injury,Not a Collision with Motor Vehicle,,"[""Intersection Related"",""Pedestrian""]",0,0,0,0,1,"[""Disregard Stop Sign/Signal"",""No Contributing Factors""]",,Clear,Dry,Daylight,33.833707,-84.38314
9/27/16 15:15,Atlanta Police Department,Fulton,Atlanta,Fairfield Pl,Fairfield Pl and Martin L King Jr Dr,(C) Possible Injury / Complaint,Not a Collision with Motor Vehicle,,Pedestrian,0,0,0,1,1,"[""Misjudged Clearance"",""Wrong Side of Road""]",,Clear,Dry,Daylight,33.752804,-84.463104
12/29/16 2:12,Gsp Post 00,Fulton,Atlanta,180 Central Ave,,(B) Suspected Minor/Visible Injury,Not a Collision with Motor Vehicle,,"[""Intersection Related"",""Pedestrian"",""Distracted Driver (Suspected)""]",0,0,1,0,1,"[""No Contributing Factors"",""No Contributing Factors""]",,Rain,Wet,Dark-Lighted,33.750791,-84.389838
11/4/16 7:50,Georgia Tech Police Department,Fulton,Atlanta,Ferst Dr,Plum St and Ferst Dr,(B) Suspected Minor/Visible Injury,Angle (Other),,Bicycle,0,0,1,0,2,"[""Failure to Yield"",""No Contributing Factors""]",,Clear,Dry,Daylight,33.778155,-84.39644
11/2/16 19:10,Atlanta Police Department,Fulton,Atlanta,114 Fairburn Rd,Fairburn Rd and 114 Fairburn Rd,(A) Suspected Serious Injury,Head On,,"[""Hit & Run"",""Pedestrian"",""Distracted Driver (Suspected)""]",0,1,0,0,1,"[""Other"",""Other""]",,Clear,Dry,Daylight,33.75368,-84.505666
7/22/16 14:00,Atlanta Police Department,Fulton,Atlanta,220 Ted Turner Dr,,(C) Possible Injury / Complaint,Angle (Other),,Pedestrian,0,0,0,1,1,"[""No Contributing Factors"",""No Contributing Factors""]",,Clear,Dry,Daylight,33.760493,-84.389061
4/1/16 21:00,Atlanta Police Department,Fulton,Atlanta,W Paces Ferry Rd,Paces Ferry Pl and W Paces Ferry Rd,(A) Suspected Serious Injury,Head On,,"[""Intersection Related"",""Pedestrian"",""Older Driver (55-64)""]",0,1,0,0,1,"[""Failure to Yield"",""No Contributing Factors""]",,Rain,Wet,Dark-Lighted,33.840399,-84.382243
9/1/16 11:47,Atlanta Police Department,Fulton,Atlanta,Amal Dr,Amal Dr and Pryor Rd,(K) Fatal Injury,Not a Collision with Motor Vehicle,,"[""Intersection Related"",""Pedestrian"",""Impaired (Suspected)"",""Distracted Driver (Suspected)""]",1,0,0,1,1,"[""No Contributing Factors"",""Other""]",,Clear,Dry,Daylight,33.706986,-84.397562
11/30/16 5:25,Atlanta Police Department,Fulton,Atlanta,437 Memorial Dr,Wood St and 437 Memorial Dr,(B) Suspected Minor/Visible Injury,Not a Collision with Motor Vehicle,,"[""Intersection Related"",""Pedestrian"",""Distracted Driver (Suspected)""]",0,0,1,0,1,"[""No Contributing Factors"",""Other""]",,Clear,Wet,Dark-Lighted,33.746767,-84.372938
12/16/16 13:56,Atlanta Police Department,Fulton,Atlanta,2025 Bolton Rd,,(C) Possible Injury / Complaint,Not a Collision with Motor Vehicle,,"[""Pedestrian"",""Distracted Driver (Suspected)""]",0,0,0,1,1,"[""Disregard Police - Traffic Control"",""No Contributing Factors""]",,Cloudy,Dry,Daylight,33.811021,-84.475612
8/27/16 17:07,Atlanta Police Department,Fulton,Atlanta,Metropolitan Pkwy,University Ave and Metropolitan Pkwy,(O) No Injury,Sideswipe-Same Direction,,"[""Intersection Related"",""Aggressive Driving"",""Hit & Run"",""Pedestrian""]",0,0,0,0,1,"[""Improper Passing"",""No Contributing Factors""]",,Clear,Dry,Daylight,33.721974,-84.407867
9/28/16 8:00,Atlanta Police Department,Fulton,Atlanta,565 Wells St,Humphries St and 565 Wells St,(C) Possible Injury / Complaint,Not a Collision with Motor Vehicle,,"[""Hit & Run"",""Pedestrian"",""Impaired (Suspected)"",""Distracted Driver (Suspected)""]",0,0,0,1,1,No Contributing Factors,,Clear,Wet,Daylight,33.739984,-84.406451
1/11/13 18:37,Atlanta Police Department,DeKalb,Atlanta,Page Ave,Page Ave and Mclendon Ave,(C) Possible Injury / Complaint,Not a Collision with Motor Vehicle,,"[""Intersection Related"",""Distracted Driver (Confirmed)"",""Pedestrian""]",0,0,0,1,1,"[""Inattentive or Other Distraction (Distracted)"",""No Contributing Factors""]",,Rain,Wet,Dark-Lighted,33.764846,-84.334184
6/19/13 10:00,Atlanta Police Department,Fulton,Atlanta,Boulevard Pl,Blvd and Boulevard Pl,(C) Possible Injury / Complaint,Not a Collision with Motor Vehicle,,"[""Intersection Related"",""Distracted Driver (Confirmed)"",""Pedestrian"",""Young Adult Driver (Age 20-24)""]",0,0,0,1,1,"[""Inattentive or Other Distraction (Distracted)"",""No Contributing Factors""]",,Clear,Dry,Daylight,33.7699,-84.367756
6/20/13 13:44,Atlanta Police Department,Fulton,Atlanta,Fairburn Rd,Fairburn Rd and Benjamin E Mays Dr,(C) Possible Injury / Complaint,Head On,,"[""Intersection Related"",""Pedestrian"",""Improper Occupant Protection""]",0,0,0,1,1,"[""Disregard Stop Sign/Signal"",""No Contributing Factors""]",,Clear,Dry,Daylight,33.74078,-84.510367
11/21/13 17:47,Atlanta Police Department,Fulton,Atlanta,Campbellton Rd,Fairburn Rd and Campbellton Rd,(A) Suspected Serious Injury,Not a Collision with Motor Vehicle,,"[""Intersection Related"",""Distracted Driver (Confirmed)"",""Pedestrian""]",0,1,0,0,1,"[""Inattentive or Other Distraction (Distracted)"",""No Contributing Factors""]",,Cloudy,Dry,Dusk,33.690643,-84.511601
7/26/13 20:08,Atlanta Police Department,Fulton,Atlanta,Spring St,N Ave and Spring St,(C) Possible Injury / Complaint,Angle (Other),,"[""Intersection Related"",""Bicycle"",""Improper Occupant Protection""]",0,0,0,1,2,"[""Failure to Yield"",""No Contributing Factors""]",,Clear,Dry,Daylight,33.771239,-84.388898
9/27/13 21:00,Atlanta Police Department,Fulton,Atlanta,Sr 400,Sr 400 and Sidney Marcus Blvd,(C) Possible Injury / Complaint,Angle (Other),,Pedestrian,0,0,0,1,1,"[""Failure to Yield"",""No Contributing Factors""]",,Clear,Dry,Dark-Not Lighted,33.82547,-84.360598
2/5/13 15:10,Atlanta Police Department,Fulton,Atlanta,1720 Martin Luther King Jr Dr,Westlake Ave and 1720 Martin Luther King Jr Dr,(B) Suspected Minor/Visible Injury,Not a Collision with Motor Vehicle,,"[""Distracted Driver (Confirmed)"",""Pedestrian"",""Improper Occupant Protection""]",0,0,1,0,1,"[""Inattentive or Other Distraction (Distracted)"",""No Contributing Factors""]",,Clear,Dry,Daylight,33.750984,-84.444299
1/15/13 7:24,Atlanta Police Department,DeKalb,Atlanta,Mc Lendon Ave,Page Ave and Mc Lendon Ave,(B) Suspected Minor/Visible Injury,Not a Collision with Motor Vehicle,,"[""Intersection Related"",""Older Driver (65+)"",""Pedestrian"",""Distracted Driver (Suspected)""]",0,0,1,1,1,"[""Following Too Close"",""No Contributing Factors"",""No Contributing Factors""]",,Rain,Wet,Dark-Lighted,33.764846,-84.334146
11/23/13 23:00,Atlanta Police Department,Fulton,Atlanta,Spring St,Spring St and Ivan Allen Jr Blvd,(B) Suspected Minor/Visible Injury,Not a Collision with Motor Vehicle,,"[""Intersection Related"",""Pedestrian"",""Young Adult Driver (Age 20-24)""]",0,0,1,0,1,"[""Failure to Yield"",""No Contributing Factors""]",,Clear,Dry,Dark-Lighted,33.764632,-84.389041
8/11/13 15:46,Atlanta Police Department,Fulton,Atlanta,Moreland Ave,Moreland Ave and E Freedom Pkwy,(B) Suspected Minor/Visible Injury,Not a Collision with Motor Vehicle,,"[""Intersection Related"",""Bicycle"",""Distracted Driver (Suspected)""]",0,0,1,0,2,"[""No Contributing Factors"",""Other""]",,Clear,Dry,Daylight,33.769946,-84.349096
10/22/13 21:58,Atlanta Police Department,Fulton,Atlanta,10Th St Nw   Hemphill Ave,Hemphill Ave and 10Th St Nw   Hemphill Ave,(B) Suspected Minor/Visible Injury,Rear End,,"[""Intersection Related"",""Pedestrian"",""Young Adult Driver (Age 20-24)"",""Distracted Driver (Suspected)""]",0,0,1,0,1,Following Too Close,,Clear,Dry,Dark-Lighted,33.781535,-84.404028
12/18/13 12:40,Atlanta Police Department,Fulton,Atlanta,17Th St,17Th St and Market St,(C) Possible Injury / Complaint,Not a Collision with Motor Vehicle,,"[""Hit & Run"",""Pedestrian""]",0,0,0,1,1,"[""Misjudged Clearance"",""No Contributing Factors""]",,Clear,Dry,Daylight,33.791214,-84.394653
12/6/13 15:10,Atlanta Police Department,DeKalb,Atlanta,203 Mayson Ave,,(C) Possible Injury / Complaint,Not a Collision with Motor Vehicle,,"[""Pedestrian"",""Secondary Crash"",""Distracted Driver (Suspected)""]",0,0,0,1,1,"[""No Contributing Factors"",""Other""]",,Cloudy,Dry,Daylight,33.759024,-84.33854
10/15/13 8:25,Atlanta Police Department,Fulton,Atlanta,Childress Dr Sw   Panther Trl,Panther Trl and Childress Dr Sw   Panther Trl,(C) Possible Injury / Complaint,Not a Collision with Motor Vehicle,,"[""Intersection Related"",""Hit & Run"",""Pedestrian""]",0,0,0,1,1,"[""Failure to Yield"",""No Contributing Factors""]",,Clear,Dry,Daylight,33.698157,-84.486199
9/5/13 9:24,Atlanta Police Department,Fulton,Atlanta,Peachtree Rd,Lenox Rd and Peachtree Rd,(O) No Injury,Rear End,,"[""Intersection Related"",""Older Driver (65+)"",""Pedestrian"",""Distracted Driver (Suspected)""]",0,0,0,0,1,"[""Following Too Close"",""No Contributing Factors""]",,Clear,Dry,Daylight,33.850156,-84.362112
3/27/13 8:10,Atlanta Police Department,Fulton,Atlanta,137 Peachtree St,Mitchell and 137 Peachtree St,(C) Possible Injury / Complaint,Not a Collision with Motor Vehicle,,"[""Intersection Related"",""Hit & Run"",""Pedestrian"",""Distracted Driver (Suspected)""]",0,0,0,1,1,"[""No Contributing Factors"",""No Contributing Factors""]",,Clear,Dry,Daylight,33.750938,-84.393029
3/5/13 15:22,Atlanta Police Department,Fulton,Atlanta,4623 Santa Fe Trl,El Paso Rd and 4623 Santa Fe Trl,(B) Suspected Minor/Visible Injury,Not a Collision with Motor Vehicle,,"[""Intersection Related"",""Hit & Run"",""Pedestrian"",""Distracted Driver (Suspected)""]",0,0,1,0,1,"[""No Contributing Factors"",""Other""]",,Rain,Wet,Daylight,33.692398,-84.538268
12/6/13 17:42,Atlanta Police Department,Fulton,Atlanta,Centennial Olympic P Dr,Ivan Allen Jr Blvd and Centennial Olympic P Dr,(O) No Injury,Angle (Other),,"[""Intersection Related"",""Bicycle"",""Older Driver (55-64)""]",0,0,0,0,2,"[""Failure to Yield"",""Failure to Yield""]",,Clear,Dry,Dusk,33.764644,-84.391935
8/12/13 1:54,Atlanta Police Department,Fulton,Atlanta,Old Hapeville Rd Swold Hapeville Rd,Hapeville Rd and Old Hapeville Rd Swold Hapeville Rd,(C) Possible Injury / Complaint,Not a Collision with Motor Vehicle,,"[""Intersection Related"",""Hit & Run"",""Pedestrian"",""Distracted Driver (Suspected)""]",0,0,0,1,1,"[""No Contributing Factors"",""Other""]",,Clear,Dry,Dark-Lighted,33.678706,-84.393398
9/23/13 12:38,Atlanta Police Department,Fulton,Atlanta,699 Ponce De Leon Ave Ne Ford Factory Sq,,(B) Suspected Minor/Visible Injury,Not a Collision with Motor Vehicle,,"[""Distracted Driver (Confirmed)"",""Pedestrian""]",0,0,1,0,1,"[""Inattentive or Other Distraction (Distracted)"",""No Contributing Factors""]",,Clear,Dry,Daylight,33.773461,-84.364163
12/23/13 18:40,Atlanta Police Department,Fulton,Atlanta,757 Cleveland Ave,Springdale Rd and 757 Cleveland Ave,(B) Suspected Minor/Visible Injury,Head On,,"[""Distracted Driver (Confirmed)"",""Hit & Run"",""Pedestrian"",""Impaired (Suspected)""]",0,0,1,0,1,"[""Inattentive or Other Distraction (Distracted)"",""No Contributing Factors""]",,Cloudy,Dry,Dark-Lighted,33.681364,-84.414472
12/21/13 20:33,Atlanta Police Department,Fulton,Atlanta,Hank Aaron Dr,Ave and Hank Aaron Dr,(B) Suspected Minor/Visible Injury,Not a Collision with Motor Vehicle,,"[""Intersection Related"",""Pedestrian""]",0,0,1,0,0,,,Clear,Dry,Dark-Lighted,33.736852,-84.387829
10/16/13 9:59,Atlanta Police Department,Fulton,Atlanta,2841 Greenbriar Pkwy,,(C) Possible Injury / Complaint,Head On,,"[""Pedestrian"",""Distracted Driver (Suspected)"",""Older Driver (55-64)""]",0,0,0,1,1,"[""Other"",""Other""]",,(None),Dry,Daylight,33.686352,-84.492666
4/24/13 16:15,Atlanta Police Department,Fulton,Atlanta,1559 Harbin Rd,,(C) Possible Injury / Complaint,Sideswipe-Same Direction,,"[""Hit & Run"",""Pedestrian""]",0,0,0,1,1,"[""No Contributing Factors"",""Other""]",,Cloudy,Wet,Daylight,33.713133,-84.48335
2/11/13 19:30,Atlanta Police Department,Fulton,Atlanta,1744 Habershal Dr,,(C) Possible Injury / Complaint,Not a Collision with Motor Vehicle,,"[""Pedestrian"",""Distracted Driver (Suspected)""]",0,0,0,1,1,"[""No Contributing Factors"",""No Contributing Factors""]",,Rain,Wet,Dark-Lighted,33.791252,-84.44363
9/25/13 11:15,Atlanta Police Department,Fulton,Atlanta,Peachtree Center Ave Ne   John Portman Blvd,John Portman Blvd and Peachtree Center Ave Ne   John Portman Blvd,(C) Possible Injury / Complaint,Angle (Other),,"[""Intersection Related"",""Pedestrian""]",0,0,0,1,1,Failure to Yield,,Rain,Wet,Daylight,33.760965,-84.385986
7/1/13 15:30,Atlanta Police Department,Fulton,Atlanta,Venetian Dr,Venetian Dr and Elizabeth Rd,(C) Possible Injury / Complaint,Not a Collision with Motor Vehicle,,"[""Intersection Related"",""Pedestrian""]",0,0,0,1,1,"[""Misjudged Clearance"",""No Contributing Factors""]",,Clear,Dry,Daylight,33.714557,-84.435708
8/19/13 18:00,Atlanta Police Department,Fulton,Atlanta,3393 Peachtree Rd Ne Lenox Mall,Peachtree Rd and 3393 Peachtree Rd Ne Lenox Mall,(B) Suspected Minor/Visible Injury,Angle (Other),,"[""Intersection Related"",""Distracted Driver (Confirmed)"",""Pedestrian""]",0,0,1,0,1,"[""Inattentive or Other Distraction (Distracted)"",""No Contributing Factors""]",,Clear,Dry,Daylight,33.848712,-84.360689
9/29/13 11:06,Atlanta Police Department,Fulton,Atlanta,17Th St,17Th St and Mecaslin St,(C) Possible Injury / Complaint,Not a Collision with Motor Vehicle,,"[""Intersection Related"",""Bicycle""]",0,0,0,1,2,"[""Improper Turn"",""No Contributing Factors""]",,Clear,Dry,Daylight,33.790064,-84.400625
2/7/13 18:45,Atlanta Police Department,Fulton,Atlanta,376 Ashwood Ave,,(C) Possible Injury / Complaint,Not a Collision with Motor Vehicle,,"[""Hit & Run"",""Pedestrian"",""Distracted Driver (Suspected)""]",0,0,0,1,1,"[""Other"",""Other""]",,Rain,Wet,Dark-Lighted,33.705207,-84.400916
4/29/13 20:10,Atlanta Police Department,Fulton,Atlanta,Pryor Rd,Pryor Rd and University Ave,(C) Possible Injury / Complaint,Not a Collision with Motor Vehicle,,"[""Pedestrian"",""Distracted Driver (Suspected)""]",0,0,0,1,1,"[""No Contributing Factors"",""Other""]",,Clear,Dry,Dark-Lighted,33.721842,-84.393367
7/13/13 2:46,Atlanta Police Department,Fulton,Atlanta,3210 Roswell Rd,Irby Ave and 3210 Roswell Rd,(O) No Injury,Head On,,"[""Intersection Related"",""Pedestrian"",""Young Adult Driver (Age 20-24)"",""Distracted Driver (Suspected)""]",0,0,0,0,1,"[""Other"",""Other""]",,Clear,Dry,Dark-Lighted,33.841232,-84.379111
7/19/13 13:30,Atlanta Police Department,DeKalb,Atlanta,Lakeshore Dr,Mclendon Ave and Lakeshore Dr,(O) No Injury,Angle (Other),,"[""Hit & Run"",""Bicycle""]",0,0,0,0,2,"[""Other"",""Other""]",,Clear,Dry,Daylight,33.765089,-84.325352
1/10/13 7:40,Atlanta Police Department,Fulton,Atlanta,Westmoreland Cir,Westmoreland Cir and Hollingworth Blvd,(B) Suspected Minor/Visible Injury,Not a Collision with Motor Vehicle,,"[""Intersection Related"",""Hit & Run"",""Bicycle"",""Impaired (Suspected)"",""Improper Occupant Protection""]",0,0,1,0,2,"[""Failure to Yield"",""No Contributing Factors""]",,Cloudy,Dry,Daylight,33.790989,-84.447672
12/24/13 7:05,Atlanta Police Department,Fulton,Atlanta,Wieuca Rd,Wieuca Rd and Old Ivy Rd,(C) Possible Injury / Complaint,Head On,,"[""Intersection Related"",""Older Driver (65+)"",""Pedestrian""]",0,0,0,1,1,"[""Disregard Police - Traffic Control"",""No Contributing Factors""]",,Clear,Dry,Dark-Lighted,33.857887,-84.36219
2/8/13 9:21,Atlanta Police Department,Fulton,Atlanta,Ralph David Abernathy Blvd,Mcdaniel St and Ralph David Abernathy Blvd,(B) Suspected Minor/Visible Injury,Angle (Other),,"[""Intersection Related"",""Pedestrian""]",0,0,1,0,1,"[""No Contributing Factors"",""Other""]",,Cloudy,Dry,Daylight,33.737027,-84.401556
12/23/13 14:50,Atlanta Police Department,Fulton,Atlanta,Broad St,Broad St and Mitchell St,(C) Possible Injury / Complaint,Not a Collision with Motor Vehicle,,"[""Intersection Related"",""Pedestrian"",""Distracted Driver (Suspected)""]",0,0,0,1,1,Improper Backing,,Cloudy,Dry,Daylight,33.751214,-84.393522
5/6/13 3:36,Atlanta Police Department,Fulton,Atlanta,1140 Crescent Ave,,(B) Suspected Minor/Visible Injury,Not a Collision with Motor Vehicle,,"[""Distracted Driver (Confirmed)"",""Pedestrian"",""Young Adult Driver (Age 20-24)""]",0,0,1,0,1,"[""Inattentive or Other Distraction (Distracted)"",""No Contributing Factors""]",,Cloudy,Wet,Dark-Lighted,33.785874,-84.384246
4/26/13 0:33,Gsp Post 00,Fulton,Atlanta,3212 Roswell Rd,,(B) Suspected Minor/Visible Injury,Not a Collision with Motor Vehicle,,"[""Older Driver (65+)"",""Pedestrian"",""Distracted Driver (Suspected)""]",0,0,1,0,1,"[""No Contributing Factors"",""No Contributing Factors""]",,Clear,Dry,Dark-Not Lighted,33.842699,-84.378974
10/26/17 18:24,Atlanta Police Department,Fulton,Atlanta,867 Cascade Ave,,(C) Possible Injury / Complaint,Not a Collision with Motor Vehicle,,"[""Intersection Related"",""Pedestrian""]",0,0,0,1,1,"[""Failure to Yield"",""No Contributing Factors""]",,Clear,Dry,Daylight,33.731513,-84.439149
12/13/17 17:00,Atlanta Police Department,Fulton,Atlanta,Peachtree Rd,Brighton Rd and Peachtree Rd,(O) No Injury,Not a Collision with Motor Vehicle,,"[""Intersection Related"",""Pedestrian""]",0,0,0,0,1,"[""Failure to Yield"",""No Contributing Factors""]",,Clear,Dry,Daylight,33.808398,-84.393548