Date and Time,Agency Name (Crash Level) ,Area: County,Area: City,Roadway (From Crash Report),Intersection Name (from Crash Report),KABCO Severity,Manner of Collision (Crash Level) ,First Harmful Event (Crash Level) ,SHSP Emphasis Areas,# of Fatalities (Person Table),# Serious Injuries,# Visible Injuries,# Complaint Injuries,# of Vehicles,Operator / Driver Contributing Factor -old,Roadway Contributing Factors (Crash Level) ,Weather Conditions (Crash Level),Surface Condition (Crash Level) ,Light Conditions (Crash Level),Latitude ,Longitude
2/19/17 1:30,Atlanta Police Department,Fulton,Atlanta,3179 Peachtree,,(O) No Injury,Not a Collision with Motor Vehicle,,"[""Hit & Run"",""Pedestrian""]",0,0,0,0,1,"[""Disregard Stop Sign/Signal"",""No Contributing Factors""]",,Clear,Dry,Dawn,33.841129,-84.37547
11/27/17 16:35,Atlanta Police Department,Fulton,Atlanta,Mcdaniel St,Glenn St and Mcdaniel St,(B) Suspected Minor/Visible Injury,Not a Collision with Motor Vehicle,,"[""Intersection Related"",""Hit & Run"",""Pedestrian"",""Impaired (Suspected)""]",0,0,1,0,1,"[""Disregard Stop Sign/Signal"",""Failure to Yield""]",,Clear,Dry,Daylight,33.738103,-84.401644
3/14/17 13:25,Atlanta Police Department,Fulton,Atlanta,3730 Carmia Dr,,(C) Possible Injury / Complaint,Head On,,"[""Roadway Departure"",""Pedestrian"",""Young Driver (Age 15-19)"",""Distracted Driver (Suspected)""]",0,0,0,1,1,"[""No Contributing Factors"",""No Contributing Factors""]",,Cloudy,Dry,Daylight,33.656061,-84.509821
10/22/17 19:12,Atlanta Police Department,Fulton,Atlanta,John Portman Blvd,Peachtree St and John Portman Blvd,(K) Fatal Injury,Not a Collision with Motor Vehicle,,"[""Intersection Related"",""Pedestrian""]",1,0,0,0,1,"[""Failure to Yield"",""No Contributing Factors""]",,Clear,Dry,Dark-Lighted,33.760985,-84.387548
10/25/17 20:32,Atlanta Police Department,Fulton,Atlanta,N Ave,N Ave and Parkway Dr,(C) Possible Injury / Complaint,Not a Collision with Motor Vehicle,,"[""Intersection Related"",""Pedestrian"",""Secondary Crash"",""Young Adult Driver (Age 20-24)"",""Distracted Driver (Suspected)"",""Improper Occupant Protection""]",0,0,0,1,1,"[""No Contributing Factors"",""No Contributing Factors""]",,Clear,Dry,Dusk,33.771222,-84.372781
12/7/17 18:24,Atlanta Police Department,Fulton,Atlanta,Hill St,Hill St and Memorial Dr,(C) Possible Injury / Complaint,Angle (Other),,"[""Intersection Related"",""Hit & Run"",""Pedestrian""]",0,0,0,1,1,"[""No Contributing Factors"",""Other""]",,Clear,Dry,Dark-Lighted,33.746601,-84.379292
11/26/17 18:30,Atlanta Police Department,Fulton,Atlanta,Cleveland Ave,Cleveland Ave and Forrest Hills Dr,(O) No Injury,Rear End,,"[""Roadway Departure"",""Hit & Run"",""Pedestrian"",""Distracted Driver (Suspected)""]",0,0,0,0,3,"[""Following Too Close"",""No Contributing Factors"",""No Contributing Factors""]",,Clear,Dry,Dark-Lighted,33.681142,-84.400703
4/7/17 18:07,Atlanta Police Department,Fulton,Atlanta,Main St Ne   Piedmont Rd,Piedmont Rd and Main St Ne   Piedmont Rd,(C) Possible Injury / Complaint,Not a Collision with Motor Vehicle,,"[""Pedestrian"",""Distracted Driver (Suspected)""]",0,0,0,1,1,"[""No Contributing Factors"",""Other""]",,Clear,Dry,Daylight,33.822241,-84.367373
4/21/17 2:46,Atlanta Police Department,Fulton,Atlanta,I 20,I 20 and Joseph E Lowery,(A) Suspected Serious Injury,Not a Collision with Motor Vehicle,,"[""Hit & Run"",""Pedestrian"",""Distracted Driver (Suspected)"",""Improper Occupant Protection""]",0,1,0,0,1,"[""Other"",""Other""]",,Clear,Dry,Dark-Lighted,33.741377,-84.415239
1/25/17 17:50,Atlanta Police Department,Fulton,Atlanta,E Paces Ferry Rd,Old Decatur Rd and E Paces Ferry Rd,(B) Suspected Minor/Visible Injury,Not a Collision with Motor Vehicle,,"[""Intersection Related"",""Distracted Driver (Confirmed)"",""Pedestrian""]",0,0,1,0,1,"[""Inattentive or Other Distraction (Distracted)"",""No Contributing Factors""]",,Clear,Dry,Daylight,33.838195,-84.373348
10/26/17 15:15,Atlanta Police Department,DeKalb,Atlanta,299 Moreland Ave,Moreland Ave Rp and 299 Moreland Ave,(B) Suspected Minor/Visible Injury,Not a Collision with Motor Vehicle,,"[""Distracted Driver (Confirmed)"",""Hit & Run"",""Pedestrian""]",0,0,1,0,1,"[""Inattentive or Other Distraction (Distracted)"",""No Contributing Factors""]",,Clear,Dry,Daylight,33.76219,-84.349168
5/20/17 21:45,Atlanta Police Department,Fulton,Atlanta,Monroe Dr,Monroe Dr and Montgomery Ferry Rd,(B) Suspected Minor/Visible Injury,Not a Collision with Motor Vehicle,,"[""Intersection Related"",""Pedestrian""]",0,0,1,0,1,"[""Failure to Yield"",""No Contributing Factors""]",,Rain,Wet,Dark-Lighted,33.801834,-84.3723
3/14/17 15:15,Atlanta Police Department,Fulton,Atlanta,University Ave,Pryor Rd and University Ave,(B) Suspected Minor/Visible Injury,Not a Collision with Motor Vehicle,,"[""Older Driver (65+)"",""Pedestrian"",""Distracted Driver (Suspected)"",""Improper Occupant Protection""]",0,0,1,0,1,"[""No Contributing Factors"",""Other""]",,Cloudy,Wet,Daylight,33.722131,-84.39379
10/18/17 18:16,Georgia Tech Police Department,Fulton,Atlanta,Ferst Dr,Ferst Dr and Fowler St,(O) No Injury,Not a Collision with Motor Vehicle,,"[""Intersection Related"",""Pedestrian"",""Young Adult Driver (Age 20-24)""]",0,0,0,0,1,"[""Failure to Yield"",""No Contributing Factors""]",,Clear,Dry,Daylight,33.776904,-84.393635
10/6/17 11:35,Atlanta Police Department,Fulton,Atlanta,380 Lindsay St,,(B) Suspected Minor/Visible Injury,Not a Collision with Motor Vehicle,,"[""Hit & Run"",""Pedestrian"",""Distracted Driver (Suspected)""]",0,0,1,0,1,"[""Other"",""Other""]",,Clear,Dry,Daylight,33.765058,-84.416496
7/5/17 19:13,Atlanta Police Department,Fulton,Atlanta,Alabama St,Alabama St and Peachtree St,(C) Possible Injury / Complaint,Not a Collision with Motor Vehicle,,"[""Intersection Related"",""Hit & Run"",""Pedestrian""]",0,0,0,1,1,"[""Disregard Stop Sign/Signal"",""No Contributing Factors""]",,Rain,Dry,Daylight,33.753109,-84.391324
11/26/17 19:48,Atlanta Police Department,Fulton,Atlanta,Hosea L Williams,Moreland Ave and Hosea L Williams,(C) Possible Injury / Complaint,Not a Collision with Motor Vehicle,,"[""Intersection Related"",""Pedestrian"",""Distracted Driver (Suspected)""]",0,0,0,1,1,"[""No Contributing Factors"",""Other""]",,Clear,Dry,Dark-Lighted,33.753561,-84.349208
4/9/17 11:56,Agency Not Specified,Fulton,Atlanta,Metropolitan Pkwy,Casplan St and Metropolitan Pkwy,(A) Suspected Serious Injury,Not a Collision with Motor Vehicle,,"[""Intersection Related"",""Distracted Driver (Confirmed)"",""Older Driver (65+)"",""Pedestrian""]",0,1,0,0,1,"[""Inattentive or Other Distraction (Distracted)"",""No Contributing Factors""]",,Clear,Dry,Daylight,33.707273,-84.408024
3/28/17 19:24,Atlanta Police Department,Fulton,Atlanta,770 Deckner Ave Sw Perkerson Park,,(B) Suspected Minor/Visible Injury,Not a Collision with Motor Vehicle,,"[""Distracted Driver (Confirmed)"",""Pedestrian""]",0,0,1,0,1,"[""Inattentive or Other Distraction (Distracted)"",""No Contributing Factors""]",,Clear,Dry,Daylight,33.714339,-84.413341
9/25/17 6:45,Atlanta Police Department,Fulton,Atlanta,Peachtree Rd,Pharr Rd and Peachtree Rd,(C) Possible Injury / Complaint,Angle (Other),,"[""Intersection Related"",""Older Driver (65+)"",""Pedestrian""]",0,0,0,3,3,"[""Failure to Yield"",""No Contributing Factors"",""No Contributing Factors"",""No Contributing Factors""]",,Clear,Dry,Dark-Lighted,33.837082,-84.381415
10/6/17 11:45,Atlanta Police Department,Fulton,Atlanta,Piedmont Ave Se   Decatur St,Decatur St and Piedmont Ave Se   Decatur St,(C) Possible Injury / Complaint,Not a Collision with Motor Vehicle,,"[""Intersection Related"",""Older Driver (65+)"",""Pedestrian"",""Distracted Driver (Suspected)""]",0,0,0,1,1,"[""No Contributing Factors"",""Other""]",,Clear,Dry,Daylight,33.751427,-84.385325
10/12/17 18:00,Atlanta Police Department,Fulton,Atlanta,14Th St,14Th St and Holly St,(C) Possible Injury / Complaint,Not a Collision with Motor Vehicle,,"[""Intersection Related"",""Pedestrian""]",0,0,0,1,1,"[""Failure to Yield"",""No Contributing Factors""]",,Clear,Dry,Daylight,33.786322,-84.396033
2/19/17 15:05,Georgia Tech Police Department,Fulton,Atlanta,Williams St,Tenth St and Williams St,(A) Suspected Serious Injury,Not a Collision with Motor Vehicle,,"[""Intersection Related"",""Distracted Driver (Confirmed)"",""Pedestrian"",""Young Adult Driver (Age 20-24)""]",0,1,0,0,1,"[""Inattentive or Other Distraction (Distracted)"",""No Contributing Factors""]",,Clear,Dry,Daylight,33.781526,-84.39058
8/31/17 14:17,Atlanta Police Department,Fulton,Atlanta,Peachtree Rd,Peachtree Rd and Peachtree Ave,(B) Suspected Minor/Visible Injury,Sideswipe-Same Direction,,"[""Intersection Related"",""Older Driver (65+)"",""Bicycle""]",0,0,1,0,2,,,Clear,Dry,Daylight,33.83486,-84.382362
6/23/17 17:24,Atlanta Police Department,Fulton,Atlanta,Pryor St,Pryor St and Garnett St,(B) Suspected Minor/Visible Injury,Not a Collision with Motor Vehicle,,"[""Intersection Related"",""Pedestrian"",""Older Driver (55-64)""]",0,0,1,0,1,Failure to Yield,,Cloudy,Dry,Daylight,33.748036,-84.393619
1/27/17 16:39,Atlanta Police Department,Fulton,Atlanta,2424 Piedmont Rd Ne Lindbergh Marta Stat,,(O) No Injury,Not a Collision with Motor Vehicle,,"[""Older Driver (65+)"",""Pedestrian""]",0,0,0,0,1,"[""Failure to Yield"",""No Contributing Factors""]",,Clear,Dry,Daylight,33.823679,-84.369161
1/3/20 8:41,Atlanta Police Department,Fulton,Atlanta,Piedmont Ave Ne  3Rd St,Myrtle St and Piedmont Ave Ne  3Rd St,(O) No Injury,Not a Collision with Motor Vehicle,,"[""Distracted Driver (Confirmed)"",""Pedestrian""]",0,0,0,0,1,"[""Inattentive or Other Distraction (Distracted)"",""No Contributing Factors""]",,Rain,Wet,Daylight,33.773432,-84.381188
12/4/20 23:30,Atlanta Police Department,Fulton,Atlanta,30 Irby Ave,,(O) No Injury,Not a Collision with Motor Vehicle,,"[""Pedestrian"",""Distracted Driver (Suspected)"",""Improper Occupant Protection""]",0,0,0,0,1,,,Clear,Dry,Dark-Not Lighted,33.841241,-84.380338
8/20/20 20:33,Atlanta Police Department,Fulton,Atlanta,I 75,I 85 and I 75,(O) No Injury,Not a Collision with Motor Vehicle,,"[""Pedestrian"",""Distracted Driver (Suspected)""]",0,0,0,0,1,"[""Driver Lost Control"",""No Contributing Factors""]",,Rain,Wet,Dark-Lighted,33.796102,-84.393403
10/10/20 3:04,Atlanta Police Department,Fulton,Atlanta,Roswell Rd,Roswell Rd and E Andrews Rd,(O) No Injury,Not a Collision with Motor Vehicle,,"[""Hit & Run"",""Pedestrian"",""Distracted Driver (Suspected)""]",0,0,0,0,1,"[""No Contributing Factors"",""No Contributing Factors"",""Other""]",,Rain,Wet,Dark-Lighted,33.842074,-84.378286
12/5/20 15:48,Atlanta Police Department,Fulton,Atlanta,Greenbriar Pkwy Sw   Headland Dr,Headland Dr and Greenbriar Pkwy Sw   Headland Dr,(O) No Injury,Angle (Other),,"[""Intersection Related"",""Hit & Run"",""Pedestrian""]",0,0,0,0,1,"[""No Contributing Factors"",""Other""]",,Clear,Dry,Daylight,33.689616,-84.489065
2/5/20 17:52,Atlanta Police Department,Fulton,Atlanta,418 Decatur St,,Unknown,Sideswipe-Same Direction,,Pedestrian,0,0,0,0,1,"[""Changed Lanes Improperly"",""No Contributing Factors""]",,Rain,Wet,Daylight,33.750554,-84.375636
10/17/20 13:56,Atlanta Police Department,Fulton,Atlanta,830 Willoughby Way Ne Historic 4Th Ward Pk,,(O) No Injury,Not a Collision with Motor Vehicle,,"[""Pedestrian"",""Young Adult Driver (Age 20-24)"",""Distracted Driver (Suspected)""]",0,0,0,0,1,"[""No Contributing Factors"",""Other""]",,Clear,Dry,Daylight,33.765844,-84.359986
4/12/20 14:22,Atlanta Police Department,Fulton,Atlanta,Habersham Rd Ne   Piedmont Rd,Piedmont Rd and Habersham Rd Ne   Piedmont Rd,(O) No Injury,Not a Collision with Motor Vehicle,,"[""Intersection Related"",""Pedestrian""]",0,0,0,0,1,,,Rain,Wet,Daylight,33.853321,-84.38158
12/31/20 23:03,Atlanta Police Department,Fulton,Atlanta,W Peachtree St,Peachtree Pl and W Peachtree St,(O) No Injury,Not a Collision with Motor Vehicle,,"[""Intersection Related"",""Pedestrian"",""Older Driver (55-64)""]",0,0,0,0,1,"[""Failure to Yield"",""No Contributing Factors""]",,Clear,Dry,Dark-Lighted,33.780723,-84.387507
6/26/20 16:15,Atlanta Police Department,Fulton,Atlanta,2332 Carver Dr,,(O) No Injury,Sideswipe-Same Direction,,"[""Intersection Related"",""Pedestrian""]",0,0,0,0,1,,,Clear,Dry,Daylight,33.759971,-84.463897
1/11/20 23:33,Atlanta Police Department,Fulton,Atlanta,Bent Creek Way,Campbellton Rd and Bent Creek Way,(O) No Injury,Not a Collision with Motor Vehicle,,"[""Hit & Run"",""Pedestrian"",""Distracted Driver (Suspected)""]",0,0,0,0,1,"[""No Contributing Factors"",""Other""]",,Rain,Wet,Dark-Lighted,33.700767,-84.465711
10/2/20 19:35,Atlanta Police Department,Fulton,Atlanta,Metropolitan Pkwy Sw   Rockwell St,Rockwell St and Metropolitan Pkwy Sw   Rockwell St,(O) No Injury,Head On,,"[""Intersection Related"",""Pedestrian"",""Young Driver (Age 15-19)"",""Impaired (Suspected)""]",0,0,0,0,1,"[""Other"",""Other""]",,Clear,Dry,Dark-Lighted,33.731933,-84.408102
7/21/20 7:57,Atlanta Police Department,Fulton,Atlanta,17Th St,I 75 and 17Th St,Unknown,Not a Collision with Motor Vehicle,,"[""Pedestrian"",""Distracted Driver (Suspected)""]",0,0,0,0,1,,,Clear,Dry,Daylight,33.791455,-84.39212
11/23/20 13:52,Atlanta Police Department,DeKalb,Atlanta,Ponce De Leon Ave Ne   S Ponce De Leon Ave,S Ponce De Leon Ave and Ponce De Leon Ave Ne   S Ponce De Leon Ave,(O) No Injury,Not a Collision with Motor Vehicle,,"[""Intersection Related"",""Pedestrian"",""Distracted Driver (Suspected)""]",0,0,0,0,1,"[""No Contributing Factors"",""Other""]",,Clear,Dry,Daylight,33.773839,-84.348732
9/3/20 8:40,Atlanta Police Department,Fulton,Atlanta,Piedmont Ave,Decatur St and Piedmont Ave,(O) No Injury,Angle (Other),,"[""Intersection Related"",""Pedestrian"",""Young Adult Driver (Age 20-24)""]",0,0,0,0,1,,,Clear,Dry,Daylight,33.751464,-84.385376
6/21/20 18:38,Atlanta Police Department,Fulton,Atlanta,Lucile,,(O) No Injury,Head On,,"[""Intersection Related"",""Pedestrian"",""Distracted Driver (Suspected)""]",0,0,0,0,1,,,Rain,Dry,Daylight,33.742301,-84.432366
9/11/20 19:57,Atlanta Police Department,Fulton,Atlanta,Blvd,Blvd and Morgan St,(B) Suspected Minor/Visible Injury,Head On,,"[""Intersection Related"",""Pedestrian"",""Young Driver (Age 15-19)"",""Distracted Driver (Suspected)""]",0,0,1,0,1,,,Clear,Dry,Dark-Lighted,33.768904,-84.371864
6/22/20 0:40,Atlanta Police Department,Fulton,Atlanta,Sr 400,Sr 400 and Lenox Rd,(O) No Injury,Head On,,"[""Pedestrian"",""Young Adult Driver (Age 20-24)"",""Impaired (Suspected)""]",0,0,0,0,1,,,Clear,Dry,Dark-Not Lighted,33.851848,-84.369557
8/1/20 12:13,Atlanta Police Department,Fulton,Atlanta,Elizabeth St,Atlantis Ave and Elizabeth St,(O) No Injury,Not a Collision with Motor Vehicle,,"[""Intersection Related"",""Pedestrian"",""Distracted Driver (Suspected)""]",0,0,0,0,1,,,Clear,Dry,Daylight,33.762485,-84.357974
11/20/20 14:58,Atlanta Police Department,Fulton,Atlanta,Piedmont Rd Ne   Lindbergh Dr,Lindbergh Dr and Piedmont Rd Ne   Lindbergh Dr,Unknown,Not a Collision with Motor Vehicle,,"[""Intersection Related"",""Pedestrian"",""Older Driver (55-64)""]",0,0,0,0,1,"[""Misjudged Clearance"",""No Contributing Factors""]",,Clear,Dry,Daylight,33.82144,-84.367455
2/12/20 14:04,Atlanta Police Department,Fulton,Atlanta,Marietta St,Forsyth St and Marietta St,(O) No Injury,Angle (Other),,"[""Intersection Related"",""Pedestrian"",""Older Driver (55-64)""]",0,0,0,0,1,,,Clear,Dry,Daylight,33.755376,-84.391108
11/17/20 19:31,Emory Police Department,DeKalb,Atlanta,Clifton Rd Ne,Uppergate Dr and Clifton Rd Ne,(O) No Injury,Not a Collision with Motor Vehicle,,"[""Intersection Related"",""CMV Related"",""Pedestrian"",""Impaired (Suspected)"",""Improper Occupant Protection""]",0,0,0,0,1,,,Clear,Dry,Dark-Lighted,33.793144,-84.320981
2/11/20 17:53,Atlanta Police Department,Fulton,Atlanta,Courtland St,Courtland St and John Portman Blvd,(O) No Injury,Angle (Other),,"[""Intersection Related"",""Hit & Run"",""Pedestrian"",""Improper Occupant Protection""]",0,0,0,0,1,,,Rain,Wet,Dark-Lighted,33.760934,-84.384177
3/30/20 11:08,Atlanta Police Department,Fulton,Atlanta,2216 Niskey Lake Rd,,(B) Suspected Minor/Visible Injury,Angle (Other),,"[""Bicycle"",""Older Driver (55-64)"",""Improper Occupant Protection""]",0,0,1,0,2,,,Clear,Dry,Daylight,33.693927,-84.527864
10/22/20 15:32,Atlanta Police Department,Fulton,Atlanta,Beecher Rd,Beecher Rd and S Gordon St,(C) Possible Injury / Complaint,Sideswipe-Same Direction,,"[""Intersection Related"",""Bicycle""]",0,0,0,1,2,,,Clear,Dry,Daylight,33.733706,-84.447506
7/31/20 18:00,Atlanta Police Department,Fulton,Atlanta,Charlotte,Charlotte and Maywood Pl,(O) No Injury,Not a Collision with Motor Vehicle,,"[""Intersection Related"",""Hit & Run"",""Pedestrian"",""Distracted Driver (Suspected)""]",0,0,0,0,1,,,Clear,Dry,Daylight,33.772224,-84.450466
1/6/20 18:16,Atlanta Police Department,Fulton,Atlanta,Collier Dr,Collier Dr and Hamilton E Holmes Dr,Unknown,Not a Collision with Motor Vehicle,,"[""Intersection Related"",""Pedestrian"",""Older Driver (55-64)""]",0,0,0,0,1,"[""Disregard Other Traffic Control"",""No Contributing Factors""]",,Clear,Dry,Dark-Not Lighted,33.763613,-84.470042
3/23/20 14:11,Atlanta Police Department,Fulton,Atlanta,2 Joseph E Lowery Blvd,Martin Luther King and 2 Joseph E Lowery Blvd,(O) No Injury,Not a Collision with Motor Vehicle,,"[""Intersection Related"",""Pedestrian"",""Distracted Driver (Suspected)"",""Older Driver (55-64)""]",0,0,0,0,1,,,Cloudy,Wet,Daylight,33.754729,-84.417543
4/16/20 14:48,Atlanta Police Department,Fulton,Atlanta,I 7585,I 20 and I 7585,Unknown,Sideswipe-Same Direction,,"[""Pedestrian"",""Older Driver (55-64)""]",0,0,0,0,1,,,Clear,Dry,Daylight,33.744824,-84.390016
3/17/20 20:42,Dekalb Co Police Department,Fulton,Atlanta,Moreland Ave,Moreland Ave and Mcdonough Blvd,(B) Suspected Minor/Visible Injury,Not a Collision with Motor Vehicle,,"[""Intersection Related"",""Hit & Run"",""Pedestrian"",""Impaired (Suspected)"",""Improper Occupant Protection""]",0,0,1,0,1,,,Clear,Dry,Daylight,33.704848,-84.349539
12/1/20 16:40,Atlanta Police Department,Fulton,Atlanta,Edgewood Ave Se   Jackson St,Jackson St and Edgewood Ave Se   Jackson St,(O) No Injury,Angle (Other),,"[""Intersection Related"",""Pedestrian""]",0,0,0,0,1,"[""Improper Turn"",""No Contributing Factors""]",,Clear,Dry,Daylight,33.754337,-84.374376
9/15/20 18:20,Atlanta Police Department,Fulton,Atlanta,Piedmont Ave,Edgewood Ave and Piedmont Ave,(O) No Injury,Angle (Other),,"[""Intersection Related"",""Roadway Departure"",""Hit & Run"",""Pedestrian""]",0,0,0,0,1,"[""Failure to Yield"",""No Contributing Factors""]",,Clear,Dry,Daylight,33.754434,-84.382306
3/3/20 9:39,Atlanta Police Department,Fulton,Atlanta,55 Ivan Allen Jr Blvd,Ted Turner Dr and 55 Ivan Allen Jr Blvd,(O) No Injury,Angle (Other),,"[""Intersection Related"",""Pedestrian""]",0,0,0,0,1,,,Cloudy,Wet,Daylight,33.764664,-84.388973
9/5/20 18:28,Atlanta Police Department,Fulton,Atlanta,Fairburn Rd,Fairburn Rd and Sandy Creek Dr,(B) Suspected Minor/Visible Injury,Angle (Other),,"[""Intersection Related"",""Pedestrian"",""Improper Occupant Protection""]",0,0,1,0,2,,,Clear,Dry,Daylight,33.779747,-84.502416
7/26/20 9:41,Atlanta Police Department,Fulton,Atlanta,530 10Th St,Monroe Dr and 530 10Th St,(O) No Injury,Angle (Other),,"[""Pedestrian"",""Young Adult Driver (Age 20-24)""]",0,0,0,0,1,,,Clear,Dry,Daylight,33.78177,-84.371076
8/21/20 22:19,Atlanta Police Department,Fulton,Atlanta,Peachtree St,11Th St and Peachtree St,(O) No Injury,Not a Collision with Motor Vehicle,,"[""Intersection Related"",""Pedestrian"",""Young Adult Driver (Age 20-24)"",""Distracted Driver (Suspected)""]",0,0,0,0,1,"[""No Contributing Factors"",""Other""]",,Cloudy,Wet,Dark-Lighted,33.783045,-84.383875
11/24/20 14:12,Atlanta Police Department,Fulton,Atlanta,White St,White St and Howell Mill Rd,(O) No Injury,Not a Collision with Motor Vehicle,,"[""Intersection Related"",""Hit & Run"",""Pedestrian"",""Distracted Driver (Suspected)"",""Improper Occupant Protection""]",0,0,0,0,1,"[""No Contributing Factors"",""Other""]",,Clear,Dry,Daylight,33.801376,-84.415591
7/29/20 13:01,Atlanta Police Department,Fulton,Atlanta,Peachtree St,10Th St and Peachtree St,(O) No Injury,Not a Collision with Motor Vehicle,,"[""Intersection Related"",""Older Driver (65+)"",""Pedestrian""]",0,0,0,0,1,,,Clear,Dry,Daylight,33.781705,-84.384006
2/16/20 19:19,Atlanta Police Department,Fulton,Atlanta,Martin L King Jr Dr,W Lake Ave and Martin L King Jr Dr,(O) No Injury,Head On,,"[""Intersection Related"",""Pedestrian"",""Distracted Driver (Suspected)""]",0,0,0,0,1,,,Clear,Dry,Dark-Lighted,33.751206,-84.443532
11/19/20 16:40,Atlanta Police Department,Fulton,Atlanta,Ponce De Leon Ave,Blvd and Ponce De Leon Ave,(O) No Injury,Angle (Other),,"[""Intersection Related"",""Pedestrian""]",0,0,0,0,1,"[""Failure to Yield"",""Failure to Yield""]",,Clear,Dry,Daylight,33.773673,-84.37088
9/23/20 13:13,Atlanta Police Department,Fulton,Atlanta,Baker St,Baker St and Marietta St,(O) No Injury,Not a Collision with Motor Vehicle,,"[""Intersection Related"",""Pedestrian""]",0,0,0,0,1,"[""Failure to Yield"",""No Contributing Factors""]",,Clear,Dry,Daylight,33.761341,-84.396014
10/1/20 20:28,Atlanta Police Department,Fulton,Atlanta,Cascade Ave,Rogers Ave and Cascade Ave,(O) No Injury,Not a Collision with Motor Vehicle,,"[""Intersection Related"",""Pedestrian"",""Older Driver (55-64)""]",0,0,0,0,1,"[""Failure to Yield"",""No Contributing Factors""]",,Clear,Dry,Dark-Lighted,33.73721,-84.435736
9/29/20 23:00,Atlanta Police Department,Fulton,Atlanta,222 Colonial Homes Dr,,(K) Fatal Injury,Not a Collision with Motor Vehicle,,"[""Roadway Departure"",""Pedestrian"",""Distracted Driver (Suspected)"",""Older Driver (55-64)""]",1,0,0,0,1,"[""Driver Lost Control"",""No Contributing Factors""]",,Cloudy,Wet,Dark-Lighted,33.813914,-84.395518
7/26/20 19:24,Atlanta Police Department,Fulton,Atlanta,Baker St,Baker St and Peachtree St,(O) No Injury,Not a Collision with Motor Vehicle,,"[""Hit & Run"",""Pedestrian"",""Young Adult Driver (Age 20-24)"",""Distracted Driver (Suspected)"",""Improper Occupant Protection""]",0,0,0,0,1,"[""No Contributing Factors"",""No Contributing Factors""]",,Cloudy,Dry,Daylight,33.766928,-84.387487
2/24/20 23:15,Atlanta Police Department,Fulton,Atlanta,Donald Lee Hollowell Pkwy Nw   Harwell Rd,Harwell Rd and Donald Lee Hollowell Pkwy Nw   Harwell Rd,(O) No Injury,Not a Collision with Motor Vehicle,,"[""Intersection Related"",""Pedestrian""]",0,0,0,0,1,,,Rain,Wet,Dark-Lighted,33.786088,-84.491272
10/16/20 16:41,Atlanta Police Department,Fulton,Atlanta,Howell Mill Rd,W Wesley Rd and Howell Mill Rd,(O) No Injury,Not a Collision with Motor Vehicle,,"[""Intersection Related"",""Older Driver (65+)"",""Pedestrian"",""Improper Occupant Protection""]",0,0,0,0,1,"[""Failure to Yield"",""No Contributing Factors""]",,Clear,Dry,Daylight,33.828694,-84.415829
1/24/20 16:06,Atlanta Police Department,Fulton,Atlanta,3376 Peachtree Rd,,(O) No Injury,Not a Collision with Motor Vehicle,,"[""Intersection Related"",""Pedestrian"",""Young Adult Driver (Age 20-24)""]",0,0,0,0,1,"[""Failure to Yield"",""Failure to Yield""]",,Clear,Dry,Daylight,33.848618,-84.36634
1/1/20 1:11,Atlanta Police Department,Fulton,Atlanta,Juniper St,14Th St and Juniper St,(O) No Injury,Not a Collision with Motor Vehicle,,"[""Intersection Related"",""Pedestrian""]",0,0,0,0,1,"[""Failure to Yield"",""No Contributing Factors""]",,Clear,Dry,Dark-Lighted,33.786484,-84.382163
6/12/20 15:02,Atlanta Police Department,Fulton,Atlanta,Pryor St,Pryor St and Memorial Dr,(O) No Injury,Not a Collision with Motor Vehicle,,"[""Pedestrian"",""Distracted Driver (Suspected)""]",0,0,0,0,1,"[""No Contributing Factors"",""Other""]",,Clear,Dry,Daylight,33.747394,-84.392976
8/19/20 16:17,Atlanta Police Department,Fulton,Atlanta,105 Kelso Dr,,(O) No Injury,Angle (Other),,Pedestrian,0,0,0,0,1,Other,,Clear,Dry,Daylight,33.748584,-84.469266
3/1/20 22:10,Atlanta Police Department,Fulton,Atlanta,W Peachtree St,W Peachtree Pl and W Peachtree St,(O) No Injury,Not a Collision with Motor Vehicle,,"[""Intersection Related"",""Hit & Run"",""Pedestrian""]",0,0,0,0,1,,,Clear,Dry,Dark-Lighted,33.763984,-84.387527
11/24/20 23:23,Atlanta Police Department,Fulton,Atlanta,I 285,I 285 and Donald Lee Hollowell Pkwy,(O) No Injury,Angle (Other),,Pedestrian,0,0,0,0,1,"[""Disregard Other Traffic Control"",""No Contributing Factors""]",,Clear,Dry,Dark-Lighted,33.78642,-84.492252
1/14/20 6:14,Atlanta Police Department,Fulton,Atlanta,Peachtree St,Pine St and Peachtree St,(O) No Injury,Not a Collision with Motor Vehicle,,"[""Intersection Related"",""Pedestrian"",""Distracted Driver (Suspected)""]",0,0,0,0,1,"[""No Contributing Factors"",""Other""]",,Clear,Wet,Dark-Lighted,33.767434,-84.38538
11/10/20 18:32,Atlanta Police Department,Fulton,Atlanta,1932 Harbin Rd,,(O) No Injury,Sideswipe-Same Direction,,"[""Distracted Driver (Confirmed)"",""Hit & Run"",""Pedestrian"",""Improper Occupant Protection""]",0,0,0,0,1,"[""Inattentive or Other Distraction (Distracted)"",""No Contributing Factors""]",,Rain,Wet,Dark-Not Lighted,33.702874,-84.479416
10/3/20 4:01,Atlanta Police Department,Fulton,Atlanta,Spring St,5Th St and Spring St,(O) No Injury,Not a Collision with Motor Vehicle,,"[""Intersection Related"",""Hit & Run"",""Pedestrian"",""Distracted Driver (Suspected)""]",0,0,0,0,1,"[""Other"",""Other""]",,Clear,Dry,Dark-Lighted,33.776834,-84.388793