Date and Time,Agency Name (Crash Level) ,Area: County,Area: City,Roadway (From Crash Report),Intersection Name (from Crash Report),KABCO Severity,Manner of Collision (Crash Level) ,First Harmful Event (Crash Level) ,SHSP Emphasis Areas,# of Fatalities (Person Table),# Serious Injuries,# Visible Injuries,# Complaint Injuries,# of Vehicles,Operator / Driver Contributing Factor -old,Roadway Contributing Factors (Crash Level) ,Weather Conditions (Crash Level),Surface Condition (Crash Level) ,Light Conditions (Crash Level),Latitude ,Longitude
9/5/20 22:46,Atlanta Police Department,Fulton,Atlanta,2517 Donald Lee Hollowell Pkwy,Church St and 2517 Donald Lee Hollowell Pkwy,(K) Fatal Injury,Head On,,"[""Pedestrian"",""Distracted Driver (Suspected)""]",1,0,0,0,1,"[""No Contributing Factors"",""Other""]",,Clear,Dry,Dark-Lighted,33.776044,-84.468236
12/13/20 13:30,Atlanta Police Department,Fulton,Atlanta,Donald Lee Hollowell Pkwy Nw   I285 Expy,I 285 and Donald Lee Hollowell Pkwy Nw   I285 Expy,(O) No Injury,Not a Collision with Motor Vehicle,,"[""Hit & Run"",""Pedestrian""]",0,0,0,0,1,"[""Misjudged Clearance"",""No Contributing Factors""]",,Clear,Dry,Daylight,33.786916,-84.493134
12/17/20 11:53,Atlanta Police Department,Fulton,Atlanta,239 Grant St,Grant St and 239 Grant St,Unknown,Rear End,,"[""Roadway Departure"",""Pedestrian"",""Distracted Driver (Suspected)"",""Older Driver (55-64)"",""Improper Occupant Protection""]",0,0,0,0,2,No Contributing Factors,,Clear,Dry,Daylight,33.747974,-84.37664
3/3/20 11:20,Georgia Tech Police Department,Fulton,Atlanta,State St,State St and Peachtree Pl,(A) Suspected Serious Injury,Not a Collision with Motor Vehicle,,"[""Intersection Related"",""Bicycle""]",0,1,0,0,2,,,Cloudy,Wet,Daylight,33.780504,-84.399086
1/2/20 19:54,Georgia Tech Police Department,Fulton,Atlanta,Tenth St,State St and Tenth St,(O) No Injury,Head On,,"[""Intersection Related"",""Pedestrian""]",0,0,0,0,1,"[""No Contributing Factors"",""No Contributing Factors""]",,Rain,Wet,Dark-Lighted,33.781512,-84.399166
6/7/20 13:17,Atlanta Police Department,Fulton,Atlanta,Hamilton E Holmes Dr,Hamilton E Holmes Dr and Martin Luther King Jr Dr,(O) No Injury,Not a Collision with Motor Vehicle,,"[""Intersection Related"",""Pedestrian""]",0,0,0,0,1,"[""Improper Turn"",""No Contributing Factors""]",,Clear,Dry,Daylight,33.752119,-84.467461
3/26/20 20:36,Atlanta Police Department,Fulton,Atlanta,Donald Lee Hollowell Pkwy,Church St and Donald Lee Hollowell Pkwy,(O) No Injury,Head On,,"[""Intersection Related"",""Pedestrian"",""Impaired (Suspected)""]",0,0,0,0,1,"[""Failure to Yield"",""No Contributing Factors""]",,Clear,Dry,Dark-Lighted,33.775741,-84.468045
6/28/20 15:03,Atlanta Police Department,Fulton,Atlanta,Metropolitan Pkwy Sw   Lakewood Ave,Mobile Ave and Metropolitan Pkwy Sw   Lakewood Ave,(O) No Injury,Not a Collision with Motor Vehicle,,"[""Intersection Related"",""Hit & Run"",""Pedestrian""]",0,0,0,0,1,,,Clear,Dry,Daylight,33.697205,-84.408095
8/23/20 18:02,Atlanta Police Department,Fulton,Atlanta,Peachtree Rd,Highland Dr and Peachtree Rd,(O) No Injury,Head On,,"[""Pedestrian"",""Distracted Driver (Suspected)"",""Older Driver (55-64)""]",0,0,0,0,1,No Contributing Factors,,Clear,Dry,Daylight,33.843464,-84.369506
4/6/20 17:45,Atlanta Police Department,Fulton,Atlanta,Donnelly Ave Sw   Allegheny St,Allegheny St and Donnelly Ave Sw   Allegheny St,(O) No Injury,Not a Collision with Motor Vehicle,,"[""Intersection Related"",""Pedestrian"",""Bicycle"",""Distracted Driver (Suspected)"",""Older Driver (55-64)""]",0,0,0,0,1,"[""No Contributing Factors"",""Other""]",,Clear,Dry,Daylight,33.735042,-84.430199
1/10/20 14:35,Atlanta Police Department,Fulton,Atlanta,Peachtree Rd Ne   Colonial Homes Dr,Colonial Homes Dr and Peachtree Rd Ne   Colonial Homes Dr,(C) Possible Injury / Complaint,Angle (Other),,"[""Intersection Related"",""Bicycle"",""Improper Occupant Protection""]",0,0,0,1,2,,,Clear,Dry,Daylight,33.8137,-84.392297
9/21/20 18:18,Atlanta Police Department,Fulton,Atlanta,N Ave Ne   John Lewis Freedom Pkwy,John Lewis Freedom Pkwy and N Ave Ne   John Lewis Freedom Pkwy,(O) No Injury,Not a Collision with Motor Vehicle,,"[""Intersection Related"",""Pedestrian"",""Improper Occupant Protection""]",0,0,0,0,1,"[""Failure to Yield"",""No Contributing Factors""]",,Clear,Dry,Daylight,33.771103,-84.35953
5/8/20 22:34,Gsp Post 00,Fulton,Atlanta,I 85,I 85 and Williams St,(C) Possible Injury / Complaint,Sideswipe-Same Direction,,"[""Roadway Departure"",""Pedestrian"",""Young Adult Driver (Age 20-24)"",""Impaired Driving (Confirmed)""]",0,0,0,1,1,,,Clear,Dry,Dark-Lighted,33.767369,-84.389237
9/14/20 20:07,Atlanta Police Department,Fulton,Atlanta,899 Park St,899 Park St and Joseph E Lowery Blvd,(O) No Injury,Angle (Other),,"[""Hit & Run"",""Pedestrian""]",0,0,0,0,1,"[""No Contributing Factors"",""Other""]",,Clear,Dry,Dark-Lighted,33.741907,-84.417541
6/27/20 8:33,Atlanta Police Department,Fulton,Atlanta,N Ave,N Ave and Juniper St,(O) No Injury,Head On,,"[""Intersection Related"",""Distracted Driver (Confirmed)"",""Pedestrian""]",0,0,0,0,1,,,Cloudy,Dry,Daylight,33.77128,-84.383436
3/5/20 12:23,Atlanta Police Department,Fulton,Atlanta,Peachtree Rd,Stratford Rd and Peachtree Rd,Unknown,Not a Collision with Motor Vehicle,,"[""Intersection Related"",""Pedestrian"",""Older Driver (55-64)""]",0,0,0,0,1,,,Rain,Wet,Daylight,33.848618,-84.36634
10/3/20 20:40,Georgia Tech Police Department,Fulton,Atlanta,Fifth St,Fifth St and Williams St,(O) No Injury,Sideswipe-Same Direction,,"[""Intersection Related"",""Roadway Departure"",""Bicycle"",""Improper Occupant Protection""]",0,0,0,0,2,,,Clear,Dry,Dark-Lighted,33.776864,-84.390396
7/19/20 4:03,Atlanta Police Department,DeKalb,Atlanta,205 Moreland Ave,Memorial Dr and 205 Moreland Ave,(O) No Injury,Not a Collision with Motor Vehicle,,"[""Hit & Run"",""Pedestrian"",""Young Adult Driver (Age 20-24)"",""Distracted Driver (Suspected)""]",0,0,0,0,1,,,Clear,Dry,Dark-Lighted,33.75931,-84.349156
1/24/20 8:29,Atlanta Police Department,Fulton,Atlanta,Jesse Hill Jr Dr,Decatur St and Jesse Hill Jr Dr,(O) No Injury,Angle (Other),,Pedestrian,0,0,0,0,1,"[""No Contributing Factors"",""No Contributing Factors""]",,Rain,Wet,Daylight,33.756563,-84.380232
6/16/20 15:46,Atlanta Police Department,Fulton,Atlanta,1599 Howell Mill Rd,Verner St and 1599 Howell Mill Rd,(O) No Injury,Not a Collision with Motor Vehicle,,"[""Pedestrian"",""Older Driver (55-64)""]",0,0,0,0,1,,,Clear,Dry,Daylight,33.798715,-84.41571
11/11/20 17:22,Atlanta Police Department,Fulton,Atlanta,Fairburn Rd,Fairburn Rd and Richard Allen Blvd,(O) No Injury,Not a Collision with Motor Vehicle,,"[""Pedestrian"",""Impaired (Suspected)"",""Distracted Driver (Suspected)""]",0,0,0,0,1,,,Rain,Wet,Dark-Lighted,33.734532,-84.510564
5/1/20 17:14,Atlanta Police Department,Fulton,Atlanta,1295 White St,,(O) No Injury,Angle (Other),,"[""Motorcycle"",""Pedestrian""]",0,0,0,0,1,"[""Improper Turn"",""No Contributing Factors""]",,Clear,Dry,Daylight,33.736984,-84.428876
10/27/20 12:20,Atlanta Police Department,Fulton,Atlanta,Cascade Ave Sw   Donnelly Ave,Donnelly Ave and Cascade Ave Sw   Donnelly Ave,(O) No Injury,Angle (Other),,"[""Intersection Related"",""Pedestrian"",""Impaired (Suspected)""]",0,0,0,0,1,"[""No Contributing Factors"",""Other""]",,Clear,Dry,Daylight,33.738048,-84.435329
3/17/20 22:23,Atlanta Police Department,Fulton,Atlanta,1035 Donnelly Ave,,(O) No Injury,Sideswipe-Same Direction,,"[""Pedestrian"",""Young Adult Driver (Age 20-24)""]",0,0,0,0,2,,,Clear,Dry,Dark-Lighted,33.729722,-84.421479
7/22/21 17:52,Atlanta Police Department,Fulton,Atlanta,Delowe Dr Sw,Delowe Dr Sw and Blvd Granada Sw,(O) No Injury,Not a Collision with Motor Vehicle,,"[""Intersection Related"",""Hit & Run"",""Older Driver (65+)"",""Bicycle"",""Impaired (Suspected)"",""Improper Occupant Protection""]",0,0,0,0,1,,,Clear,Dry,Daylight,33.717621,-84.461036
10/4/21 15:22,Atlanta Police Department,Fulton,Atlanta,Centennial Olympic Park Dr Nw,Marietta St and Centennial Olympic Park Dr Nw,(B) Suspected Minor/Visible Injury,Not a Collision with Motor Vehicle,,"[""Intersection Related"",""Pedestrian"",""Improper Occupant Protection""]",0,0,1,0,1,,,Cloudy,Dry,Daylight,33.757889,-84.393523
7/24/21 9:43,Atlanta Police Department,Fulton,Atlanta,Jett Rd Nw,Jett Pl Nw and Jett Rd Nw,(C) Possible Injury / Complaint,Not a Collision with Motor Vehicle,,"[""Older Driver (65+)"",""Bicycle"",""Improper Occupant Protection""]",0,0,0,1,1,,,Clear,Dry,Daylight,33.875513,-84.40206
7/27/21 21:20,Atlanta Police Department,DeKalb,Atlanta,Stone Quarry Rd Se,Stone Quarry Rd and Stone Quarry Rd Se,(B) Suspected Minor/Visible Injury,Not a Collision with Motor Vehicle,,"[""Pedestrian"",""Impaired (Suspected)"",""Distracted Driver (Suspected)"",""Improper Occupant Protection""]",0,0,1,0,1,,,Clear,Wet,Dark-Not Lighted,33.715733,-84.346919
9/19/21 17:30,Atlanta Police Department,Fulton,Atlanta,Monroe Dr Ne,Park Dr Ne and Monroe Dr Ne,(A) Suspected Serious Injury,Not a Collision with Motor Vehicle,,"[""Intersection Related"",""Pedestrian"",""Distracted Driver (Suspected)""]",0,1,0,0,1,,,Cloudy,Dry,Daylight,33.785668,-84.367459
6/21/21 13:48,Atlanta Police Department,Fulton,Atlanta,Forsyth St Nw,Marietta St and Forsyth St Nw,(B) Suspected Minor/Visible Injury,Not a Collision with Motor Vehicle,,"[""Intersection Related"",""Pedestrian"",""Distracted Driver (Suspected)"",""Improper Occupant Protection""]",0,0,1,0,1,,,Clear,Dry,Daylight,33.755439,-84.391168
1/29/21 16:43,Atlanta Police Department,Fulton,Atlanta,Donald Lee Hollowell Pkwy Nw   Joseph E Blvd,Joseph E Lowery Blvd and Donald Lee Hollowell Pkwy Nw   Joseph E Blvd,(O) No Injury,Not a Collision with Motor Vehicle,,"[""Intersection Related"",""Pedestrian"",""Distracted Driver (Suspected)""]",0,0,0,0,1,,,Clear,Dry,Dusk,33.773024,-84.417378
9/9/21 16:29,Atlanta Police Department,Fulton,Atlanta,Boulevard Se,Sydney St Se and Boulevard Se,(C) Possible Injury / Complaint,Not a Collision with Motor Vehicle,,"[""Intersection Related"",""Pedestrian"",""Distracted Driver (Suspected)"",""Improper Occupant Protection""]",0,0,0,1,1,,,Clear,Dry,Daylight,33.741096,-84.36816
3/29/21 9:50,Gsp Post 00,Fulton,Atlanta,I 85,I 85 and Martin Luther King Jr Dr,(B) Suspected Minor/Visible Injury,Sideswipe-Same Direction,,"[""Roadway Departure"",""Hit & Run"",""Pedestrian""]",0,0,1,0,1,,,Clear,Dry,Daylight,33.748717,-84.384353
11/30/21 21:00,Atlanta Police Department,Fulton,Atlanta,Roswell Rd Ne,,(B) Suspected Minor/Visible Injury,Not a Collision with Motor Vehicle,,"[""Hit & Run"",""Pedestrian"",""Distracted Driver (Suspected)"",""Improper Occupant Protection""]",0,0,1,0,1,,,Clear,Dry,Dark-Lighted,33.84197,-84.378902
11/13/21 16:51,Atlanta Police Department,Fulton,Atlanta,Ralph David Abernathy Blvd Sw,Dunn St Sw and Ralph David Abernathy Blvd Sw,(B) Suspected Minor/Visible Injury,Not a Collision with Motor Vehicle,,"[""Pedestrian"",""Impaired (Suspected)"",""Improper Occupant Protection""]",0,0,1,0,1,,,Clear,Dry,Daylight,33.73813,-84.416774
10/8/21 15:40,Atlanta Police Department,Fulton,Atlanta,W Peachtree St Ne,Baker St Ne and W Peachtree St Ne,(A) Suspected Serious Injury,Not a Collision with Motor Vehicle,,"[""CMV Related"",""Pedestrian"",""Distracted Driver (Suspected)"",""Older Driver (55-64)"",""Improper Occupant Protection""]",0,1,0,0,1,,,Clear,Dry,Daylight,33.761701,-84.387549
11/20/21 18:43,Atlanta Police Department,Fulton,Atlanta,Constitution Rd Se,Jonesboro Rd Se and Constitution Rd Se,(O) No Injury,Not a Collision with Motor Vehicle,,"[""Intersection Related"",""Roadway Departure"",""Pedestrian"",""Young Adult Driver (Age 20-24)""]",0,0,0,0,1,,,Clear,Dry,Dark-Not Lighted,33.693233,-84.366857
5/7/21 12:00,Atlanta Police Department,Fulton,Atlanta,Huff Rd Nw,Huff Rd Nw and Menlo Dr Nw,(B) Suspected Minor/Visible Injury,Not a Collision with Motor Vehicle,,"[""Hit & Run"",""Pedestrian"",""Impaired (Suspected)"",""Distracted Driver (Suspected)""]",0,0,1,0,1,,,Clear,Dry,Daylight,33.789284,-84.42638
12/7/21 14:35,Atlanta Police Department,Fulton,Atlanta,Memorial Dr Se,Hill St Se and Memorial Dr Se,(B) Suspected Minor/Visible Injury,Not a Collision with Motor Vehicle,,"[""Intersection Related"",""Pedestrian"",""Young Adult Driver (Age 20-24)"",""Distracted Driver (Suspected)"",""Improper Occupant Protection""]",0,0,1,0,1,,,Clear,Dry,Daylight,33.746854,-84.379327
10/25/21 16:39,Atlanta Police Department,Fulton,Atlanta,Charles Allen Dr Ne,Mentelle Dr Ne and Charles Allen Dr Ne,(C) Possible Injury / Complaint,Not a Collision with Motor Vehicle,,"[""Intersection Related"",""Older Driver (65+)"",""Bicycle"",""Improper Occupant Protection""]",0,0,0,1,1,,,Clear,Dry,Daylight,33.77713,-84.372806
5/23/21 16:45,Atlanta Police Department,Fulton,Atlanta,Etheridge Court Apartments,Etheridge Dr Nw and Etheridge Court Apartments,(B) Suspected Minor/Visible Injury,Angle (Other),,"[""Pedestrian"",""Young Adult Driver (Age 20-24)"",""Improper Occupant Protection""]",0,0,2,2,2,,,Clear,Dry,Daylight,33.788004,-84.471857
5/16/21 14:00,Atlanta Police Department,Fulton,Atlanta,Edgewood Ave Se,Krog St Ne and Edgewood Ave Se,(C) Possible Injury / Complaint,Not a Collision with Motor Vehicle,,"[""Intersection Related"",""Bicycle"",""Improper Occupant Protection""]",0,0,0,1,1,,,Clear,Dry,Daylight,33.754611,-84.364144
10/27/21 20:35,Atlanta Police Department,Fulton,Atlanta,10Th St Ne,10Th St Ne and Piedmont Ave Ne,(C) Possible Injury / Complaint,Not a Collision with Motor Vehicle,,"[""Intersection Related"",""Hit & Run"",""Bicycle"",""Impaired (Suspected)""]",0,0,0,1,1,,,Clear,Dry,Dark-Lighted,33.781782,-84.380426
4/24/21 18:30,Atlanta Police Department,Fulton,Atlanta,Peachtree St,Peachtree St and Delmont Dr Ne,(A) Suspected Serious Injury,Not a Collision with Motor Vehicle,,"[""Intersection Related"",""Older Driver (65+)"",""Pedestrian"",""Improper Occupant Protection""]",0,1,0,0,1,,,Clear,Wet,Daylight,33.833708,-84.383139
5/3/21 17:57,Atlanta Police Department,Fulton,Atlanta,Evans St Sw,Evans St Sw and Ralph David Abernathy Blvd Sw,(A) Suspected Serious Injury,Not a Collision with Motor Vehicle,,"[""Intersection Related"",""Hit & Run"",""Pedestrian"",""Impaired (Suspected)""]",0,1,0,0,1,,,Cloudy,Wet,Daylight,33.738224,-84.415998
6/11/21 23:05,Atlanta Police Department,Fulton,Atlanta,Martin Luther King Jr Dr Sw,Hightower Rd and Martin Luther King Jr Dr Sw,(A) Suspected Serious Injury,Not a Collision with Motor Vehicle,,"[""Pedestrian"",""Distracted Driver (Suspected)"",""Improper Occupant Protection""]",0,1,0,0,1,,,Clear,Dry,Dark-Lighted,33.753042,-84.467435
5/25/21 19:19,Atlanta Police Department,Fulton,Atlanta,W Peachtree St Nw,Courtland St Ne and W Peachtree St Nw,(B) Suspected Minor/Visible Injury,Not a Collision with Motor Vehicle,,"[""Intersection Related"",""Distracted Driver (Confirmed)"",""Bicycle""]",0,0,1,0,1,,,Clear,Dry,Daylight,33.765487,-84.384085
7/27/21 9:40,Atlanta Police Department,Fulton,Atlanta,Hightower Rd,Hightower Rd and Martin Luther King Jr Dr Sw,(B) Suspected Minor/Visible Injury,Not a Collision with Motor Vehicle,,"[""Intersection Related"",""Pedestrian"",""Impaired (Suspected)"",""Older Driver (55-64)""]",0,0,1,0,1,,,Clear,Dry,Daylight,33.751883,-84.46746
1/23/19 7:45,Atlanta Police Department,Fulton,Atlanta,141 Pryor St Sw Fulton Co Govt Cnt,,(O) No Injury,Head On,,"[""Intersection Related"",""Pedestrian"",""Distracted Driver (Suspected)""]",0,0,0,0,2,,,Cloudy,Dry,Daylight,33.751412,-84.390957
2/25/19 15:24,Atlanta Police Department,Fulton,Atlanta,Spring St Nw   16Th St,16Th St and Spring St Nw   16Th St,(O) No Injury,Head On,,"[""Intersection Related"",""Pedestrian"",""Distracted Driver (Suspected)"",""Older Driver (55-64)""]",0,0,0,0,1,,,Clear,Dry,Daylight,33.789907,-84.388902
10/3/19 13:36,Atlanta Police Department,Fulton,Atlanta,Peachtree St Ne   Beverly Rd,Beverly Rd and Peachtree St Ne   Beverly Rd,(C) Possible Injury / Complaint,Angle (Other),,"[""Intersection Related"",""Older Driver (65+)"",""Bicycle"",""Improper Occupant Protection""]",0,0,0,1,2,,,Clear,Dry,Daylight,33.796689,-84.387936
10/2/19 9:56,Atlanta Police Department,Fulton,Atlanta,2228 Defoors Ferry Rd,Hills Ave and 2228 Defoors Ferry Rd,Unknown,Not a Collision with Motor Vehicle,,"[""Older Driver (65+)"",""Pedestrian"",""Distracted Driver (Suspected)""]",0,0,0,0,1,"[""Changed Lanes Improperly"",""No Contributing Factors""]",,Clear,Dry,Daylight,33.815884,-84.431386
8/29/19 18:30,Emory Police Department,DeKalb,Atlanta,Clifton Rd Ne,Clifton Rd Ne and Old Briarcliff Way Ne,(C) Possible Injury / Complaint,Not a Collision with Motor Vehicle,,"[""Intersection Related"",""Bicycle"",""Impaired (Suspected)"",""Distracted Driver (Suspected)"",""Improper Occupant Protection""]",0,0,0,1,1,"[""Other"",""Other""]",,Clear,Dry,Daylight,33.803645,-84.333615
6/15/19 21:22,Atlanta Police Department,Fulton,Atlanta,Glen Iris Dr,Highland Ave and Glen Iris Dr,(O) No Injury,Angle (Other),,"[""Intersection Related"",""Pedestrian""]",0,0,0,0,1,"[""Improper Turn"",""Improper Turn""]",,Clear,Dry,Dark-Lighted,33.761314,-84.367842
4/15/19 8:22,Atlanta Police Department,Fulton,Atlanta,1176 Ralph D Abernathy Blvd,,(O) No Injury,Not a Collision with Motor Vehicle,,"[""Intersection Related"",""Older Driver (65+)"",""Pedestrian"",""Distracted Driver (Suspected)""]",0,0,0,0,1,"[""No Contributing Factors"",""Other""]",,Clear,Dry,Daylight,33.73851,-84.425669
12/12/19 18:23,Atlanta Police Department,Fulton,Atlanta,Courtland St,Ellis St and Courtland St,(O) No Injury,Sideswipe-Same Direction,,"[""Intersection Related"",""Hit & Run"",""Pedestrian""]",0,0,0,0,1,,,Clear,Dry,Daylight,33.758381,-84.38422
9/22/19 14:15,Atlanta Police Department,Fulton,Atlanta,Boulder Park Dr,Boulder Park Dr and Martin L King Jr Dr,Unknown,Head On,,"[""Intersection Related"",""Pedestrian"",""Distracted Driver (Suspected)""]",0,0,0,0,1,,,Clear,Dry,Daylight,33.751361,-84.490524
2/15/19 5:54,Atlanta Police Department,Fulton,Atlanta,Williams St,Williams St and Andrew Young Interna Blvd,Unknown,Rear End,,"[""Intersection Related"",""Pedestrian""]",0,0,0,0,1,,,Clear,Dry,Dark-Lighted,33.7597,-84.390565
7/21/19 17:21,Atlanta Police Department,Fulton,Atlanta,Peachtree Rd,Sheridan Dr and Peachtree Rd,(B) Suspected Minor/Visible Injury,Angle (Other),,"[""Intersection Related"",""Pedestrian""]",0,0,1,0,1,,,Clear,Dry,Daylight,33.833176,-84.383713
11/20/19 18:36,Atlanta Police Department,Fulton,Atlanta,Peachtree St,Palisades Rd and Peachtree St,(C) Possible Injury / Complaint,Angle (Other),,Bicycle,0,0,0,1,2,"[""Misjudged Clearance"",""Other""]",,Clear,Dry,Daylight,33.804614,-84.393886
2/16/19 18:01,Atlanta Police Department,Fulton,Atlanta,N Ave Ne   Parkway Dr,Parkway Dr and N Ave Ne   Parkway Dr,(O) No Injury,Angle (Other),,"[""Intersection Related"",""Pedestrian""]",0,0,0,0,1,,,Cloudy,Dry,Daylight,33.77118,-84.372776
4/18/19 10:15,Georgia Tech Police Department,Fulton,Atlanta,Ferst Dr,State St and Ferst Dr,(B) Suspected Minor/Visible Injury,Not a Collision with Motor Vehicle,,"[""Intersection Related"",""Bicycle""]",0,0,1,0,2,"[""Disregard Stop Sign/Signal"",""No Contributing Factors""]",,Clear,Dry,Daylight,33.778272,-84.399196
7/17/19 7:24,Gsp Post 00,Fulton,Atlanta,Fairburn Rd,,(O) No Injury,Angle (Other),,"[""Intersection Related"",""Roadway Departure"",""Hit & Run"",""Pedestrian""]",0,0,0,0,0,No Contributing Factors,,Clear,Dry,Daylight,33.773893,-84.500187
4/4/19 16:39,Atlanta Police Department,Fulton,Atlanta,Ivan Allen Jr Dr Ne Northside Dr,Northside Dr and Ivan Allen Jr Dr Ne Northside Dr,(O) No Injury,Angle (Other),,"[""Intersection Related"",""Pedestrian"",""Older Driver (55-64)""]",0,0,0,0,1,,,Clear,Dry,Daylight,33.763481,-84.402967
10/16/19 8:05,Atlanta Police Department,Fulton,Atlanta,E Paces Ferry Rd Ne   Bolling Way,Bolling Way and E Paces Ferry Rd Ne   Bolling Way,(O) No Injury,Not a Collision with Motor Vehicle,,"[""Intersection Related"",""Pedestrian"",""Impaired (Suspected)"",""Distracted Driver (Suspected)"",""Improper Occupant Protection""]",0,0,0,0,1,,,Rain,Wet,Daylight,33.839179,-84.378556
1/12/19 15:16,Atlanta Police Department,Fulton,Atlanta,1537 Ralph D Abernathy Blvd,Inman St and 1537 Ralph D Abernathy Blvd,(O) No Injury,Not a Collision with Motor Vehicle,,"[""Aggressive Driving"",""Roadway Departure"",""Pedestrian"",""Speed Related""]",0,0,0,0,1,"[""Misjudged Clearance"",""Too Fast for Conditions""]",,Clear,Dry,Daylight,33.743343,-84.437834
1/13/19 19:59,Atlanta Police Department,Fulton,Atlanta,8Th St,8Th St and Spring St,Unknown,Not a Collision with Motor Vehicle,,"[""Intersection Related"",""Pedestrian"",""Distracted Driver (Suspected)""]",0,0,0,0,1,,,Clear,Dry,Dark-Lighted,33.779545,-84.388817
7/7/19 13:29,Atlanta Police Department,Fulton,Atlanta,Northside Dr,I 75 and Northside Dr,(O) No Injury,Not a Collision with Motor Vehicle,,"[""Pedestrian"",""Impaired (Suspected)""]",0,0,0,0,1,"[""No Contributing Factors"",""Under the Influence (U.I.)""]",,Cloudy,Dry,Daylight,33.801326,-84.407816
10/13/19 19:56,Atlanta Police Department,Fulton,Atlanta,I 20,I 20 and I 7585,(A) Suspected Serious Injury,Head On,,"[""Aggressive Driving"",""Roadway Departure"",""Motorcycle"",""Older Driver (65+)"",""Pedestrian"",""Speed Related"",""Improper Occupant Protection""]",0,1,0,0,2,,,Rain,Wet,Dark-Lighted,33.74397,-84.389883
10/12/19 12:11,Atlanta Police Department,Fulton,Atlanta,Peachtree St,Williams St and Peachtree St,(O) No Injury,Rear End,,"[""Intersection Related"",""Pedestrian"",""Distracted Driver (Suspected)""]",0,0,0,0,3,"[""Following Too Close"",""No Contributing Factors"",""No Contributing Factors"",""No Contributing Factors""]",,Clear,Dry,Daylight,33.757151,-84.387975
11/19/19 19:20,Atlanta Police Department,Fulton,Atlanta,James P Brawley,,(O) No Injury,Sideswipe-Opposite Direction,,"[""Intersection Related"",""Hit & Run"",""Pedestrian"",""Distracted Driver (Suspected)"",""Improper Occupant Protection""]",0,0,0,0,1,,,Clear,Dry,Dark-Lighted,33.764242,-84.412611
5/27/19 21:29,Atlanta Police Department,Fulton,Atlanta,Bolton Rd Nw   Collier Dr,Collier Dr and Bolton Rd Nw   Collier Dr,(O) No Injury,Sideswipe-Opposite Direction,,"[""Intersection Related"",""Hit & Run"",""Pedestrian"",""Distracted Driver (Suspected)""]",0,0,0,0,1,,,Clear,Dry,Dark-Lighted,33.769453,-84.508659
10/4/19 7:55,Emory Police Department,DeKalb,Atlanta,Clifton Rd Ne,Clifton Rd Ne and Lowergate Dr Ne,(C) Possible Injury / Complaint,Not a Collision with Motor Vehicle,,Pedestrian,0,0,0,1,1,"[""Misjudged Clearance"",""No Contributing Factors""]",,Clear,Dry,Daylight,33.791949,-84.320968
6/11/19 1:12,Atlanta Police Department,Fulton,Atlanta,Auburn Ave,Auburn Ave and Piedmont Ave,(B) Suspected Minor/Visible Injury,Not a Collision with Motor Vehicle,,"[""Intersection Related"",""Roadway Departure"",""Hit & Run"",""Pedestrian"",""Distracted Driver (Suspected)""]",0,0,1,0,1,"[""No Contributing Factors"",""Other""]",,Clear,Dry,Dark-Lighted,33.755537,-84.382253
11/16/19 23:45,Atlanta Police Department,Fulton,Atlanta,Greenwood Ave Ne   N Highland Ave,N Highland Ave and Greenwood Ave Ne   N Highland Ave,(O) No Injury,Not a Collision with Motor Vehicle,,"[""Intersection Related"",""Hit & Run"",""Pedestrian""]",0,0,0,0,1,,,Clear,Dry,Dark-Lighted,33.776694,-84.352502
4/20/19 20:08,Atlanta Police Department,Fulton,Atlanta,Ted Turner Dr,Nassau St and Ted Turner Dr,Unknown,Not a Collision with Motor Vehicle,,"[""Intersection Related"",""Pedestrian"",""Young Adult Driver (Age 20-24)""]",0,0,0,0,1,,,(None),(None),Dark-Not Lighted,33.757756,-84.391572
12/12/20 20:17,Atlanta Police Department,Fulton,Atlanta,I 20,I 20 and Hamilton E Holmes Dr,(O) No Injury,Rear End,,"[""Pedestrian"",""Young Adult Driver (Age 20-24)"",""Distracted Driver (Suspected)""]",0,0,0,0,2,"[""Following Too Close"",""No Contributing Factors"",""No Contributing Factors""]",,Rain,Wet,Daylight,33.756852,-84.468867
5/11/20 14:34,Atlanta Police Department,Fulton,Atlanta,Lee St,Lee St and Oglethorpe Ave,(O) No Injury,Not a Collision with Motor Vehicle,,"[""Intersection Related"",""Pedestrian"",""Older Driver (55-64)""]",0,0,0,0,1,"[""Disregard Stop Sign/Signal"",""No Contributing Factors""]",,Clear,Dry,Daylight,33.735834,-84.414108
12/23/20 13:46,Atlanta Police Department,Fulton,Atlanta,Ponce De Leon Ave Ne   Beltline,Beltline and Ponce De Leon Ave Ne   Beltline,(B) Suspected Minor/Visible Injury,Head On,,"[""Bicycle"",""Distracted Driver (Suspected)"",""Older Driver (55-64)"",""Improper Occupant Protection""]",0,0,1,0,2,,,Clear,Dry,Daylight,33.773327,-84.364816
6/9/21 11:20,Atlanta Police Department,Fulton,Atlanta,Linkwood Rd Nw,Linkwood Rd Nw and Martin Luther King Jr Dr Sw,(B) Suspected Minor/Visible Injury,Not a Collision with Motor Vehicle,,"[""Intersection Related"",""Hit & Run"",""Pedestrian"",""Impaired (Suspected)"",""Distracted Driver (Suspected)"",""Improper Occupant Protection""]",0,0,1,0,1,,,Clear,Dry,Daylight,33.754964,-84.481932
5/14/21 15:34,Atlanta Police Department,Fulton,Atlanta,Juniper St Ne,8Th St Ne and Juniper St Ne,(C) Possible Injury / Complaint,Not a Collision with Motor Vehicle,,"[""Intersection Related"",""Pedestrian"",""Impaired (Suspected)"",""Distracted Driver (Suspected)"",""Improper Occupant Protection""]",0,0,0,1,1,,,Clear,Dry,Daylight,33.779512,-84.382635