Date and Time,Agency Name (Crash Level) ,Area: County,Area: City,Roadway (From Crash Report),Intersection Name (from Crash Report),KABCO Severity,Manner of Collision (Crash Level) ,First Harmful Event (Crash Level) ,SHSP Emphasis Areas,# of Fatalities (Person Table),# Serious Injuries,# Visible Injuries,# Complaint Injuries,# of Vehicles,Operator / Driver Contributing Factor -old,Roadway Contributing Factors (Crash Level) ,Weather Conditions (Crash Level),Surface Condition (Crash Level) ,Light Conditions (Crash Level),Latitude ,Longitude
3/12/21 21:48,Atlanta Police Department,Fulton,Atlanta,Peachtree St Nw,26Th St Nw and Peachtree St Nw,(A) Suspected Serious Injury,Not a Collision with Motor Vehicle,,"[""Pedestrian"",""Impaired (Suspected)"",""Distracted Driver (Suspected)"",""Improper Occupant Protection""]",0,1,0,0,1,,,Clear,Dry,Dark-Lighted,33.802941,-84.392962
3/20/21 21:48,Atlanta Police Department,Fulton,Atlanta,Peachtree St,3Rd St Ne and Peachtree St,(C) Possible Injury / Complaint,Not a Collision with Motor Vehicle,,"[""Intersection Related"",""Pedestrian"",""Improper Occupant Protection""]",0,0,0,1,1,,,Clear,Dry,Dark-Lighted,33.773665,-84.384775
5/31/21 21:49,Gsp Post 00,Fulton,Atlanta,Boulevard Southeast,Boulevard Southeast and Memorial Drive Southeast,(B) Suspected Minor/Visible Injury,Not a Collision with Motor Vehicle,,"[""Intersection Related"",""Aggressive Driving"",""Roadway Departure"",""Hit & Run"",""Pedestrian""]",0,0,1,0,1,,,Clear,Dry,Dark-Lighted,33.746697,-84.368268
2/22/21 15:00,Atlanta Police Department,DeKalb,Atlanta,1283 Dahlgren Ln,,(O) No Injury,Head On,,"[""Intersection Related"",""Hit & Run"",""Pedestrian"",""Distracted Driver (Suspected)""]",0,0,0,0,1,,,Clear,Dry,Daylight,33.747598,-84.345861
1/25/21 20:21,Atlanta Police Department,Fulton,Atlanta,Peachtree St,8Th St and Peachtree St,(O) No Injury,Not a Collision with Motor Vehicle,,"[""Intersection Related"",""Pedestrian""]",0,0,0,0,1,,,Clear,Dry,Dark-Lighted,33.779524,-84.384212
5/16/21 11:40,Atlanta Police Department,Fulton,Atlanta,Courtland St Ne,North Ave Ne and Courtland St Ne,(A) Suspected Serious Injury,Not a Collision with Motor Vehicle,,"[""Intersection Related"",""Pedestrian"",""Older Driver (55-64)"",""Improper Occupant Protection""]",0,1,0,0,1,,,Clear,Dry,Daylight,33.77128,-84.383439
11/10/21 15:37,Atlanta Police Department,Fulton,Atlanta,Monroe Dr Ne,10Th St Ne and Monroe Dr Ne,(A) Suspected Serious Injury,Not a Collision with Motor Vehicle,,"[""Intersection Related"",""Motorcycle"",""Bicycle"",""Distracted Driver (Suspected)"",""Improper Occupant Protection""]",0,2,0,0,1,,,Clear,Dry,Daylight,33.781766,-84.368878
8/21/21 6:07,Atlanta Police Department,Fulton,Atlanta,Cheshire Bridge Rd Ne,,(A) Suspected Serious Injury,Not a Collision with Motor Vehicle,,"[""Intersection Related"",""Pedestrian"",""Impaired Driving (Confirmed)""]",0,1,0,0,1,,,Clear,Dry,Dark-Lighted,33.81716,-84.352104
11/30/21 11:26,Atlanta Police Department,Fulton,Atlanta,Metropolitan Pkwy Sw,University Ave Sw and Metropolitan Pkwy Sw,(A) Suspected Serious Injury,Angle (Other),,"[""Intersection Related"",""Aggressive Driving"",""CMV Related"",""Pedestrian"",""Young Adult Driver (Age 20-24)"",""Speed Related"",""Improper Occupant Protection""]",0,1,2,0,4,,,Clear,Dry,Daylight,33.722174,-84.407868
3/24/21 18:46,Atlanta Police Department,Fulton,Atlanta,Lenox Rd,Lenox Rd and Peachtree St,(B) Suspected Minor/Visible Injury,Not a Collision with Motor Vehicle,,"[""Intersection Related"",""Distracted Driver (Confirmed)"",""Pedestrian"",""Impaired (Suspected)""]",0,0,1,0,1,,,Clear,Dry,Daylight,33.850439,-84.362098
6/22/21 17:00,Atlanta Police Department,Fulton,Atlanta,Elmwood Rd Nw,Hasty Pl Nw and Elmwood Rd Nw,(B) Suspected Minor/Visible Injury,Not a Collision with Motor Vehicle,,"[""Intersection Related"",""Hit & Run"",""Pedestrian"",""Distracted Driver (Suspected)""]",0,0,1,0,1,,,Clear,Dry,Daylight,33.769441,-84.438833
6/28/21 19:23,Atlanta Police Department,Fulton,Atlanta,Metropolitan Pkwy Sw,Cleveland Ave Sw and Metropolitan Pkwy Sw,(C) Possible Injury / Complaint,Not a Collision with Motor Vehicle,,"[""Intersection Related"",""Pedestrian"",""Distracted Driver (Suspected)"",""Improper Occupant Protection""]",0,0,0,1,1,,,Clear,Dry,Daylight,33.681265,-84.407711
8/11/21 17:30,Atlanta Police Department,Fulton,Atlanta,North Avenue Ne,,(B) Suspected Minor/Visible Injury,Not a Collision with Motor Vehicle,,"[""Intersection Related"",""Bicycle"",""Improper Occupant Protection""]",0,0,1,0,1,,,Cloudy,Water (standing or moving),Daylight,33.771234,-84.377796
9/7/21 13:30,Atlanta Police Department,Fulton,Atlanta,Memorial Dr Sw,Pryor St Sw and Memorial Dr Sw,(C) Possible Injury / Complaint,Not a Collision with Motor Vehicle,,"[""Intersection Related"",""Older Driver (65+)"",""Pedestrian"",""Improper Occupant Protection""]",0,0,0,1,1,,,Clear,Dry,Daylight,33.746941,-84.394416
10/7/21 14:00,Atlanta Police Department,Fulton,Atlanta,Sparks St Sw,,(B) Suspected Minor/Visible Injury,Not a Collision with Motor Vehicle,,"[""Pedestrian"",""Distracted Driver (Suspected)""]",0,0,1,0,1,,,Cloudy,Dry,Daylight,33.727226,-84.42155
3/22/21 0:00,Atlanta Police Department,Fulton,Atlanta,Luckie St Nw,Spring St Nw and Luckie St Nw,(C) Possible Injury / Complaint,Not a Collision with Motor Vehicle,,"[""Intersection Related"",""Pedestrian"",""Improper Occupant Protection""]",0,0,0,1,1,,,Clear,Dry,Daylight,33.758433,-84.390618
3/20/21 22:43,Atlanta Police Department,Fulton,Atlanta,Travis St Nw,Fox St and Travis St Nw,(A) Suspected Serious Injury,Not a Collision with Motor Vehicle,,"[""Intersection Related"",""Motorcycle"",""Older Driver (65+)"",""Pedestrian"",""Distracted Driver (Suspected)""]",0,1,0,0,1,,,Clear,Dry,Dark-Not Lighted,33.772491,-84.408374
3/1/21 14:27,Atlanta Police Department,Fulton,Atlanta,Decatur St,Bradley St and Decatur St,(O) No Injury,Angle (Other),,"[""Intersection Related"",""Distracted Driver (Confirmed)"",""Hit & Run"",""Pedestrian""]",0,0,0,0,1,,,Cloudy,Dry,Daylight,33.752162,-84.36887
5/11/21 22:00,Atlanta Police Department,Fulton,Atlanta,N Highland Ave Ne,Carmel Ave Ne and N Highland Ave Ne,(C) Possible Injury / Complaint,Not a Collision with Motor Vehicle,,"[""Intersection Related"",""Hit & Run"",""Bicycle"",""Impaired (Suspected)"",""Distracted Driver (Suspected)""]",0,0,0,1,1,,,Clear,Dry,Dark-Lighted,33.764329,-84.355608
4/8/21 20:20,Atlanta Police Department,Fulton,Atlanta,North Ave Nw,I- 75 and North Ave Nw,(A) Suspected Serious Injury,Not a Collision with Motor Vehicle,,"[""Intersection Related"",""Pedestrian""]",0,1,0,0,1,,,Clear,Dry,Dark-Lighted,33.771152,-84.3921
12/10/21 23:47,Atlanta Police Department,DeKalb,Atlanta,Trenton St Se,,(A) Suspected Serious Injury,Head On,,"[""Roadway Departure"",""Pedestrian"",""Distracted Driver (Suspected)""]",0,1,0,1,2,,,Rain,Water (standing or moving),Dark-Lighted,33.746784,-84.349022
4/27/21 21:40,Atlanta Police Department,Fulton,Atlanta,Cleveland Ave Sw,Cleveland Ave Sw and Old Hapeville Rd Sw,(A) Suspected Serious Injury,Not a Collision with Motor Vehicle,,"[""Pedestrian"",""Young Adult Driver (Age 20-24)"",""Impaired (Suspected)"",""Distracted Driver (Suspected)""]",0,1,0,0,2,,,Clear,Dry,Dark-Lighted,33.68112,-84.394482
1/15/21 14:38,Atlanta Police Department,Fulton,Atlanta,Centennial Olympic P Dr,Marietta St and Centennial Olympic P Dr,(O) No Injury,Angle (Other),,"[""Intersection Related"",""Pedestrian""]",0,0,0,0,1,,,Clear,Dry,Daylight,33.757896,-84.393502
6/13/21 1:30,Atlanta Police Department,Fulton,Atlanta,10Th St Nw,10Th St Nw and Spring St Nw,(B) Suspected Minor/Visible Injury,Not a Collision with Motor Vehicle,,"[""Intersection Related"",""Hit & Run"",""Pedestrian"",""Impaired (Suspected)"",""Improper Occupant Protection""]",0,0,1,0,1,,,Clear,Dry,Dark-Lighted,33.781506,-84.38906
9/3/21 15:00,Atlanta Police Department,Fulton,Atlanta,Marietta St,Marietta St and Ivan Allen Junior Blvd,(A) Suspected Serious Injury,Not a Collision with Motor Vehicle,,"[""Intersection Related"",""Bicycle"",""Improper Occupant Protection""]",0,1,0,0,1,,,Clear,Dry,Daylight,33.764221,-84.397251
6/10/21 12:56,Atlanta Police Department,Fulton,Atlanta,Holly Rd Nw,Holly Rd Nw and Akridge St Nw,(B) Suspected Minor/Visible Injury,Not a Collision with Motor Vehicle,,"[""Intersection Related"",""Aggressive Driving"",""Bicycle""]",0,0,1,0,1,,,Clear,Dry,Daylight,33.758468,-84.437827
3/28/21 5:00,Atlanta Police Department,Fulton,Atlanta,Campbellton Rd,Campbellton Rd and County Line Rd Sw,(K) Fatal Injury,Not a Collision with Motor Vehicle,,"[""Intersection Related"",""Hit & Run"",""Pedestrian"",""Impaired (Suspected)"",""Distracted Driver (Suspected)""]",1,1,0,0,1,,,Clear,Dry,Dark-Not Lighted,33.696026,-84.535067
9/27/21 16:05,Atlanta Police Department,Fulton,Atlanta,10Th St Ne,10Th St Ne and Magill Park Ne,(C) Possible Injury / Complaint,Not a Collision with Motor Vehicle,,"[""Intersection Related"",""Pedestrian"",""Young Adult Driver (Age 20-24)""]",0,0,0,1,1,,,Clear,Dry,Daylight,33.78176,-84.382074
7/1/21 16:00,Atlanta Police Department,Fulton,Atlanta,Metropolitan Pkwy Sw,Casplan St Sw and Metropolitan Pkwy Sw,(B) Suspected Minor/Visible Injury,Angle (Other),,"[""Intersection Related"",""Pedestrian"",""Young Adult Driver (Age 20-24)"",""Improper Occupant Protection""]",0,0,1,4,6,,,Clear,Dry,Daylight,33.707263,-84.408025
5/24/21 20:50,Atlanta Police Department,Fulton,Atlanta,W Whitehall St Sw,I- 20 and W Whitehall St Sw,(K) Fatal Injury,Not a Collision with Motor Vehicle,,"[""Hit & Run"",""Pedestrian"",""Impaired (Suspected)"",""Distracted Driver (Suspected)""]",1,0,0,0,1,,,Clear,Dry,Dusk,33.740929,-84.411878
4/8/21 7:25,Atlanta Police Department,Fulton,Atlanta,Bankhead Hwy Nw,N Grand Ave Nw and Bankhead Hwy Nw,(C) Possible Injury / Complaint,Not a Collision with Motor Vehicle,,"[""Intersection Related"",""Hit & Run"",""Pedestrian"",""Young Adult Driver (Age 20-24)"",""Impaired (Suspected)"",""Improper Occupant Protection""]",0,0,0,1,1,,,Cloudy,Dry,Daylight,33.777247,-84.463191
4/24/21 18:35,Atlanta Police Department,Fulton,Atlanta,Walker St Sw,Haynes St Sw and Walker St Sw,(B) Suspected Minor/Visible Injury,Angle (Other),,"[""Intersection Related"",""Pedestrian"",""Young Driver (Age 15-19)"",""Impaired (Suspected)""]",0,0,2,1,3,,,Rain,Water (standing or moving),Daylight,33.750218,-84.40092
1/2/21 9:22,Gsp Post 00,Fulton,Atlanta,I 85,I 85 and Spring St,(K) Fatal Injury,Angle (Other),,"[""Aggressive Driving"",""Roadway Departure"",""Pedestrian"",""Young Adult Driver (Age 20-24)"",""Speed Related""]",1,0,0,1,1,,,Cloudy,Wet,Daylight,33.76831,-84.390218
7/21/21 21:00,Atlanta Police Department,Fulton,Atlanta,Sylvan Rd Sw,Lee  St Sw and Sylvan Rd Sw,(B) Suspected Minor/Visible Injury,Not a Collision with Motor Vehicle,,"[""Intersection Related"",""Aggressive Driving"",""Hit & Run"",""Pedestrian"",""Improper Occupant Protection""]",0,0,1,0,1,,,Rain,Wet,Dark-Lighted,33.726546,-84.418274
7/20/21 7:51,Atlanta Police Department,Fulton,Atlanta,Martin Luther King Jr Dr Se,Central Ave Sw and Martin Luther King Jr Dr Se,(C) Possible Injury / Complaint,Not a Collision with Motor Vehicle,,"[""Intersection Related"",""Pedestrian""]",0,0,0,1,1,,,Rain,Water (standing or moving),Daylight,33.750797,-84.389849
1/23/19 21:14,Atlanta Police Department,Fulton,Atlanta,N Ave,N Ave and Centennial Olympic P Dr,Unknown,Angle (Other),,"[""Intersection Related"",""Pedestrian""]",0,0,0,0,1,"[""No Contributing Factors"",""No Contributing Factors""]",,Rain,Wet,Dark-Lighted,33.771289,-84.392056
12/23/19 15:07,Atlanta Police Department,Fulton,Atlanta,3083 Martin L King Jr Dr,Lynhurst Dr and 3083 Martin L King Jr Dr,(C) Possible Injury / Complaint,Rear End,,"[""Intersection Related"",""Pedestrian"",""Distracted Driver (Suspected)""]",0,0,0,1,1,"[""Following Too Close"",""No Contributing Factors""]",,Rain,Wet,Daylight,33.751774,-84.488026
4/2/19 15:53,Atlanta Police Department,Fulton,Atlanta,806 Ralph D Abernathy Blvd,,Unknown,Head On,,"[""Intersection Related"",""Pedestrian"",""Impaired (Suspected)""]",0,0,0,0,1,,,Clear,Dry,Daylight,33.738246,-84.414088
8/22/19 22:28,Atlanta Police Department,Fulton,Atlanta,Arthur Langford Pkwy Sw Hwy166,Ramp To I285 and Arthur Langford Pkwy Sw Hwy166,(O) No Injury,Not a Collision with Motor Vehicle,,"[""Hit & Run"",""Pedestrian""]",0,0,0,0,1,,,Clear,Dry,Dark-Not Lighted,33.690292,-84.497361
11/17/19 18:24,Atlanta Police Department,Fulton,Atlanta,622 Waynes Ct,Sandys Ln and 622 Waynes Ct,(O) No Injury,Head On,,"[""Pedestrian"",""Distracted Driver (Suspected)"",""Older Driver (55-64)""]",0,0,0,0,1,"[""No Contributing Factors"",""Other""]",,Clear,Dry,Daylight,33.672017,-84.369032
1/28/19 8:24,Atlanta Police Department,Fulton,Atlanta,Fairburn Rd,Fairburn Rd and Campbellton Rd,(O) No Injury,Angle (Other),,"[""Intersection Related"",""Pedestrian""]",0,0,0,0,1,,,Clear,Dry,Daylight,33.690623,-84.511452
8/29/19 9:12,Atlanta Police Department,Fulton,Atlanta,Lenox Rd,Lenox Rd and Piedmont Rd,(O) No Injury,Rear End,,"[""Intersection Related"",""Pedestrian"",""Distracted Driver (Suspected)"",""Improper Occupant Protection""]",0,0,0,0,2,,,Clear,Dry,Daylight,33.84837,-84.373931
1/3/19 8:47,Atlanta Police Department,Fulton,Atlanta,14Th St Nw   Techwood Dr,Techwood Dr and 14Th St Nw   Techwood Dr,(C) Possible Injury / Complaint,Angle (Other),,"[""Pedestrian"",""Young Adult Driver (Age 20-24)""]",0,0,0,1,2,"[""Failure to Yield"",""No Contributing Factors"",""No Contributing Factors""]",,Rain,Wet,Daylight,33.786684,-84.391938
5/19/19 16:41,Atlanta Police Department,Fulton,Atlanta,3030 Continental Colony Pkwy,,(O) No Injury,Not a Collision with Motor Vehicle,,"[""Older Driver (65+)"",""Pedestrian""]",0,0,0,0,1,"[""Failure to Yield"",""No Contributing Factors""]",,Clear,Dry,Daylight,33.682434,-84.492696
6/19/19 14:33,Atlanta Police Department,Fulton,Atlanta,3509 Martin L King Jr Dr,,(O) No Injury,Head On,,"[""Hit & Run"",""Pedestrian"",""Distracted Driver (Suspected)""]",0,0,0,0,2,"[""No Contributing Factors"",""No Contributing Factors"",""No Contributing Factors""]",,Clear,Dry,Daylight,33.758094,-84.502576
4/27/19 21:37,Atlanta Police Department,Fulton,Atlanta,Sidney Marcus Blvd,Adina Dr and Sidney Marcus Blvd,(O) No Injury,Not a Collision with Motor Vehicle,,"[""Pedestrian"",""Distracted Driver (Suspected)""]",0,0,0,0,1,,,Clear,Dry,Daylight,33.825711,-84.362539
6/27/19 1:08,Atlanta Police Department,Fulton,Atlanta,Briarcliff Rd,Briarcliff Rd and Saint Charles Pl,(O) No Injury,Head On,,"[""Intersection Related"",""Pedestrian"",""Impaired Driving (Confirmed)""]",0,0,0,0,1,"[""No Contributing Factors"",""Other""]",,Clear,Dry,Dark-Lighted,33.775406,-84.348711
9/29/19 20:45,Atlanta Police Department,Fulton,Atlanta,Forrest Hills Dr Sw   Cleveland Ave,Cleveland Ave and Forrest Hills Dr Sw   Cleveland Ave,(O) No Injury,Not a Collision with Motor Vehicle,,"[""Pedestrian"",""Distracted Driver (Suspected)""]",0,0,0,0,1,,,Clear,Dry,Dark-Lighted,33.68114,-84.400349
1/2/19 18:26,Atlanta Police Department,Fulton,Atlanta,3368 Peachtree Rd,,(O) No Injury,Not a Collision with Motor Vehicle,,"[""Roadway Departure"",""Distracted Driver (Confirmed)"",""Hit & Run"",""Pedestrian""]",0,0,0,0,1,"[""Inattentive or Other Distraction (Distracted)"",""No Contributing Factors""]",,Rain,Dry,Dark-Lighted,33.847085,-84.367937
4/29/19 12:22,Atlanta Police Department,Fulton,Atlanta,3550 Martin L King Jr Dr,Howell Dr and 3550 Martin L King Jr Dr,(O) No Injury,Rear End,,"[""Intersection Related"",""Hit & Run"",""Pedestrian"",""Distracted Driver (Suspected)""]",0,0,0,0,1,"[""No Contributing Factors"",""No Contributing Factors""]",,Clear,Dry,Daylight,33.758233,-84.503616
4/1/19 11:15,Atlanta Police Department,Fulton,Atlanta,540 Cameron M Alexander Blvd,,Unknown,Angle (Other),,"[""Intersection Related"",""Older Driver (65+)"",""Bicycle""]",0,0,0,0,2,,,Clear,Dry,Daylight,33.768208,-84.405139
3/19/19 7:26,Atlanta Police Department,Fulton,Atlanta,Baker St Ne   Peachtree Center Ave,Peachtree Center Ave and Baker St Ne   Peachtree Center Ave,(O) No Injury,Angle (Other),,"[""Intersection Related"",""Pedestrian""]",0,0,0,0,1,,,Clear,Dry,Dawn,33.762222,-84.386017
7/25/19 21:36,Atlanta Police Department,Fulton,Atlanta,600 Ponce De Leon Ave,Glen Iris Dr and 600 Ponce De Leon Ave,(B) Suspected Minor/Visible Injury,Angle (Other),,"[""Intersection Related"",""Roadway Departure"",""Bicycle"",""Improper Occupant Protection""]",0,0,1,0,2,,,Clear,Dry,Dark-Lighted,33.773498,-84.367616
10/27/19 13:16,Atlanta Police Department,Fulton,Atlanta,E Paces Ferry Rd,N Fulton Dr and E Paces Ferry Rd,Unknown,Angle (Other),,"[""Intersection Related"",""Pedestrian""]",0,0,0,0,1,"[""Failure to Yield"",""No Contributing Factors""]",,Clear,Dry,Daylight,33.839198,-84.377896
5/10/19 20:44,Atlanta Police Department,Fulton,Atlanta,379 Atwood St,,(O) No Injury,Not a Collision with Motor Vehicle,,"[""Hit & Run"",""Pedestrian"",""Distracted Driver (Suspected)""]",0,0,0,0,1,"[""Improper Backing"",""Other""]",,Clear,Dry,Dark-Lighted,33.744641,-84.428778
6/26/19 3:56,Atlanta Police Department,Fulton,Atlanta,Peachtree Rd,Bennett St and Peachtree Rd,(O) No Injury,Head On,,"[""Intersection Related"",""Pedestrian"",""Young Adult Driver (Age 20-24)"",""Distracted Driver (Suspected)""]",0,0,0,0,1,"[""Changed Lanes Improperly"",""No Contributing Factors""]",,Clear,Dry,Dark-Lighted,33.812314,-84.392275
11/13/19 21:02,Atlanta Police Department,Fulton,Atlanta,Andrew Young Interna Blvd,Ted Turner Dr and Andrew Young Interna Blvd,(O) No Injury,Angle (Other),,"[""Intersection Related"",""Hit & Run"",""Pedestrian"",""Improper Occupant Protection""]",0,0,0,0,1,,,Clear,Dry,Dark-Lighted,33.759699,-84.389084
4/2/19 17:03,Atlanta Police Department,Fulton,Atlanta,Boulevard Ne   Highland Ave,Highland Ave and Boulevard Ne   Highland Ave,(O) No Injury,Head On,,"[""Intersection Related"",""Pedestrian""]",0,0,0,0,1,,,Clear,Dry,Daylight,33.76135,-84.372027
4/10/19 11:42,Atlanta Police Department,Fulton,Atlanta,Jonesboro Rd Se   Dorothy St,Dorothy St and Jonesboro Rd Se   Dorothy St,(O) No Injury,Not a Collision with Motor Vehicle,,"[""Intersection Related"",""Distracted Driver (Confirmed)"",""Hit & Run"",""Pedestrian""]",0,0,0,0,1,,,Clear,Dry,Daylight,33.710783,-84.381851
3/11/19 21:56,Atlanta Police Department,Fulton,Atlanta,Elleby Rd,Elleby Rd and Mcdonough Blvd,(O) No Injury,Head On,,"[""Intersection Related"",""Hit & Run"",""Pedestrian"",""Impaired Driving (Confirmed)""]",0,0,0,0,1,"[""No Contributing Factors"",""Other""]",,Clear,Dry,Dark-Lighted,33.710389,-84.361489
3/30/19 17:57,Georgia Tech Police Department,Fulton,Atlanta,Ferst Dr,Ferst Dr and Fowler St,(O) No Injury,Not a Collision with Motor Vehicle,,"[""Intersection Related"",""Bicycle""]",0,0,0,0,2,"[""Not Visible (Object, Person, or Vehicle)"",""Vision Obscured""]",,Clear,Dry,Daylight,33.776904,-84.393635
6/22/19 14:13,Atlanta Police Department,Fulton,Atlanta,Lee St,Lee St and Ralph D Abernathy Blvd,Unknown,Head On,,"[""Intersection Related"",""Pedestrian"",""Distracted Driver (Suspected)""]",0,0,0,0,1,,,Clear,Dry,Daylight,33.738246,-84.414088
12/21/19 6:08,Atlanta Police Department,Fulton,Atlanta,Sr 400,Sr 400 and Lenox Rd,(O) No Injury,Not a Collision with Motor Vehicle,,"[""Pedestrian"",""Distracted Driver (Suspected)""]",0,0,0,0,1,"[""No Contributing Factors"",""Other""]",,Cloudy,Dry,Dark-Not Lighted,33.826196,-84.360151
6/21/19 21:25,Capital Police Services,Fulton,Atlanta,Jesse Hill Jr Dr,,(O) No Injury,Not a Collision with Motor Vehicle,,"[""Intersection Related"",""Older Driver (65+)"",""Bicycle"",""Distracted Driver (Suspected)"",""Older Driver (55-64)"",""Improper Occupant Protection""]",0,0,0,0,2,,,Clear,Dry,Dark-Lighted,33.750628,-84.384218
9/5/19 13:20,Atlanta Police Department,Fulton,Atlanta,6 Johnson Rd,,Unknown,Head On,,Pedestrian,0,0,0,0,1,"[""Failure to Yield"",""No Contributing Factors""]",,Clear,Dry,Daylight,33.780205,-84.45511
5/30/19 15:41,Atlanta Police Department,Fulton,Atlanta,N Ave,N Ave and Piedmont Ave,Unknown,Head On,,"[""Intersection Related"",""Pedestrian""]",0,0,0,0,1,"[""Failure to Yield"",""No Contributing Factors""]",,Clear,Dry,Daylight,33.77128,-84.381893
5/29/19 17:37,Atlanta Police Department,Fulton,Atlanta,Trinity Ave,Forsyth St and Trinity Ave,Unknown,Angle (Other),,"[""Intersection Related"",""Pedestrian"",""Older Driver (55-64)""]",0,0,0,0,1,"[""Failure to Yield"",""No Contributing Factors"",""No Contributing Factors""]",,Clear,Dry,Daylight,33.750546,-84.395165
6/4/19 12:01,Atlanta Police Department,Fulton,Atlanta,Peachtree St Ne   Beverly Rd,Beverly Rd and Peachtree St Ne   Beverly Rd,(O) No Injury,Not a Collision with Motor Vehicle,,"[""Intersection Related"",""Pedestrian"",""Distracted Driver (Suspected)""]",0,0,0,0,1,,,Clear,Dry,Daylight,33.796788,-84.387728
12/3/19 16:08,Atlanta Police Department,Fulton,Atlanta,Wall St,Wall St and Pryor St,(O) No Injury,Not a Collision with Motor Vehicle,,"[""Intersection Related"",""Pedestrian""]",0,0,0,0,1,,,Clear,Dry,Daylight,33.753271,-84.389489
9/28/19 16:54,Atlanta Police Department,Fulton,Atlanta,Metropolitan Pkwy,Shelton Ave and Metropolitan Pkwy,(O) No Injury,Not a Collision with Motor Vehicle,,"[""Intersection Related"",""Pedestrian""]",0,0,0,0,1,"[""Failure to Yield"",""No Contributing Factors""]",,Clear,Dry,Daylight,33.734414,-84.408126
7/21/19 22:21,Atlanta Police Department,Fulton,Atlanta,164 10Th St,I 85 and 164 10Th St,(A) Suspected Serious Injury,Angle (Other),,"[""Distracted Driver (Confirmed)"",""Bicycle"",""Older Driver (55-64)""]",0,1,0,0,2,,,Clear,Dry,Dark-Lighted,33.781546,-84.391596
8/10/19 17:11,Atlanta Police Department,Fulton,Atlanta,680 Ponce De Leon Ave,Glen Iris Dr and 680 Ponce De Leon Ave,(O) No Injury,Angle (Other),,"[""Aggressive Driving"",""Motorcycle"",""Pedestrian""]",0,0,0,0,1,"[""Improper Passing"",""No Contributing Factors""]",,Clear,Dry,Daylight,33.774054,-84.365276
6/22/19 20:14,Atlanta Police Department,Fulton,Atlanta,Peachtree Walk,11Th St and Peachtree Walk,(O) No Injury,Not a Collision with Motor Vehicle,,"[""Intersection Related"",""Hit & Run"",""Pedestrian""]",0,0,0,0,1,,,Rain,Wet,Daylight,33.783248,-84.38629
5/12/19 22:17,Atlanta Police Department,Fulton,Atlanta,2524 Martin L King Jr Dr,,(B) Suspected Minor/Visible Injury,Head On,,"[""Pedestrian"",""Young Adult Driver (Age 20-24)"",""Distracted Driver (Suspected)""]",0,0,1,0,1,,,Clear,Dry,Dawn,33.75277,-84.469885
12/3/19 13:49,Atlanta Police Department,Fulton,Atlanta,Charles Allen Dr,Charles Allen Dr and Ponce De Leon Ave,Unknown,Angle (Other),,"[""Intersection Related"",""Older Driver (65+)"",""Pedestrian""]",0,0,0,0,1,"[""Disregard Other Traffic Control"",""No Contributing Factors""]",,Clear,Dry,Daylight,33.773147,-84.372797
6/11/19 16:45,Atlanta Police Department,Fulton,Atlanta,3 Fairburn Rd,Fairburn Rd and 3 Fairburn Rd,Unknown,Head On,,"[""Intersection Related"",""Pedestrian"",""Impaired Driving (Confirmed)""]",0,0,0,0,1,,,Clear,Dry,Daylight,33.760009,-84.505909
1/28/19 7:57,Atlanta Police Department,Fulton,Atlanta,Martin L King Jr Dr,Peyton Pl and Martin L King Jr Dr,(O) No Injury,Angle (Other),,"[""Intersection Related"",""Pedestrian""]",0,0,0,0,1,"[""Failure to Yield"",""No Contributing Factors""]",,(None),Dry,Daylight,33.751883,-84.467463
8/9/19 19:23,Atlanta Police Department,Fulton,Atlanta,Mcdonough Blvd,Welch St and Mcdonough Blvd,(O) No Injury,Angle (Other),,"[""Roadway Departure"",""Hit & Run"",""Pedestrian""]",0,0,0,0,1,"[""Failure to Yield"",""Other""]",,Clear,Dry,Daylight,33.708734,-84.358866
8/14/19 16:35,Atlanta Police Department,Fulton,Atlanta,Anderson Ave Nw   Penelope Rd,Penelope Rd and Anderson Ave Nw   Penelope Rd,(O) No Injury,Not a Collision with Motor Vehicle,,"[""Intersection Related"",""Pedestrian"",""Distracted Driver (Suspected)"",""Older Driver (55-64)""]",0,0,0,0,1,,,Clear,Dry,Daylight,33.753826,-84.446045
9/29/19 20:21,Atlanta Police Department,Fulton,Atlanta,305 Blvd,305 Blvd and Memorial Dr,Unknown,Head On,,"[""Intersection Related"",""Pedestrian"",""Impaired (Suspected)"",""Older Driver (55-64)""]",0,0,0,0,1,,,Clear,Dry,Daylight,33.746318,-84.368112
3/2/17 14:17,Atlanta Police Department,Fulton,Atlanta,Piedmont Rd,Piedmont Rd and E Paces Ferry Rd,(B) Suspected Minor/Visible Injury,Sideswipe-Same Direction,,"[""Intersection Related"",""Bicycle"",""Improper Occupant Protection""]",0,0,1,0,2,"[""Changed Lanes Improperly"",""No Contributing Factors""]",,Clear,Dry,Daylight,33.839702,-84.369386
1/31/17 22:55,Atlanta Police Department,Fulton,Atlanta,3195 Donald Lee Hollowell Pkwy,I 285 and 3195 Donald Lee Hollowell Pkwy,(C) Possible Injury / Complaint,Angle (Other),,"[""Aggressive Driving"",""Hit & Run"",""Pedestrian"",""Impaired (Suspected)"",""Speed Related""]",0,0,0,1,2,"[""No Contributing Factors"",""No Contributing Factors"",""Too Fast for Conditions""]",,Clear,Dry,Dark-Lighted,33.786584,-84.491476
10/5/17 18:17,Georgia Tech Police Department,Fulton,Atlanta,Ferst Dr,Ferst Dr and Fowler St,(O) No Injury,Angle (Other),,"[""Intersection Related"",""Hit & Run"",""Older Driver (65+)"",""Bicycle""]",0,0,0,0,2,No Contributing Factors,,Cloudy,Dry,Daylight,33.776901,-84.393635