Date and Time,Agency Name (Crash Level) ,Area: County,Area: City,Roadway (From Crash Report),Intersection Name (from Crash Report),KABCO Severity,Manner of Collision (Crash Level) ,First Harmful Event (Crash Level) ,SHSP Emphasis Areas,# of Fatalities (Person Table),# Serious Injuries,# Visible Injuries,# Complaint Injuries,# of Vehicles,Operator / Driver Contributing Factor -old,Roadway Contributing Factors (Crash Level) ,Weather Conditions (Crash Level),Surface Condition (Crash Level) ,Light Conditions (Crash Level),Latitude ,Longitude
9/18/18 9:00,Atlanta Police Department,Fulton,Atlanta,1723 Lakewood Ave,,(O) No Injury,Not a Collision with Motor Vehicle,,"[""Roadway Departure"",""Older Driver (65+)"",""Pedestrian"",""Distracted Driver (Suspected)""]",0,0,0,0,1,"[""Improper Backing"",""No Contributing Factors""]",,Clear,Dry,Daylight,33.706734,-84.380446
8/1/18 14:17,Atlanta Police Department,Fulton,Atlanta,Roswell Rd,Roswell Rd and Blackland Rd,(O) No Injury,Not a Collision with Motor Vehicle,,"[""Intersection Related"",""Pedestrian""]",0,0,0,0,1,"[""Failure to Yield"",""No Contributing Factors""]",,Rain,Wet,Daylight,33.854444,-84.382668
4/20/18 19:35,Atlanta Police Department,Fulton,Atlanta,896 Oakhill Ave,Pearce St and 896 Oakhill Ave,(O) No Injury,Not a Collision with Motor Vehicle,,"[""Hit & Run"",""Pedestrian"",""Distracted Driver (Suspected)""]",0,0,0,0,1,Other,,Clear,Dry,Daylight,33.730714,-84.409576
6/30/18 14:24,Atlanta Police Department,Fulton,Atlanta,Auburn Ave,,(O) No Injury,Not a Collision with Motor Vehicle,,"[""Older Driver (65+)"",""Pedestrian""]",0,0,0,0,1,"[""Failure to Yield"",""No Contributing Factors""]",,Clear,Dry,Daylight,33.755505,-84.376085
9/19/18 14:54,Atlanta Police Department,Fulton,Atlanta,Beecher St,Beecher St and Westmont Rd,(C) Possible Injury / Complaint,Angle (Other),,"[""Intersection Related"",""Older Driver (65+)"",""Bicycle"",""Improper Occupant Protection""]",0,0,0,1,2,"[""No Contributing Factors"",""Wrong Side of Road""]",,Clear,Dry,Daylight,33.733398,-84.437341
11/2/18 11:50,Atlanta Police Department,Fulton,Atlanta,Piedmont Rd Ne   Morosgo Dr,Morosgo Dr and Piedmont Rd Ne   Morosgo Dr,(O) No Injury,Not a Collision with Motor Vehicle,,"[""Intersection Related"",""Distracted Driver (Confirmed)"",""Pedestrian"",""Young Adult Driver (Age 20-24)""]",0,0,0,0,1,,,Clear,Dry,Daylight,33.823382,-84.367281
1/24/18 15:56,Atlanta Police Department,DeKalb,Atlanta,Flat Shoals Ave,Glenwood Ave and Flat Shoals Ave,(O) No Injury,Angle (Other),,"[""Roadway Departure"",""Older Driver (65+)"",""Pedestrian""]",0,0,0,0,1,,,Clear,Dry,Daylight,33.739867,-84.34502
10/17/18 17:35,Atlanta Police Department,Fulton,Atlanta,Piedmont Ave,Armstrong St and Piedmont Ave,(O) No Injury,Not a Collision with Motor Vehicle,,"[""Intersection Related"",""Pedestrian""]",0,0,0,0,1,"[""Other"",""Vision Obscured""]",,Cloudy,Dry,Daylight,33.753568,-84.383148
7/27/18 16:49,Atlanta Police Department,Fulton,Atlanta,156 Mills St,Lovejoy St and 156 Mills St,Unknown,Not a Collision with Motor Vehicle,,"[""Intersection Related"",""Hit & Run"",""Pedestrian"",""Impaired (Suspected)""]",0,0,0,0,1,"[""Misjudged Clearance"",""No Contributing Factors""]",,Clear,Dry,Daylight,33.765316,-84.393082
1/11/18 3:53,Atlanta Police Department,Fulton,Atlanta,Joseph E Boone Blvd,Northside Dr and Joseph E Boone Blvd,(B) Suspected Minor/Visible Injury,Angle (Other),,"[""Intersection Related"",""Pedestrian""]",0,0,1,0,1,,,Rain,Wet,Dark-Lighted,33.76344,-84.402924
3/31/18 18:23,Atlanta Police Department,Fulton,Atlanta,Martin L King Jr Dr Nw   Fairburn Rd,Fairburn Rd and Martin L King Jr Dr Nw   Fairburn Rd,(O) No Injury,Not a Collision with Motor Vehicle,,"[""Intersection Related"",""Hit & Run"",""Pedestrian"",""Distracted Driver (Suspected)""]",0,0,0,0,1,No Contributing Factors,,Clear,Dry,Daylight,33.759692,-84.505433
8/13/18 13:48,Atlanta Police Department,Fulton,Atlanta,John Portman Blvd,John Portman Blvd and Centennial Olympic P Dr,Unknown,Not a Collision with Motor Vehicle,,"[""Intersection Related"",""Pedestrian""]",0,0,0,0,1,"[""Failure to Yield"",""No Contributing Factors""]",,Clear,Dry,Daylight,33.760986,-84.392005
9/28/18 13:27,Georgia Tech Police Department,Fulton,Atlanta,State St,State St and Peachtree Pl,(O) No Injury,Not a Collision with Motor Vehicle,,"[""Intersection Related"",""Bicycle""]",0,0,0,0,2,,,Cloudy,Dry,Daylight,33.780504,-84.399084
5/11/19 13:00,Atlanta Police Department,Fulton,Atlanta,3330 Peachtree Rd,,(O) No Injury,Angle (Other),,"[""Older Driver (65+)"",""Pedestrian""]",0,0,0,0,1,"[""Failure to Yield"",""No Contributing Factors""]",,Clear,Dry,Daylight,33.846204,-84.368766
1/22/19 13:00,Gsp Post 00,Fulton,Atlanta,Jessie Hill Junior Dr,,(B) Suspected Minor/Visible Injury,Head On,,"[""Intersection Related"",""Pedestrian"",""Older Driver (55-64)""]",0,0,1,0,1,,,Clear,Dry,Daylight,33.74884,-84.386088
11/30/19 3:17,Atlanta Police Department,Fulton,Atlanta,E Andrews Dr,E Andrews Dr and W Paces Ferry Pl,(O) No Injury,Head On,,"[""Intersection Related"",""Pedestrian"",""Impaired (Suspected)"",""Older Driver (55-64)""]",0,0,0,0,1,"[""No Contributing Factors"",""No Contributing Factors""]",,Clear,Dry,Dark-Lighted,33.843607,-84.381906
11/3/19 0:00,Atlanta Police Department,Fulton,Atlanta,Spring St,I 7585 and Spring St,(O) No Injury,Head On,,"[""Pedestrian"",""Young Driver (Age 15-19)"",""Distracted Driver (Suspected)""]",0,0,0,0,1,"[""No Contributing Factors"",""Other""]",,Clear,Dry,Dark-Lighted,33.769724,-84.388877
2/2/19 23:56,Atlanta Police Department,Fulton,Atlanta,Joseph E Boone Blvd Nw   James P Brawley Dr,James P Brawley Dr and Joseph E Boone Blvd Nw   James P Brawley Dr,(O) No Injury,Not a Collision with Motor Vehicle,,"[""Intersection Related"",""Pedestrian"",""Distracted Driver (Suspected)""]",0,0,0,0,1,,,Clear,Dry,Dark-Lighted,33.763435,-84.412617
2/4/19 6:52,Atlanta Police Department,Fulton,Atlanta,Spring St Nw   Armstead Pl,Armstead Pl and Spring St Nw   Armstead Pl,(O) No Injury,Sideswipe-Same Direction,,"[""Intersection Related"",""Older Driver (65+)"",""Pedestrian""]",0,0,0,0,1,,,Clear,Dry,Daylight,33.775878,-84.388807
9/16/19 5:10,Atlanta Police Department,Fulton,Atlanta,2970 Cascade Rd,,(O) No Injury,Head On,,"[""Intersection Related"",""Roadway Departure"",""Pedestrian""]",0,0,0,0,1,"[""Disregard Stop Sign/Signal"",""No Contributing Factors""]",,Clear,Dry,Dark-Lighted,33.719909,-84.48471
9/25/19 8:11,Atlanta Police Department,Fulton,Atlanta,Flat Shoals Ave,Wylie St and Flat Shoals Ave,(B) Suspected Minor/Visible Injury,Not a Collision with Motor Vehicle,,"[""Intersection Related"",""Distracted Driver (Confirmed)"",""Bicycle""]",0,0,1,0,2,,,Clear,Dry,Daylight,33.752505,-84.356715
2/4/19 18:43,Atlanta Police Department,Fulton,Atlanta,Baker St,Baker St and Peachtree St,(O) No Injury,Not a Collision with Motor Vehicle,,"[""Intersection Related"",""Pedestrian"",""Young Adult Driver (Age 20-24)""]",0,0,0,0,1,,,Clear,Dry,Dark-Lighted,33.762256,-84.387521
2/2/19 12:33,Atlanta Police Department,Fulton,Atlanta,Northside Dr,Holmes St and Northside Dr,(O) No Injury,Not a Collision with Motor Vehicle,,"[""Intersection Related"",""Hit & Run"",""Pedestrian"",""Impaired (Suspected)"",""Distracted Driver (Suspected)""]",0,0,0,0,1,,,Clear,Dry,Daylight,33.799245,-84.407892
2/19/19 7:19,Atlanta Police Department,Fulton,Atlanta,Joseph E Boone Blvd Nw   W Lake Ave,W Lake Ave and Joseph E Boone Blvd Nw   W Lake Ave,Unknown,Not a Collision with Motor Vehicle,,"[""Intersection Related"",""Pedestrian"",""Distracted Driver (Suspected)""]",0,0,0,0,1,,,Clear,Dry,Dark-Lighted,33.763573,-84.441039
11/7/19 13:00,Atlanta Police Department,Fulton,Atlanta,Campbellton Rd,Maxwell Dr and Campbellton Rd,(O) No Injury,Not a Collision with Motor Vehicle,,"[""Intersection Related"",""Pedestrian""]",0,0,0,0,1,,,Clear,Dry,Daylight,33.698196,-84.483296
9/26/19 17:08,Atlanta Police Department,Fulton,Atlanta,Pryor St,Pryor St and Martin L King Jr Dr,(O) No Injury,Not a Collision with Motor Vehicle,,"[""Intersection Related"",""Pedestrian"",""Distracted Driver (Suspected)"",""Improper Occupant Protection""]",0,0,0,0,1,"[""No Contributing Factors"",""No Contributing Factors""]",,Clear,Dry,Daylight,33.751394,-84.390977
3/30/19 19:56,Atlanta Police Department,Fulton,Atlanta,77 W Paces Ferry Rd,,(O) No Injury,Rear End,,Pedestrian,0,0,0,0,1,,,Clear,Dry,Dark-Lighted,33.840144,-84.381725
10/3/19 0:03,Atlanta Police Department,Fulton,Atlanta,Donald Lee Hollowell Pkwy,Harwell Rd and Donald Lee Hollowell Pkwy,(O) No Injury,Not a Collision with Motor Vehicle,,"[""Intersection Related"",""Aggressive Driving"",""Hit & Run"",""Pedestrian""]",0,0,0,0,1,"[""Improper Passing"",""Other""]",,Clear,Dry,Dark-Not Lighted,33.786064,-84.491178
3/30/19 18:51,Atlanta Police Department,Fulton,Atlanta,Mcwilliams Rd,Jonesboro Rd and Mcwilliams Rd,(O) No Injury,Not a Collision with Motor Vehicle,,"[""Intersection Related"",""Hit & Run"",""Pedestrian"",""Distracted Driver (Suspected)"",""Improper Occupant Protection""]",0,0,0,0,1,,,Clear,Dry,Daylight,33.688727,-84.364015
6/27/19 19:10,Atlanta Police Department,Fulton,Atlanta,W Wesley Rd,W Wesley Rd and Ridgewood Rd,(O) No Injury,Angle (Other),,"[""Intersection Related"",""Bicycle""]",0,0,0,0,2,,,Clear,Dry,Daylight,33.840177,-84.446622
8/2/19 22:13,Atlanta Police Department,Fulton,Atlanta,2552 Donald Lee Hollowell Pkwy,,(O) No Injury,Head On,,"[""Pedestrian"",""Young Driver (Age 15-19)"",""Distracted Driver (Suspected)""]",0,0,0,0,1,"[""Other"",""Other""]",,Clear,Dry,Dark-Lighted,33.775338,-84.469894
10/12/19 21:27,Atlanta Police Department,Fulton,Atlanta,Donald Lee Hollowell,Eugenia Pl and Donald Lee Hollowell,(O) No Injury,Not a Collision with Motor Vehicle,,"[""Intersection Related"",""Older Driver (65+)"",""Pedestrian"",""Impaired (Suspected)""]",0,0,0,0,1,"[""Misjudged Clearance"",""No Contributing Factors""]",,Clear,Dry,Dark-Lighted,33.776699,-84.453057
1/11/19 8:52,Atlanta Police Department,Fulton,Atlanta,Penn Ave,Penn Ave and Ponce De Leon Ave,Unknown,Not a Collision with Motor Vehicle,,"[""Intersection Related"",""Pedestrian"",""Distracted Driver (Suspected)""]",0,0,0,0,1,"[""No Contributing Factors"",""Other""]",,Clear,Dry,Daylight,33.772584,-84.379035
4/29/19 3:36,Atlanta Police Department,Fulton,Atlanta,Macon Dr Se   Mobley Dr,Mobley Dr and Macon Dr Se   Mobley Dr,(O) No Injury,Head On,,"[""Intersection Related"",""Hit & Run"",""Pedestrian"",""Impaired Driving (Confirmed)""]",0,0,0,0,1,"[""Changed Lanes Improperly"",""No Contributing Factors""]",,Cloudy,Dry,Dark-Lighted,33.686431,-84.389321
1/7/19 18:10,Atlanta Police Department,Fulton,Atlanta,1163 Metropolitan Pkwy,University Ave and 1163 Metropolitan Pkwy,(O) No Injury,Sideswipe-Same Direction,,"[""Roadway Departure"",""Pedestrian"",""Older Driver (55-64)""]",0,0,0,0,3,"[""Disregard Stop Sign/Signal"",""No Contributing Factors"",""No Contributing Factors""]",,Clear,Dry,Dark-Lighted,33.723094,-84.407879
5/18/19 12:50,Atlanta Police Department,Fulton,Atlanta,486 Lawton St,,(O) No Injury,Not a Collision with Motor Vehicle,,"[""Pedestrian"",""Young Driver (Age 15-19)"",""Distracted Driver (Suspected)""]",0,0,0,0,1,"[""No Contributing Factors"",""Other""]",,Clear,Dry,Daylight,33.741785,-84.423348
1/25/19 16:13,Atlanta Police Department,Fulton,Atlanta,Marietta St Nw   Northside Dr,Northside Dr and Marietta St Nw   Northside Dr,(O) No Injury,Angle (Other),,"[""Intersection Related"",""CMV Related"",""Pedestrian""]",0,0,0,0,1,,,Clear,Dry,Daylight,33.775919,-84.40705
11/5/19 15:02,Atlanta Police Department,Fulton,Atlanta,Garnett St,Pryor St and Garnett St,(O) No Injury,Not a Collision with Motor Vehicle,,"[""Intersection Related"",""Pedestrian"",""Distracted Driver (Suspected)""]",0,0,0,0,1,"[""Other"",""Other""]",,Clear,Dry,Daylight,33.748086,-84.39358
4/16/19 12:00,Atlanta Police Department,Fulton,Atlanta,3355 Lenox,,(O) No Injury,Angle (Other),,"[""Older Driver (65+)"",""Pedestrian""]",0,0,0,0,1,,,Clear,Dry,Daylight,33.846239,-84.359049
1/12/19 20:42,Atlanta Police Department,Fulton,Atlanta,Marietta St Nw   Latimer St,Latimer St and Marietta St Nw   Latimer St,(O) No Injury,Angle (Other),,"[""Intersection Related"",""Hit & Run"",""Pedestrian""]",0,0,0,0,1,,,Rain,Wet,Dark-Lighted,33.761944,-84.396439
9/30/19 16:00,Atlanta Police Department,Fulton,Atlanta,15 Edgewood Ave Se State Police,Peachtree St and 15 Edgewood Ave Se State Police,(O) No Injury,Not a Collision with Motor Vehicle,,"[""Intersection Related"",""Hit & Run"",""Pedestrian""]",0,0,0,0,1,,,Clear,Dry,Daylight,33.754509,-84.389808
5/12/19 6:33,Atlanta Police Department,Fulton,Atlanta,I 85,I 85 and Sr 400,(O) No Injury,Sideswipe-Same Direction,,"[""Pedestrian"",""Older Driver (55-64)""]",0,0,0,0,2,,,Rain,Wet,Dark-Lighted,33.819353,-84.361703
5/17/19 16:49,Gsp Post 00,Fulton,Atlanta,I 75,,(C) Possible Injury / Complaint,Sideswipe-Same Direction,,"[""Roadway Departure"",""Hit & Run"",""Pedestrian"",""Young Driver (Age 15-19)""]",0,0,0,1,1,"[""No Contributing Factors"",""Other""]",,Clear,Dry,Daylight,33.814291,-84.421159
5/20/19 12:41,Gsp Post 00,Fulton,Atlanta,Boulevard Se At United Ave,,(B) Suspected Minor/Visible Injury,Angle (Other),,"[""Intersection Related"",""Bicycle""]",0,0,1,0,2,,,Clear,Dry,Daylight,33.735694,-84.368125
7/5/19 12:45,Georgia Tech Police Department,Fulton,Atlanta,Tech Pkwy,N Ave and Tech Pkwy,(C) Possible Injury / Complaint,Sideswipe-Same Direction,,"[""Intersection Related"",""Bicycle"",""Improper Occupant Protection""]",0,0,0,1,1,No Signal/Improper Signal,,Clear,Dry,Daylight,33.771612,-84.396288
7/4/15 22:54,Atlanta Police Department,Fulton,Atlanta,1495 Wellswood Dr,,(O) No Injury,Head On,,"[""Roadway Departure"",""Hit & Run"",""Pedestrian"",""Distracted Driver (Suspected)"",""Improper Occupant Protection""]",0,0,0,0,2,"[""Driver Lost Control"",""No Contributing Factors"",""No Contributing Factors"",""No Contributing Factors""]",,Rain,Wet,Dark-Lighted,33.713291,-84.357184
12/10/15 19:26,Atlanta Police Department,Fulton,Atlanta,Moreland Ave,Memorial Dr and Moreland Ave,(A) Suspected Serious Injury,Not a Collision with Motor Vehicle,,"[""Intersection Related"",""Pedestrian"",""Distracted Driver (Suspected)""]",0,1,0,0,1,"[""No Contributing Factors"",""Other""]",,Clear,Dry,Dark-Lighted,33.747615,-84.349215
11/12/15 15:19,Atlanta Police Department,Fulton,Atlanta,Monroe Dr Ne Dr,Monroe Dr Ne Dr and Ponce De Leon Ave,(C) Possible Injury / Complaint,Angle (Other),,"[""Intersection Related"",""Pedestrian""]",0,0,0,1,1,"[""No Contributing Factors"",""Other""]",,Clear,Dry,Daylight,33.773662,-84.370917
5/29/15 17:05,Atlanta Police Department,Fulton,Atlanta,Allegheny St,Bernice St and Allegheny St,(B) Suspected Minor/Visible Injury,Angle (Other),,"[""Intersection Related"",""Bicycle"",""Improper Occupant Protection""]",0,0,1,0,2,"[""Failure to Yield"",""No Contributing Factors""]",,Clear,Dry,Daylight,33.735058,-84.433116
10/10/15 7:35,Atlanta Police Department,Fulton,Atlanta,929 929 Charles Allen Dr Ne Dr,8 Th St and 929 929 Charles Allen Dr Ne Dr,(C) Possible Injury / Complaint,Not a Collision with Motor Vehicle,,"[""Intersection Related"",""Pedestrian"",""Distracted Driver (Suspected)""]",0,0,0,1,1,No Contributing Factors,,Cloudy,Wet,Dark-Lighted,33.780474,-84.372812
9/8/15 6:45,Atlanta Police Department,Fulton,Atlanta,N Highland Ave Ne   Ponce De Leon Ave,Ponce De Leon Ave and N Highland Ave Ne   Ponce De Leon Ave,(O) No Injury,Not a Collision with Motor Vehicle,,"[""Intersection Related"",""Pedestrian"",""Distracted Driver (Suspected)"",""Improper Occupant Protection""]",0,0,0,0,1,No Contributing Factors,,Rain,Wet,Dark-Lighted,33.773933,-84.352502
10/18/15 16:19,Atlanta Police Department,Fulton,Atlanta,Fulton St Sw   Mcdaniel St Sw St,Mcdaniel St and Fulton St Sw   Mcdaniel St Sw St,(C) Possible Injury / Complaint,Not a Collision with Motor Vehicle,,"[""Intersection Related"",""Pedestrian"",""Young Adult Driver (Age 20-24)""]",0,0,0,1,1,"[""Failure to Yield"",""No Contributing Factors""]",,Clear,Dry,Daylight,33.741568,-84.40301
6/3/15 18:06,Atlanta Police Department,Fulton,Atlanta,Pine St,Pine St and Courtland St,(C) Possible Injury / Complaint,Not a Collision with Motor Vehicle,,"[""Intersection Related"",""Pedestrian"",""Distracted Driver (Suspected)"",""Improper Occupant Protection""]",0,0,0,1,1,"[""No Contributing Factors"",""Other""]",,Rain,Wet,Daylight,33.76747,-84.384083
9/9/15 17:44,Atlanta Police Department,Fulton,Atlanta,Ralph D Abernathy Blvd,Lee St and Ralph D Abernathy Blvd,(C) Possible Injury / Complaint,Not a Collision with Motor Vehicle,,"[""Intersection Related"",""Pedestrian""]",0,0,0,1,1,"[""Failure to Yield"",""No Contributing Factors""]",,Clear,Dry,Daylight,33.738246,-84.414088
8/22/16 17:18,Atlanta Police Department,Fulton,Atlanta,N Ave Nw   Spring St,Spring St and N Ave Nw   Spring St,(O) No Injury,Head On,,"[""Intersection Related"",""Hit & Run"",""Bicycle""]",0,0,0,0,2,"[""Failure to Yield"",""No Contributing Factors""]",,Clear,Dry,Daylight,33.771348,-84.388849
8/31/16 11:20,College Park Police Dept.,Fulton,Atlanta,351 Ferst Dr,Cherry St and 351 Ferst Dr,(O) No Injury,Head On,,"[""Pedestrian"",""Young Adult Driver (Age 20-24)"",""Distracted Driver (Suspected)""]",0,0,0,0,1,"[""No Contributing Factors"",""No Contributing Factors""]",,Clear,Dry,Daylight,33.773455,-84.399658
8/19/16 9:40,Atlanta Police Department,Fulton,Atlanta,Roswell Rd,Roswell Rd and Laurel Forest Cir,(C) Possible Injury / Complaint,Not a Collision with Motor Vehicle,,"[""Intersection Related"",""Hit & Run"",""Pedestrian""]",0,0,0,1,1,"[""Failure to Yield"",""No Contributing Factors""]",,Clear,Dry,Daylight,33.862563,-84.38025
8/13/16 21:55,Atlanta Police Department,Fulton,Atlanta,3101 Piedmont Rd,,(O) No Injury,Sideswipe-Same Direction,,"[""Roadway Departure"",""Hit & Run"",""Pedestrian""]",0,0,0,0,3,"[""No Contributing Factors"",""No Contributing Factors"",""Other""]",,Clear,Dry,Dark-Lighted,33.840706,-84.369892
9/6/16 17:05,Atlanta Police Department,Fulton,Atlanta,Blvd,E Ave and  Blvd,(B) Suspected Minor/Visible Injury,Head On,,"[""Intersection Related"",""Pedestrian"",""Young Adult Driver (Age 20-24)"",""Distracted Driver (Suspected)""]",0,0,1,0,1,"[""No Contributing Factors"",""No Contributing Factors""]",,Clear,Dry,Daylight,33.763167,-84.371974
4/18/16 11:00,Atlanta Police Department,Fulton,Atlanta,1708 Peachtree St,Deering Rd and 1708 Peachtree St,(O) No Injury,Not a Collision with Motor Vehicle,,Pedestrian,0,0,0,0,1,"[""Misjudged Clearance"",""No Contributing Factors""]",,Clear,Dry,Daylight,33.801072,-84.392741
2/2/16 20:09,Atlanta Police Department,Fulton,Atlanta,3747 Peachtree Rd,,(C) Possible Injury / Complaint,Not a Collision with Motor Vehicle,,"[""Pedestrian"",""Young Adult Driver (Age 20-24)""]",0,0,0,1,1,"[""Failure to Yield"",""No Contributing Factors""]",,Clear,Dry,Dark-Lighted,33.856328,-84.350106
12/24/16 20:00,Atlanta Police Department,Fulton,Atlanta,Cleveland Ave,Cleveland Ave and Old Hapeville Rd,(C) Possible Injury / Complaint,Not a Collision with Motor Vehicle,,"[""Intersection Related"",""Hit & Run"",""Pedestrian"",""Distracted Driver (Suspected)""]",0,0,0,1,1,"[""No Contributing Factors"",""Other""]",,Clear,Dry,Dark-Lighted,33.681119,-84.393716
8/20/16 14:28,Atlanta Police Department,Fulton,Atlanta,17Th St,17Th St and Village St,(B) Suspected Minor/Visible Injury,Angle (Other),,"[""Intersection Related"",""Distracted Driver (Confirmed)"",""Pedestrian"",""Older Driver (55-64)""]",0,0,1,0,1,"[""Inattentive or Other Distraction (Distracted)"",""No Contributing Factors""]",,Cloudy,Dry,Daylight,33.789536,-84.402773
1/16/16 18:42,Atlanta Police Department,DeKalb,Atlanta,37 Moreland Ave,,Unknown,Not a Collision with Motor Vehicle,,"[""Distracted Driver (Confirmed)"",""Pedestrian""]",0,0,0,0,1,"[""Inattentive or Other Distraction (Distracted)"",""No Contributing Factors""]",,Clear,Dry,Dark-Lighted,33.754435,-84.348073
8/17/16 11:58,Atlanta Police Department,Fulton,Atlanta,Cleveland Ave,Beeler Dr and Cleveland Ave,(C) Possible Injury / Complaint,Angle (Other),,"[""Intersection Related"",""Hit & Run"",""Older Driver (65+)"",""Pedestrian"",""Impaired (Suspected)""]",0,0,0,1,3,"[""Misjudged Clearance"",""Misjudged Clearance"",""No Contributing Factors""]",,Clear,Dry,Daylight,33.681154,-84.401193
3/17/16 7:22,Atlanta Police Department,Fulton,Atlanta,Monroe Dr,Monroe Dr and Rock Springs Rd,(B) Suspected Minor/Visible Injury,Not a Collision with Motor Vehicle,,"[""Intersection Related"",""Pedestrian""]",0,0,1,0,1,"[""Failure to Yield"",""Failure to Yield""]",,Clear,Dry,Dawn,33.805529,-84.374649
6/12/16 20:00,Atlanta Police Department,Fulton,Atlanta,Hunnicutt St,Plum St and Hunnicutt St,(C) Possible Injury / Complaint,Not a Collision with Motor Vehicle,,"[""Intersection Related"",""Pedestrian"",""Distracted Driver (Suspected)""]",0,0,0,1,1,"[""No Contributing Factors"",""Other""]",,Clear,Dry,Daylight,33.771215,-84.399149
5/24/16 13:50,Atlanta Police Department,Fulton,Atlanta,1400 Lee St,,(C) Possible Injury / Complaint,Not a Collision with Motor Vehicle,,"[""Intersection Related"",""Distracted Driver (Confirmed)"",""Pedestrian"",""Older Driver (55-64)""]",0,0,0,1,1,"[""Inattentive or Other Distraction (Distracted)"",""No Contributing Factors""]",,Clear,Dry,Daylight,33.718218,-84.425206
5/30/16 21:57,Atlanta Police Department,Fulton,Atlanta,Arthur St,Hobson St and Arthur St,(O) No Injury,Rear End,,"[""Hit & Run"",""Pedestrian"",""Distracted Driver (Suspected)""]",0,0,0,0,1,"[""No Contributing Factors"",""Other""]",,Clear,Dry,Dark-Not Lighted,33.728133,-84.405317
12/2/16 7:40,Atlanta Police Department,Fulton,Atlanta,Cheshire Bridge Rd,Woodland Ave and Cheshire Bridge Rd,(C) Possible Injury / Complaint,Not a Collision with Motor Vehicle,,"[""Intersection Related"",""Pedestrian""]",0,0,0,1,1,"[""Misjudged Clearance"",""No Contributing Factors""]",,Clear,Dry,Daylight,33.815022,-84.35303
8/13/16 2:22,Atlanta Police Department,Fulton,Atlanta,I 20,I 20 and I 285,(A) Suspected Serious Injury,Rear End,,"[""Hit & Run"",""Pedestrian"",""Impaired (Suspected)"",""Distracted Driver (Suspected)""]",0,1,1,1,3,"[""Changed Lanes Improperly"",""No Contributing Factors""]",,Clear,Dry,Dark-Not Lighted,33.764526,-84.492836
12/20/16 3:31,Atlanta Police Department,Fulton,Atlanta,I 20,I 20 and Martin L King Jr Dr,(C) Possible Injury / Complaint,Rear End,,"[""Roadway Departure"",""Hit & Run"",""Pedestrian"",""Young Adult Driver (Age 20-24)"",""Distracted Driver (Suspected)""]",0,0,0,3,3,"[""No Contributing Factors"",""No Contributing Factors"",""Other""]",,Clear,Dry,Dark-Lighted,33.751612,-84.448792
3/7/17 16:48,Atlanta Police Department,Fulton,Atlanta,1606 Martin L King Jr Dr,,(O) No Injury,Angle (Other),,"[""Intersection Related"",""Pedestrian""]",0,0,0,0,1,"[""Driver Lost Control"",""No Contributing Factors""]",,Rain,Wet,Daylight,33.752226,-84.439996
9/3/17 21:30,Atlanta Police Department,Fulton,Atlanta,Ellis St,Ellis St and Peachtree Center Ave,(O) No Injury,Not a Collision with Motor Vehicle,,"[""Intersection Related"",""Distracted Driver (Confirmed)"",""Pedestrian"",""Older Driver (55-64)""]",0,0,0,0,1,"[""Inattentive or Other Distraction (Distracted)"",""No Contributing Factors""]",,Clear,Dry,Dark-Lighted,33.7584,-84.386083
9/15/17 14:55,Atlanta Police Department,Fulton,Atlanta,180 Howell Dr,,(C) Possible Injury / Complaint,Angle (Other),,"[""Older Driver (65+)"",""Pedestrian""]",0,0,0,1,1,"[""Misjudged Clearance"",""Other""]",,Cloudy,Dry,Daylight,33.753331,-84.503498
8/1/17 12:11,Atlanta Police Department,Fulton,Atlanta,100 Auburn Ave,Piedmont Ave and 100 Auburn Ave,(C) Possible Injury / Complaint,Not a Collision with Motor Vehicle,,"[""Intersection Related"",""Pedestrian"",""Young Adult Driver (Age 20-24)""]",0,0,0,1,1,"[""Failure to Yield"",""No Contributing Factors""]",,Clear,Dry,Daylight,33.75557,-84.384168
11/29/17 7:39,Atlanta Police Department,Fulton,Atlanta,Markham St,Markham St and Northside Dr,(C) Possible Injury / Complaint,Not a Collision with Motor Vehicle,,"[""Intersection Related"",""Pedestrian"",""Older Driver (55-64)""]",0,0,0,1,1,"[""Failure to Yield"",""No Contributing Factors""]",,Cloudy,Dry,Daylight,33.752876,-84.402642
4/25/17 14:53,Atlanta Police Department,Fulton,Atlanta,Ralph Mcgill Blvd,Blvd and Ralph Mcgill Blvd,(B) Suspected Minor/Visible Injury,Not a Collision with Motor Vehicle,,"[""Intersection Related"",""Older Driver (65+)"",""Pedestrian""]",0,0,1,0,1,"[""Failure to Yield"",""No Contributing Factors""]",,Clear,Dry,Daylight,33.763961,-84.372073
8/25/17 11:50,Atlanta Police Department,Fulton,Atlanta,W Peachtree St,Peachtree Pl and W Peachtree St,(B) Suspected Minor/Visible Injury,Not a Collision with Motor Vehicle,,"[""Intersection Related"",""Pedestrian""]",0,0,1,0,1,"[""Failure to Yield"",""No Contributing Factors""]",,Clear,Dry,Daylight,33.780792,-84.387538
2/15/17 7:14,Atlanta Police Department,Fulton,Atlanta,254 Peachtree St Sw City Jail,Peachtree St and 254 Peachtree St Sw City Jail,(C) Possible Injury / Complaint,Not a Collision with Motor Vehicle,,"[""Aggressive Driving"",""Pedestrian"",""Speed Related""]",0,0,0,1,1,"[""No Contributing Factors"",""Too Fast for Conditions""]",,Rain,Wet,Dark-Lighted,33.747519,-84.395874
2/2/17 19:29,Atlanta Police Department,Fulton,Atlanta,580 Mcdonough Blvd,Boulvard and 580 Mcdonough Blvd,(C) Possible Injury / Complaint,Not a Collision with Motor Vehicle,,"[""Intersection Related"",""Pedestrian"",""Young Adult Driver (Age 20-24)"",""Distracted Driver (Suspected)""]",0,0,0,1,1,"[""No Contributing Factors"",""Other""]",,Clear,Dry,Dark-Lighted,33.71382,-84.368593