Date and Time,Agency Name (Crash Level) ,Area: County,Area: City,Roadway (From Crash Report),Intersection Name (from Crash Report),KABCO Severity,Manner of Collision (Crash Level) ,First Harmful Event (Crash Level) ,SHSP Emphasis Areas,# of Fatalities (Person Table),# Serious Injuries,# Visible Injuries,# Complaint Injuries,# of Vehicles,Operator / Driver Contributing Factor -old,Roadway Contributing Factors (Crash Level) ,Weather Conditions (Crash Level),Surface Condition (Crash Level) ,Light Conditions (Crash Level),Latitude ,Longitude
4/22/17 17:31,Atlanta Police Department,Fulton,Atlanta,Highland Ave Ne   Jackson St,Jackson St and Highland Ave Ne   Jackson St,(O) No Injury,Angle (Other),,"[""Intersection Related"",""Hit & Run"",""Pedestrian""]",0,0,0,0,1,No Contributing Factors,,Clear,Dry,Daylight,33.761383,-84.374276
11/24/17 15:42,Atlanta Police Department,Fulton,Atlanta,Pharr Rd,Pharr Rd and Peachtree Rd,(C) Possible Injury / Complaint,Not a Collision with Motor Vehicle,,"[""Intersection Related"",""Pedestrian""]",0,0,0,1,1,"[""Failure to Yield"",""No Contributing Factors""]",,Clear,Dry,Daylight,33.837071,-84.381338
5/13/17 3:08,Atlanta Police Department,Fulton,Atlanta,2520 Piedmont Rd,Morosgo Dr and 2520 Piedmont Rd,(C) Possible Injury / Complaint,Not a Collision with Motor Vehicle,,"[""Intersection Related"",""Hit & Run"",""Pedestrian"",""Distracted Driver (Suspected)""]",0,0,0,2,2,Other,,Clear,Dry,Dark-Lighted,33.823575,-84.367271
4/24/17 15:04,Atlanta Police Department,Fulton,Atlanta,Ashby Cir,Ashby Cir and Joseph E Lowery Blvd,(B) Suspected Minor/Visible Injury,Head On,,"[""Intersection Related"",""Pedestrian"",""Distracted Driver (Suspected)"",""Older Driver (55-64)""]",0,0,1,0,1,"[""No Contributing Factors"",""No Contributing Factors""]",,Clear,Dry,Daylight,33.76273,-84.417487
1/10/17 20:50,Atlanta Police Department,Fulton,Atlanta,Hollywood Rd,Johnson Rd and Hollywood Rd,(B) Suspected Minor/Visible Injury,Rear End,,"[""Intersection Related"",""Hit & Run"",""Pedestrian"",""Impaired (Suspected)"",""Distracted Driver (Suspected)""]",0,0,1,0,1,"[""No Contributing Factors"",""Other""]",,Clear,Dry,Dark-Not Lighted,33.779793,-84.455295
12/19/17 9:30,Atlanta Police Department,Fulton,Atlanta,7Th St,7Th St and Peachtree St,(C) Possible Injury / Complaint,Angle (Other),,"[""Intersection Related"",""Pedestrian""]",0,0,0,1,1,"[""No Contributing Factors"",""No Contributing Factors""]",,Clear,Dry,Daylight,33.778523,-84.384307
11/19/17 19:42,Atlanta Police Department,Fulton,Atlanta,4511 Campbellton Rd,,(O) No Injury,Not a Collision with Motor Vehicle,,"[""Intersection Related"",""Pedestrian"",""Distracted Driver (Suspected)""]",0,0,0,0,1,"[""No Contributing Factors"",""Other""]",,Cloudy,Dry,Dark-Lighted,33.696026,-84.535068
10/11/17 20:28,Atlanta Police Department,Fulton,Atlanta,10Th St,10Th St and Juniper St,(O) No Injury,Not a Collision with Motor Vehicle,,"[""Intersection Related"",""Pedestrian"",""Older Driver (55-64)""]",0,0,0,0,1,"[""Failure to Yield"",""No Contributing Factors""]",,Clear,Dry,Dark-Lighted,33.781739,-84.3825
10/13/17 19:50,Atlanta Police Department,Fulton,Atlanta,Donald Lee Hollowell Pkwy,Hollywood St and Donald Lee Hollowell Pkwy,(O) No Injury,Angle (Other),,"[""Intersection Related"",""Hit & Run"",""Pedestrian""]",0,0,0,0,1,"[""Disregard Stop Sign/Signal"",""No Contributing Factors""]",,Clear,Dry,Dark-Lighted,33.776598,-84.44961
5/14/17 18:30,Atlanta Police Department,Fulton,Atlanta,Polar Rock,Polar Rock and Polar Rock Terr,(C) Possible Injury / Complaint,Not a Collision with Motor Vehicle,,"[""Intersection Related"",""Pedestrian"",""Distracted Driver (Suspected)""]",0,0,0,1,1,"[""No Contributing Factors"",""No Contributing Factors""]",,Clear,Dry,Daylight,33.69263,-84.394808
2/16/17 18:57,Atlanta Police Department,Fulton,Atlanta,10Th St,10Th St and State St,(B) Suspected Minor/Visible Injury,Not a Collision with Motor Vehicle,,"[""Intersection Related"",""Pedestrian"",""Young Adult Driver (Age 20-24)"",""Distracted Driver (Suspected)""]",0,0,1,0,1,"[""No Contributing Factors"",""Other""]",,Clear,Dry,Dark-Lighted,33.781512,-84.399039
5/11/17 15:44,Atlanta Police Department,Fulton,Atlanta,Mangum St Sw   Mitchell St,Mitchell St and Mangum St Sw   Mitchell St,(C) Possible Injury / Complaint,Not a Collision with Motor Vehicle,,"[""Intersection Related"",""Distracted Driver (Confirmed)"",""Pedestrian""]",0,0,0,1,1,"[""Inattentive or Other Distraction (Distracted)"",""No Contributing Factors""]",,Clear,Dry,Daylight,33.753744,-84.399563
2/19/17 0:10,Atlanta Police Department,Fulton,Atlanta,I 7585,I 7585 and Edgewood Ave,(A) Suspected Serious Injury,Head On,,"[""Hit & Run"",""Pedestrian"",""Distracted Driver (Suspected)""]",0,1,0,0,3,"[""No Contributing Factors"",""No Contributing Factors"",""Other""]",,Clear,Dry,Dark-Lighted,33.751875,-84.379648
10/19/17 19:53,Atlanta Police Department,Fulton,Atlanta,Martin L King Jr Dr,Fairburn Rd and Martin L King Jr Dr,(C) Possible Injury / Complaint,Not a Collision with Motor Vehicle,,"[""Intersection Related"",""Pedestrian"",""Distracted Driver (Suspected)"",""Older Driver (55-64)""]",0,0,0,1,1,"[""No Contributing Factors"",""Other""]",,Clear,Dry,Dark-Lighted,33.759602,-84.505453
5/17/17 16:03,Atlanta Police Department,Fulton,Atlanta,Lenox Rd,Lenox Rd and Woodland Ave,(B) Suspected Minor/Visible Injury,Angle (Other),,"[""Intersection Related"",""Older Driver (65+)"",""Bicycle"",""Older Driver (55-64)""]",0,0,1,0,2,"[""Failure to Yield"",""No Contributing Factors""]",,Clear,Dry,Daylight,33.814541,-84.351792
10/12/17 3:10,Atlanta Police Department,Fulton,Atlanta,Bolton Rd,Bolton Rd and Parrot Ave,(A) Suspected Serious Injury,Not a Collision with Motor Vehicle,,"[""Intersection Related"",""Distracted Driver (Confirmed)"",""Hit & Run"",""Pedestrian""]",0,1,0,0,1,,,Clear,Dry,Dark-Not Lighted,33.810443,-84.477927
2/14/17 19:31,Atlanta Police Department,Fulton,Atlanta,350 Moreland Ave,Moreland Ave and 350 Moreland Ave,(C) Possible Injury / Complaint,Not a Collision with Motor Vehicle,,Pedestrian,0,0,0,1,1,"[""Misjudged Clearance"",""No Contributing Factors""]",,Clear,Dry,Dark-Lighted,33.763618,-84.349227
3/30/17 18:35,Atlanta Police Department,Fulton,Atlanta,Martin L King Jr,Bakers Ferry Rd and Martin L King Jr,(K) Fatal Injury,Not a Collision with Motor Vehicle,,"[""Intersection Related"",""Older Driver (65+)"",""Pedestrian"",""Distracted Driver (Suspected)""]",1,0,0,0,1,"[""No Contributing Factors"",""Other""]",,Clear,Dry,Daylight,33.760931,-84.506938
11/14/17 9:10,Atlanta Police Department,Fulton,Atlanta,Northside Dr,14Th St and Northside Dr,(B) Suspected Minor/Visible Injury,Not a Collision with Motor Vehicle,,"[""Intersection Related"",""Distracted Driver (Confirmed)"",""Pedestrian"",""Young Adult Driver (Age 20-24)""]",0,0,1,0,1,"[""No Contributing Factors"",""Other""]",,Cloudy,Dry,Daylight,33.786426,-84.407445
8/7/17 11:47,Atlanta Police Department,Fulton,Atlanta,Peachtree St,Auburn Ave and Peachtree St,(B) Suspected Minor/Visible Injury,Not a Collision with Motor Vehicle,,"[""Intersection Related"",""Distracted Driver (Confirmed)"",""Pedestrian""]",0,0,1,0,1,"[""Failure to Yield"",""No Contributing Factors""]",,Clear,Dry,Daylight,33.755579,-84.386104
9/27/17 16:05,Atlanta Police Department,Fulton,Atlanta,1998 Campbellton Rd,,(C) Possible Injury / Complaint,Angle (Other),,"[""Intersection Related"",""Older Driver (65+)"",""Pedestrian""]",0,0,0,1,1,"[""Failure to Yield"",""No Contributing Factors""]",,Clear,Dry,Daylight,33.707336,-84.454992
11/9/17 14:55,Georgia Tech Police Department,Fulton,Atlanta,Ferst Dr,Ferst Dr and Atlantic Dr,(B) Suspected Minor/Visible Injury,Sideswipe-Same Direction,,"[""Distracted Driver (Confirmed)"",""Bicycle"",""Improper Occupant Protection""]",0,0,1,0,2,"[""Inattentive or Other Distraction (Distracted)"",""No Contributing Factors""]",,Cloudy,Dry,Daylight,33.778256,-84.398122
7/7/17 10:45,Atlanta Police Department,Fulton,Atlanta,W Peachtree St,5Th St and W Peachtree St,(O) No Injury,Angle (Other),,"[""Intersection Related"",""Pedestrian""]",0,0,0,0,1,"[""Improper Turn"",""No Contributing Factors""]",,Clear,Dry,Daylight,33.776809,-84.387304
6/3/17 0:00,Atlanta Police Department,Fulton,Atlanta,Irwin St,Grape St and Irwin St,(C) Possible Injury / Complaint,Not a Collision with Motor Vehicle,,"[""Intersection Related"",""Hit & Run"",""Pedestrian"",""Distracted Driver (Suspected)""]",0,0,0,1,1,"[""No Contributing Factors"",""Other""]",,Clear,Dry,Dark-Lighted,33.757662,-84.37226
9/23/17 23:34,Atlanta Police Department,Fulton,Atlanta,W Peachtree St,N Ave and W Peachtree St,(C) Possible Injury / Complaint,Head On,,"[""Intersection Related"",""Pedestrian"",""Young Adult Driver (Age 20-24)"",""Distracted Driver (Suspected)""]",0,0,0,1,1,"[""No Contributing Factors"",""Other""]",,Clear,Dry,Dusk,33.771271,-84.387418
8/5/17 20:00,Atlanta Police Department,Fulton,Atlanta,Greendale Dr,Lakewood Trl and Greendale Dr,(B) Suspected Minor/Visible Injury,Not a Collision with Motor Vehicle,,"[""Intersection Related"",""Pedestrian"",""Distracted Driver (Suspected)""]",0,0,1,0,1,"[""No Contributing Factors"",""No Contributing Factors""]",,Clear,Dry,Daylight,33.698981,-84.378157
5/15/17 16:18,Atlanta Police Department,Fulton,Atlanta,Peachtree Center Ave Ne   Baker St,Baker St and Peachtree Center Ave Ne   Baker St,(C) Possible Injury / Complaint,Angle (Other),,"[""Intersection Related"",""Pedestrian"",""Older Driver (55-64)""]",0,0,0,1,1,"[""Disregard Stop Sign/Signal"",""No Contributing Factors""]",,Clear,Dry,Daylight,33.762231,-84.385834
7/15/17 9:51,Atlanta Police Department,Fulton,Atlanta,Baker St Nw   Ted Turner Dr,Ted Turner Dr and Baker St Nw   Ted Turner Dr,(C) Possible Injury / Complaint,Not a Collision with Motor Vehicle,,"[""Intersection Related"",""Distracted Driver (Confirmed)"",""Pedestrian""]",0,0,0,1,1,"[""No Contributing Factors"",""Talking on Hand-Held Device (Distracted)""]",,Cloudy,Dry,Daylight,33.762252,-84.389015
5/20/17 5:25,Atlanta Police Department,Fulton,Atlanta,1683 Lakewood Ave,,(B) Suspected Minor/Visible Injury,Not a Collision with Motor Vehicle,,"[""Intersection Related"",""Hit & Run"",""Pedestrian"",""Distracted Driver (Suspected)""]",0,0,1,0,1,"[""No Contributing Factors"",""Other""]",,Clear,Dry,Dark-Lighted,33.708054,-84.379986
6/3/17 15:38,Georgia Tech Police Department,Fulton,Atlanta,Mcmillan St,Turner Pl and Mcmillan St,(B) Suspected Minor/Visible Injury,Not a Collision with Motor Vehicle,,"[""Intersection Related"",""Distracted Driver (Confirmed)"",""Pedestrian""]",0,0,1,0,1,"[""Inattentive or Other Distraction (Distracted)"",""No Contributing Factors""]",,Clear,Dry,Daylight,33.778669,-84.404187
12/13/17 23:53,Gsp Post 00,Fulton,Atlanta,I 20,I 20 and Moreland Ave,(O) No Injury,Angle (Other),,"[""Pedestrian"",""Improper Occupant Protection""]",0,0,0,0,1,"[""No Contributing Factors"",""No Contributing Factors"",""Other""]",,Clear,Dry,Dark-Lighted,33.745288,-84.349217
4/25/17 15:00,Atlanta Police Department,DeKalb,Atlanta,Candler Rd,Candler Rd and Memorial Dr,(B) Suspected Minor/Visible Injury,Angle (Other),,"[""Intersection Related"",""Older Driver (65+)"",""Pedestrian""]",0,0,1,0,1,"[""Failure to Yield"",""No Contributing Factors""]",,Clear,Dry,Daylight,33.747084,-84.292057
2/6/17 15:10,Atlanta Police Department,Fulton,Atlanta,80 Anderson Ave Sw Westlake Marta Stati,,(B) Suspected Minor/Visible Injury,Not a Collision with Motor Vehicle,,"[""Pedestrian"",""Distracted Driver (Suspected)""]",0,0,1,0,1,"[""No Contributing Factors"",""Other""]",,Clear,Dry,Daylight,33.752018,-84.444155
9/25/17 12:06,Georgia Tech Police Department,Fulton,Atlanta,Ferst Dr,Sixth St and Ferst Dr,(O) No Injury,Angle (Other),,"[""Intersection Related"",""Older Driver (65+)"",""Pedestrian""]",0,0,0,0,1,"[""Disregard Stop Sign/Signal"",""No Contributing Factors""]",,Clear,Dry,Daylight,33.77726,-84.402397
7/15/17 21:15,Atlanta Police Department,Fulton,Atlanta,14Th St,14Th St and Mecaslin St,(B) Suspected Minor/Visible Injury,Angle (Other),,"[""Intersection Related"",""Hit & Run"",""Pedestrian""]",0,0,1,0,3,"[""Improper Turn"",""No Contributing Factors""]",,Clear,Dry,Dark-Lighted,33.786195,-84.399801
1/28/17 15:20,Atlanta Police Department,Fulton,Atlanta,1568 Donald Lee Hollowell Pkwy,,(C) Possible Injury / Complaint,Not a Collision with Motor Vehicle,,"[""Roadway Departure"",""Distracted Driver (Confirmed)"",""Pedestrian"",""Older Driver (55-64)"",""Improper Occupant Protection""]",0,0,0,1,1,"[""Inattentive or Other Distraction (Distracted)"",""Other""]",,Clear,Dry,Daylight,33.771753,-84.439612
3/18/17 17:43,Atlanta Police Department,Fulton,Atlanta,Cleveland Ave Sw   I85 Expy,I 85 and Cleveland Ave Sw   I85 Expy,(C) Possible Injury / Complaint,Not a Collision with Motor Vehicle,,"[""Pedestrian"",""Distracted Driver (Suspected)""]",0,0,0,1,1,"[""Other"",""Other""]",,Clear,Dry,Daylight,33.681319,-84.412082
12/14/18 8:06,Atlanta Police Department,Fulton,Atlanta,Peachtree Battle Ave Nw   Havenridge Dr,Havenridge Dr and Peachtree Battle Ave Nw   Havenridge Dr,Unknown,Rear End,,"[""Intersection Related"",""Pedestrian"",""Young Adult Driver (Age 20-24)"",""Distracted Driver (Suspected)"",""Improper Occupant Protection""]",0,0,0,0,2,,,Rain,Wet,Daylight,33.821787,-84.399809
6/13/18 20:22,Atlanta Police Department,Fulton,Atlanta,Courtland St,Pine St and Courtland St,(O) No Injury,Angle (Other),,"[""Intersection Related"",""Pedestrian""]",0,0,0,0,1,"[""No Contributing Factors"",""No Contributing Factors""]",,Clear,Dry,Dark-Lighted,33.767454,-84.384084
6/29/18 20:19,Atlanta Police Department,Fulton,Atlanta,1631 Stanton Rd,,Unknown,Not a Collision with Motor Vehicle,,"[""Hit & Run"",""Pedestrian"",""Distracted Driver (Suspected)""]",0,0,0,0,1,"[""Other"",""Other""]",,Cloudy,(None),Dusk,33.709981,-84.443735
10/25/18 16:43,Atlanta Police Department,DeKalb,Atlanta,Memorial Dr,Maynard Ter and Memorial Dr,(O) No Injury,Head On,,"[""Intersection Related"",""Hit & Run"",""Pedestrian""]",0,0,0,0,1,"[""Misjudged Clearance"",""No Contributing Factors""]",,Clear,Dry,Daylight,33.747475,-84.333225
7/23/18 8:57,Georgia Tech Police Department,Fulton,Atlanta,Ferst Dr,Ferst Dr and Fowler St,(O) No Injury,Not a Collision with Motor Vehicle,,"[""Intersection Related"",""Roadway Departure"",""Bicycle""]",0,0,0,0,2,"[""Disregard Stop Sign/Signal"",""No Contributing Factors""]",,Clear,Dry,Daylight,33.776904,-84.393635
9/19/18 8:45,Atlanta Police Department,Fulton,Atlanta,N Highland Ave Ne   Washita Ave,Washita Ave and N Highland Ave Ne   Washita Ave,(O) No Injury,Not a Collision with Motor Vehicle,,"[""Intersection Related"",""Distracted Driver (Confirmed)"",""Pedestrian""]",0,0,0,0,1,"[""Inattentive or Other Distraction (Distracted)"",""No Contributing Factors""]",,Clear,Dry,Daylight,33.765011,-84.354661
12/31/18 17:15,Atlanta Police Department,Fulton,Atlanta,,and Roxboro Rd,(O) No Injury,Sideswipe-Same Direction,,"[""Intersection Related"",""Pedestrian""]",0,0,0,0,1,,,Cloudy,Dry,Daylight,33.853867,-84.358087
4/6/18 16:20,Atlanta Police Department,Fulton,Atlanta,Peachtree Rd,Sheridan Dr and Peachtree Rd,(O) No Injury,Not a Collision with Motor Vehicle,,"[""Intersection Related"",""Pedestrian"",""Distracted Driver (Suspected)""]",0,0,0,0,1,Other,,Clear,Dry,Daylight,33.833178,-84.383712
11/16/18 15:49,Atlanta Police Department,Fulton,Atlanta,2450 Piedmont Rd,Main St and 2450 Piedmont Rd,(O) No Injury,Not a Collision with Motor Vehicle,,"[""Pedestrian"",""Impaired Driving (Confirmed)""]",0,0,0,0,1,"[""No Contributing Factors"",""Other"",""Other""]",,Clear,Dry,Daylight,33.822784,-84.367726
9/29/18 16:23,Atlanta Police Department,Fulton,Atlanta,Peachtree Center Ave,Peachtree Center Ave and John Wesley Dobbs Ave,(O) No Injury,Not a Collision with Motor Vehicle,,"[""Intersection Related"",""Pedestrian"",""Older Driver (55-64)"",""Improper Occupant Protection""]",0,0,0,0,1,"[""Disregard Other Traffic Control"",""No Contributing Factors""]",,Clear,Dry,Daylight,33.757134,-84.386103
11/2/18 14:58,Atlanta Police Department,Fulton,Atlanta,N Ave Ne   Piedmont Ave,Piedmont Ave and N Ave Ne   Piedmont Ave,Unknown,Not a Collision with Motor Vehicle,,"[""Intersection Related"",""Pedestrian""]",0,0,0,0,1,,,Cloudy,Dry,Daylight,33.77128,-84.381893
1/31/18 15:22,Atlanta Police Department,Fulton,Atlanta,Joseph E Lowery Blvd Nw   Lena St,Lena St and Joseph E Lowery Blvd Nw   Lena St,(O) No Injury,Not a Collision with Motor Vehicle,,"[""Intersection Related"",""Distracted Driver (Confirmed)"",""Older Driver (65+)"",""Pedestrian"",""Impaired (Suspected)""]",0,0,0,0,1,Other Activity - Mobile Device (Distracted),,Clear,Dry,Daylight,33.756628,-84.417393
11/14/18 14:09,Atlanta Police Department,Fulton,Atlanta,619 Auburn Ave,,(O) No Injury,Not a Collision with Motor Vehicle,,"[""Roadway Departure"",""Pedestrian"",""Distracted Driver (Suspected)"",""Older Driver (55-64)""]",0,0,0,0,1,,,Rain,Wet,Daylight,33.756333,-84.367208
8/2/18 15:55,Emory Police Department,DeKalb,Atlanta,Haygood Dr Ne,Clifton Rd Ne and Haygood Dr Ne,(C) Possible Injury / Complaint,Not a Collision with Motor Vehicle,,"[""Intersection Related"",""Bicycle"",""Older Driver (55-64)""]",0,0,0,1,1,"[""Disregard Stop Sign/Signal"",""No Contributing Factors""]",,Rain,Water (standing or moving),Daylight,33.795219,-84.321242
8/2/18 19:58,Atlanta Police Department,Fulton,Atlanta,344 Bass St,Windsor and 344 Bass St,(O) No Injury,Head On,,"[""Intersection Related"",""Aggressive Driving"",""Roadway Departure"",""Hit & Run"",""Pedestrian""]",0,0,0,0,2,"[""Aggressive Driving"",""Other""]",,Rain,Wet,Dusk,33.735644,-84.399278
9/11/18 12:41,Atlanta Police Department,Fulton,Atlanta,Hill St Se   Decatur St,Decatur St and Hill St Se   Decatur St,Unknown,Not a Collision with Motor Vehicle,,"[""Intersection Related"",""Hit & Run"",""Pedestrian"",""Distracted Driver (Suspected)""]",0,0,0,0,1,"[""Improper Backing"",""No Contributing Factors""]",,Clear,Dry,Daylight,33.749767,-84.379536
7/23/18 15:52,Atlanta Police Department,Fulton,Atlanta,Northside Dr Nw   14Th St,14Th St and Northside Dr Nw   14Th St,(O) No Injury,Head On,,"[""Pedestrian"",""Distracted Driver (Suspected)""]",0,0,0,0,1,"[""No Contributing Factors"",""Other""]",,Clear,Dry,Daylight,33.785291,-84.407452
8/30/18 10:30,Atlanta Police Department,Fulton,Atlanta,Peachtree St,6Th St and Peachtree St,Unknown,Not a Collision with Motor Vehicle,,"[""Intersection Related"",""Hit & Run"",""Pedestrian"",""Impaired (Suspected)""]",0,0,0,0,1,"[""Failure to Yield"",""No Contributing Factors""]",,Clear,Dry,Daylight,33.77735,-84.384418
11/29/18 14:38,Atlanta Police Department,Fulton,Atlanta,Saint James Dr Nw  Lotus Ave,,(O) No Injury,Not a Collision with Motor Vehicle,,"[""Intersection Related"",""Roadway Departure"",""Pedestrian"",""Impaired (Suspected)""]",0,0,0,0,1,,,Clear,Dry,Daylight,33.784849,-84.464071
1/29/18 11:58,Atlanta Police Department,Fulton,Atlanta,W Peachtree St,N Ave and W Peachtree St,Unknown,Not a Collision with Motor Vehicle,,"[""Intersection Related"",""Pedestrian"",""Distracted Driver (Suspected)""]",0,0,0,0,1,No Contributing Factors,,Clear,Dry,Daylight,33.771254,-84.387421
10/5/18 16:42,Atlanta Police Department,Fulton,Atlanta,Piedmont Ave,Baker St and Piedmont Ave,(O) No Injury,Head On,,"[""Intersection Related"",""Older Driver (65+)"",""Pedestrian""]",0,0,0,0,1,"[""Improper Turn"",""No Contributing Factors""]",,Clear,Dry,Daylight,33.762224,-84.3821
5/19/18 12:02,Atlanta Police Department,Fulton,Atlanta,Wpeachtree St,7Th St and Wpeachtree St,(O) No Injury,Not a Collision with Motor Vehicle,,"[""Intersection Related"",""Hit & Run"",""Pedestrian"",""Distracted Driver (Suspected)""]",0,0,0,0,1,No Contributing Factors,,Clear,Dry,Daylight,33.778722,-84.387283
2/19/18 16:57,Gsp Post 00,Fulton,Atlanta,Alley Way Off Tenth Street Nea,,(O) No Injury,Angle (Other),,"[""Hit & Run"",""Pedestrian""]",0,0,0,0,1,Other,,Clear,Mud,Daylight,33.782686,-84.414896
12/14/18 9:30,Atlanta Police Department,Fulton,Atlanta,43 Jesse Hill Jr,Auburn Ave and 43 Jesse Hill Jr,(B) Suspected Minor/Visible Injury,Not a Collision with Motor Vehicle,,"[""Intersection Related"",""Bicycle"",""Distracted Driver (Suspected)"",""Older Driver (55-64)"",""Improper Occupant Protection""]",0,0,1,0,2,"[""No Contributing Factors"",""Other""]",,Rain,Wet,Daylight,33.755357,-84.380248
3/8/18 23:07,Atlanta Police Department,Fulton,Atlanta,Northside Dr,Carter St and Northside Dr,(O) No Injury,Not a Collision with Motor Vehicle,,"[""Intersection Related"",""Hit & Run"",""Pedestrian"",""Impaired (Suspected)""]",0,0,0,0,1,"[""Misjudged Clearance"",""No Contributing Factors""]",,Clear,Dry,Dark-Lighted,33.758054,-84.402772
8/10/18 17:27,Atlanta Police Department,Fulton,Atlanta,912 Martin L King Jr Dr,Tp Burress and 912 Martin L King Jr Dr,(O) No Injury,Not a Collision with Motor Vehicle,,"[""Intersection Related"",""Pedestrian"",""Young Adult Driver (Age 20-24)"",""Distracted Driver (Suspected)""]",0,0,0,0,1,"[""No Contributing Factors"",""Other""]",,Clear,Dry,Daylight,33.753983,-84.417577
8/28/18 10:51,Gsp Post 00,Fulton,Atlanta,2 Peachtree Loading Dock,,(C) Possible Injury / Complaint,Angle (Other),,"[""CMV Related"",""Roadway Departure"",""Pedestrian""]",0,0,0,1,1,"[""Misjudged Clearance"",""Other""]",,Clear,Dry,Daylight,33.753173,-84.389298
11/30/18 23:18,Atlanta Police Department,Fulton,Atlanta,Baker St,Baker St and Marietta St,(O) No Injury,Sideswipe-Opposite Direction,,"[""Intersection Related"",""Older Driver (65+)"",""Pedestrian"",""Distracted Driver (Suspected)""]",0,0,0,0,1,,,Clear,Dry,Dark-Lighted,33.76132,-84.395995
8/8/18 13:07,Atlanta Police Department,DeKalb,Atlanta,1267 Glenwood Ave,Grehsam Ave and 1267 Glenwood Ave,(O) No Injury,Not a Collision with Motor Vehicle,,Pedestrian,0,0,0,0,1,"[""Failure to Yield"",""Failure to Yield"",""No Contributing Factors""]",,Clear,Dry,Daylight,33.74018,-84.346118
9/26/18 18:23,Atlanta Police Department,Fulton,Atlanta,Jackson St Ne   Auburn Ave,Auburn Ave and Jackson St Ne   Auburn Ave,(O) No Injury,Not a Collision with Motor Vehicle,,"[""Intersection Related"",""Pedestrian"",""Young Adult Driver (Age 20-24)"",""Distracted Driver (Suspected)""]",0,0,0,0,1,"[""No Contributing Factors"",""Other""]",,Rain,Wet,Daylight,33.75542,-84.374381
8/5/18 18:07,Atlanta Police Department,Fulton,Atlanta,University Ave Sw   Pryor Rd,Pryor Rd and University Ave Sw   Pryor Rd,(K) Fatal Injury,Not a Collision with Motor Vehicle,,"[""Hit & Run"",""Pedestrian"",""Distracted Driver (Suspected)""]",1,0,0,0,1,"[""Other"",""Other""]",,Clear,Dry,Daylight,33.722084,-84.393374
5/2/18 18:33,Atlanta Police Department,DeKalb,Atlanta,302 Oakdale Rd,Iverson St and 302 Oakdale Rd,(O) No Injury,Rear End,,"[""Pedestrian"",""Older Driver (55-64)""]",0,0,0,0,1,No Contributing Factors,,Clear,Dry,Daylight,33.762474,-84.342056
11/21/18 7:54,Atlanta Police Department,Fulton,Atlanta,Peachtree St,17Th St and Peachtree St,(O) No Injury,Not a Collision with Motor Vehicle,,"[""Intersection Related"",""Older Driver (65+)"",""Pedestrian""]",0,0,0,0,1,,,Clear,Dry,Daylight,33.792502,-84.38637
10/30/18 15:34,Atlanta Police Department,Fulton,Atlanta,Jesse Hill Jr Dr Ne   Edgewood Ave,Edgewood Ave and Jesse Hill Jr Dr Ne   Edgewood Ave,Unknown,Angle (Other),,"[""Intersection Related"",""Pedestrian""]",0,0,0,0,1,"[""Other"",""Other"",""Other""]",,Clear,Dry,Daylight,33.754375,-84.380306
11/16/18 19:30,Atlanta Police Department,Fulton,Atlanta,N Ave,N Ave and Somerset Ter,Unknown,Angle (Other),,"[""Intersection Related"",""Pedestrian"",""Improper Occupant Protection""]",0,0,0,0,1,"[""Failure to Yield"",""No Contributing Factors""]",,Clear,Dry,Dark-Lighted,33.771134,-84.362286
9/1/18 19:06,Atlanta Police Department,Fulton,Atlanta,16Th St,16Th St and Spring St,(B) Suspected Minor/Visible Injury,Sideswipe-Opposite Direction,,"[""Intersection Related"",""Bicycle"",""Distracted Driver (Suspected)""]",0,0,1,0,2,"[""Driver Lost Control"",""No Contributing Factors""]",,Clear,Dry,Daylight,33.789907,-84.389312
11/14/18 7:05,Atlanta Police Department,Fulton,Atlanta,80 Jesse Hill Jr Dr Se Grady,Decatur St and 80 Jesse Hill Jr Dr Se Grady,(O) No Injury,Head On,,Pedestrian,0,0,0,0,1,,,Rain,Wet,Dark-Lighted,33.751925,-84.382872
10/16/18 16:30,Georgia Tech Police Department,Fulton,Atlanta,Mcmillian St,6Th St and Mcmillian St,(O) No Injury,Not a Collision with Motor Vehicle,,"[""Pedestrian"",""Bicycle""]",0,0,0,0,1,,,Clear,Dry,Daylight,33.777399,-84.404227
12/28/18 3:51,Atlanta Police Department,Fulton,Atlanta,Peachtree St Ne   15Th St,15Th St and Peachtree St Ne   15Th St,Unknown,Not a Collision with Motor Vehicle,,"[""Intersection Related"",""Pedestrian"",""Young Adult Driver (Age 20-24)"",""Impaired (Suspected)""]",0,0,0,0,1,,,Rain,Wet,Dark-Lighted,33.788448,-84.383866
9/15/18 8:20,Atlanta Police Department,Fulton,Atlanta,10Th St,10Th St and Williams St,(O) No Injury,Not a Collision with Motor Vehicle,,"[""Intersection Related"",""Distracted Driver (Confirmed)"",""Hit & Run"",""Pedestrian""]",0,0,0,0,1,"[""Inattentive or Other Distraction (Distracted)"",""No Contributing Factors""]",,Clear,Dry,Daylight,33.781526,-84.39058