Date and Time,Agency Name (Crash Level) ,Area: County,Area: City,Roadway (From Crash Report),Intersection Name (from Crash Report),KABCO Severity,Manner of Collision (Crash Level) ,First Harmful Event (Crash Level) ,SHSP Emphasis Areas,# of Fatalities (Person Table),# Serious Injuries,# Visible Injuries,# Complaint Injuries,# of Vehicles,Operator / Driver Contributing Factor -old,Roadway Contributing Factors (Crash Level) ,Weather Conditions (Crash Level),Surface Condition (Crash Level) ,Light Conditions (Crash Level),Latitude ,Longitude
9/5/21 3:02,Atlanta Police Department,Fulton,Atlanta,Us-29,,(C) Possible Injury / Complaint,Not a Collision with Motor Vehicle,,"[""Intersection Related"",""Aggressive Driving"",""Roadway Departure"",""Hit & Run"",""Pedestrian""]",0,0,0,1,1,,,Clear,Dry,Dark-Lighted,33.722992,-84.422355
6/19/21 15:55,Atlanta Police Department,Fulton,Atlanta,Washington St Sw,Pope St Sw and Washington St Sw,(B) Suspected Minor/Visible Injury,Not a Collision with Motor Vehicle,,"[""Pedestrian"",""Distracted Driver (Suspected)"",""Improper Occupant Protection""]",0,0,1,0,1,,,Rain,Wet,Daylight,33.728042,-84.390985
5/9/21 12:53,Atlanta Police Department,Fulton,Atlanta,Claire Dr Se,Claire Dr Se and Lakewood Ter Se,(C) Possible Injury / Complaint,Not a Collision with Motor Vehicle,,"[""Intersection Related"",""Distracted Driver (Confirmed)"",""Hit & Run"",""Pedestrian"",""Impaired (Suspected)""]",0,0,0,1,1,,,Clear,Dry,Daylight,33.705027,-84.379118
3/27/21 18:02,Atlanta Police Department,Fulton,Atlanta,Barnett St Ne,Barnett St Ne and Park Village Dr Ne,(B) Suspected Minor/Visible Injury,Not a Collision with Motor Vehicle,,"[""Intersection Related"",""Bicycle"",""Improper Occupant Protection""]",0,0,1,0,1,,,Clear,Dry,Daylight,33.768267,-84.35849
5/3/21 12:11,Atlanta Police Department,Fulton,Atlanta,Angier Ave Ne,Boulevard Ne and Angier Ave Ne,(B) Suspected Minor/Visible Injury,Not a Collision with Motor Vehicle,,"[""Intersection Related"",""Distracted Driver (Confirmed)"",""Hit & Run"",""Pedestrian""]",0,0,1,0,1,,,Rain,Wet,Dark-Lighted,33.76638,-84.371922
4/25/21 19:18,Atlanta Police Department,Fulton,Atlanta,Jackson St Ne,Jackson St Ne and Old Wheat St Ne,(O) No Injury,Not a Collision with Motor Vehicle,,"[""Intersection Related"",""Pedestrian"",""Impaired (Suspected)""]",0,0,0,0,1,,,Clear,Dry,Daylight,33.755769,-84.374361
3/1/21 19:54,Atlanta Police Department,Fulton,Atlanta,2020 Thomasville Dr,,(O) No Injury,Head On,,"[""Pedestrian"",""Young Driver (Age 15-19)"",""Improper Occupant Protection""]",0,0,0,0,1,,,Clear,Dry,Dark-Lighted,33.697044,-84.357546
10/1/21 16:00,Atlanta Police Department,Fulton,Atlanta,Martin Luther King Jr Dr Sw,Mayson Turner Rd Nw and Martin Luther King Jr Dr Sw,(O) No Injury,Not a Collision with Motor Vehicle,,"[""Roadway Departure"",""Pedestrian"",""Distracted Driver (Suspected)""]",0,0,0,0,1,,,Clear,Dry,Daylight,33.754955,-84.416045
12/29/21 12:00,Atlanta Police Department,Fulton,Atlanta,Lillian Ave Sw,Lillian Ave Sw and Metropolitan Pkwy Sw,(B) Suspected Minor/Visible Injury,Not a Collision with Motor Vehicle,,"[""Intersection Related"",""Pedestrian"",""Improper Occupant Protection""]",0,0,1,1,1,,,Rain,Water (standing or moving),Daylight,33.731143,-84.408078
12/11/21 22:00,Atlanta Police Department,Fulton,Atlanta,Thirkield Ave Se,Jonesboro Rd Se and Thirkield Ave Se,(A) Suspected Serious Injury,Not a Collision with Motor Vehicle,,"[""Intersection Related"",""Pedestrian"",""Impaired (Suspected)"",""Distracted Driver (Suspected)""]",0,1,0,0,1,,,Rain,Wet,Dark-Lighted,33.715091,-84.383348
5/22/21 15:30,Atlanta Police Department,Fulton,Atlanta,Roswell Rd,Roswell Rd and E Andrews Dr Nw,(B) Suspected Minor/Visible Injury,Not a Collision with Motor Vehicle,,"[""Intersection Related"",""Aggressive Driving"",""Hit & Run"",""Bicycle""]",0,0,1,0,1,,,Clear,Dry,Daylight,33.843918,-84.379406
5/5/21 18:49,Atlanta Police Department,Fulton,Atlanta,N Highland Ave Ne,N Highland Ave Ne and Los Angeles Ave Ne,(C) Possible Injury / Complaint,Not a Collision with Motor Vehicle,,"[""Intersection Related"",""Bicycle""]",0,0,0,1,1,,,Clear,Dry,Daylight,33.783436,-84.354566
1/24/21 19:17,Atlanta Police Department,DeKalb,Atlanta,Candler Park Dr Ne   Mclendon Ave,Mclendon Ave and Candler Park Dr Ne   Mclendon Ave,(O) No Injury,Not a Collision with Motor Vehicle,,"[""Intersection Related"",""Pedestrian"",""Young Adult Driver (Age 20-24)"",""Distracted Driver (Suspected)""]",0,0,0,0,1,,,Clear,Dry,Daylight,33.764863,-84.340016
9/25/15 3:17,Atlanta Police Department,Fulton,Atlanta,3260 3260 Donald Lee Hollowell Pkwy Nw Pkwy,,(B) Suspected Minor/Visible Injury,Head On,,"[""Intersection Related"",""Pedestrian"",""Distracted Driver (Suspected)""]",0,0,1,0,1,"[""No Contributing Factors"",""Reaction to Object or Animal""]",,Clear,Wet,Dark-Lighted,33.787671,-84.494249
1/10/15 22:30,Atlanta Police Department,Fulton,Atlanta,N Ave,N Ave and Peachtree St,(C) Possible Injury / Complaint,Not a Collision with Motor Vehicle,,"[""Intersection Related"",""Pedestrian"",""Distracted Driver (Suspected)"",""Improper Occupant Protection""]",0,0,0,1,1,"[""Other"",""Other""]",,Clear,Dry,Dark-Lighted,33.771287,-84.384993
6/23/15 7:12,Atlanta Police Department,Fulton,Atlanta,Piedmont Ave,10Th St and Piedmont Ave,(B) Suspected Minor/Visible Injury,Not a Collision with Motor Vehicle,,"[""Intersection Related"",""Hit & Run"",""Bicycle""]",0,0,1,0,2,"[""Failure to Yield"",""No Contributing Factors""]",,Clear,Dry,Daylight,33.781782,-84.380482
5/4/15 20:46,Atlanta Police Department,Fulton,Atlanta,1265 Lee St,Avon Ave and 1265 Lee St,(K) Fatal Injury,Not a Collision with Motor Vehicle,,"[""Pedestrian"",""Distracted Driver (Suspected)""]",1,0,0,0,1,"[""No Contributing Factors"",""Other""]",,Cloudy,Dry,Dark-Lighted,33.72052,-84.42423
12/15/15 6:45,Atlanta Police Department,Fulton,Atlanta,Moreland Ave,Caroline St and Moreland Ave,(B) Suspected Minor/Visible Injury,Angle (Other),,"[""Intersection Related"",""Pedestrian""]",0,0,1,0,1,"[""Failure to Yield"",""No Contributing Factors""]",,Clear,Dry,Dark-Lighted,33.758429,-84.349238
10/2/15 23:00,Atlanta Police Department,Fulton,Atlanta,Marietta Blvd Nw   Donald Lee Hollowell Pkwy,Donald Lee Hollowell Pkwy and Marietta Blvd Nw   Donald Lee Hollowell Pkwy,(B) Suspected Minor/Visible Injury,Not a Collision with Motor Vehicle,,"[""Intersection Related"",""Pedestrian"",""Impaired (Suspected)"",""Distracted Driver (Suspected)""]",0,0,1,0,1,"[""No Contributing Factors"",""Other""]",,Rain,Wet,Dark-Lighted,33.772534,-84.425185
7/23/15 14:30,Atlanta Police Department,Fulton,Atlanta,Lenox Rd,Lenox Rd and Kingsboro Rd,(C) Possible Injury / Complaint,Angle (Other),,"[""Intersection Related"",""Hit & Run"",""Pedestrian""]",0,0,0,1,1,"[""Disregard Stop Sign/Signal"",""No Contributing Factors""]",,Clear,Dry,Daylight,33.848751,-84.360714
2/12/15 8:00,Atlanta Police Department,Fulton,Atlanta,3550 Martin L King Jr Dr,Fairburn Rd and 3550 Martin L King Jr Dr,(C) Possible Injury / Complaint,Not a Collision with Motor Vehicle,,"[""Pedestrian"",""Distracted Driver (Suspected)""]",0,0,0,1,1,"[""No Contributing Factors"",""Other""]",,Clear,Dry,Daylight,33.758429,-84.503884
9/9/15 8:39,Atlanta Police Department,Fulton,Atlanta,Prospect Pl,Prospect Pl and Highland Ave,(O) No Injury,Not a Collision with Motor Vehicle,,"[""Intersection Related"",""Pedestrian"",""Distracted Driver (Suspected)""]",0,0,0,0,1,"[""No Contributing Factors"",""No Contributing Factors""]",,Rain,Wet,Daylight,33.761411,-84.369174
7/22/15 23:17,Atlanta Police Department,Fulton,Atlanta,760 Metropolitan Pkwy,Shelton Ave and 760 Metropolitan Pkwy,(A) Suspected Serious Injury,Not a Collision with Motor Vehicle,,"[""Intersection Related"",""Bicycle"",""Impaired (Suspected)"",""Older Driver (55-64)"",""Improper Occupant Protection""]",0,1,0,0,2,"[""No Contributing Factors"",""Wrong Side of Road""]",,Clear,Dry,Dark-Lighted,33.734408,-84.408126
3/30/15 8:36,Atlanta Police Department,DeKalb,Atlanta,Lakeside Village Dr Se E Lake Blvd,,(O) No Injury,Angle (Other),,"[""Distracted Driver (Confirmed)"",""Hit & Run"",""Pedestrian"",""Improper Occupant Protection""]",0,0,0,0,1,"[""Disregard Police - Traffic Control"",""No Contributing Factors""]",,Rain,Wet,Daylight,33.743673,-84.314765
4/13/15 15:19,Atlanta Police Department,Fulton,Atlanta,2195 Ajax Dr,2195 Ajax Dr and Mccallie Blvd,(B) Suspected Minor/Visible Injury,Not a Collision with Motor Vehicle,,"[""Intersection Related"",""Pedestrian"",""Distracted Driver (Suspected)""]",0,0,1,0,1,"[""No Contributing Factors"",""Other""]",,Cloudy,Wet,Daylight,33.798435,-84.458679
11/23/15 8:20,Atlanta Police Department,Fulton,Atlanta,Ted Turner Dr Nw Dr,Marietta St and Ted Turner Dr Nw Dr,(B) Suspected Minor/Visible Injury,Not a Collision with Motor Vehicle,,"[""Intersection Related"",""Hit & Run"",""Pedestrian"",""Impaired (Suspected)""]",0,0,1,0,1,"[""Failure to Yield"",""No Contributing Factors""]",,Clear,Dry,Daylight,33.757044,-84.392593
8/4/15 14:20,Atlanta Police Department,Fulton,Atlanta,Windsor St,Crumley St and Windsor St,(B) Suspected Minor/Visible Injury,Not a Collision with Motor Vehicle,,"[""Intersection Related"",""Pedestrian"",""Distracted Driver (Suspected)""]",0,0,1,0,1,"[""No Contributing Factors"",""Other""]",,Clear,Dry,Daylight,33.73952,-84.398325
12/13/16 18:34,Atlanta Police Department,Fulton,Atlanta,Peachtree Rd,Sheridan Dr and Peachtree Rd,(B) Suspected Minor/Visible Injury,Not a Collision with Motor Vehicle,,"[""Intersection Related"",""Pedestrian""]",0,0,1,0,1,"[""Failure to Yield"",""No Contributing Factors""]",,Cloudy,Wet,Dark-Lighted,33.833176,-84.383713
7/24/16 3:55,Atlanta Police Department,Fulton,Atlanta,1111 Boulevard Dr,Walthall St and 1111 Boulevard Dr,(O) No Injury,Angle (Other),,"[""Hit & Run"",""Pedestrian""]",0,0,0,0,1,"[""Driver Lost Control"",""No Contributing Factors""]",,Clear,Dry,Dark-Not Lighted,33.753578,-84.350711
4/11/16 5:10,Atlanta Police Department,Fulton,Atlanta,Eason St Nw   Chappell Rd,Chappell Rd and Eason St Nw   Chappell Rd,(O) No Injury,Not a Collision with Motor Vehicle,,"[""Intersection Related"",""Hit & Run"",""Pedestrian""]",0,0,0,0,1,"[""Failure to Yield"",""No Contributing Factors""]",,Clear,Dry,Dark-Lighted,33.757436,-84.433683
4/26/16 7:30,Atlanta Police Department,Fulton,Atlanta,Penn Ave Ne   N Ave,N Ave and Penn Ave Ne   N Ave,(C) Possible Injury / Complaint,Not a Collision with Motor Vehicle,,"[""Intersection Related"",""Distracted Driver (Confirmed)"",""Pedestrian""]",0,0,0,1,1,"[""Inattentive or Other Distraction (Distracted)"",""No Contributing Factors""]",,Clear,Dry,Daylight,33.771389,-84.379151
3/22/16 23:26,Atlanta Police Department,Fulton,Atlanta,2095 Metropolitan Pkwy,,(C) Possible Injury / Complaint,Not a Collision with Motor Vehicle,,"[""Intersection Related"",""Hit & Run"",""Pedestrian"",""Distracted Driver (Suspected)""]",0,0,0,1,1,"[""No Contributing Factors"",""Other""]",,Clear,Dry,Dark-Lighted,33.697524,-84.408396
6/13/16 13:05,Atlanta Police Department,Fulton,Atlanta,25 Peachtree St,Walton St and 25 Peachtree St,(C) Possible Injury / Complaint,Angle (Other),,"[""Intersection Related"",""Roadway Departure"",""Hit & Run"",""Pedestrian""]",0,0,0,2,2,"[""No Contributing Factors"",""No Contributing Factors""]",,Clear,Dry,Daylight,33.755028,-84.389358
6/5/16 22:34,Atlanta Police Department,Fulton,Atlanta,1000 Piedmont Ave,10Th St and 1000 Piedmont Ave,(B) Suspected Minor/Visible Injury,Angle (Other),,"[""Intersection Related"",""Distracted Driver (Confirmed)"",""Pedestrian""]",0,0,1,0,1,"[""Inattentive or Other Distraction (Distracted)"",""Inattentive or Other Distraction (Distracted)""]",,Clear,Dry,Dark-Lighted,33.781782,-84.380461
8/8/16 20:45,Atlanta Police Department,Fulton,Atlanta,755 Hank Aaron,Ave and 755 Hank Aaron,(B) Suspected Minor/Visible Injury,Angle (Other),,"[""Intersection Related"",""Older Driver (65+)"",""Pedestrian""]",0,0,1,0,1,"[""Failure to Yield"",""No Contributing Factors""]",,Rain,Wet,Dark-Lighted,33.736828,-84.387883
7/19/16 15:14,Atlanta Police Department,DeKalb,Atlanta,Caroline St,Caroline St and Moreland Ave,(B) Suspected Minor/Visible Injury,Angle (Other),,"[""Intersection Related"",""Hit & Run"",""Bicycle"",""Improper Occupant Protection""]",0,0,1,0,2,"[""Failure to Yield"",""No Contributing Factors""]",,Clear,Dry,Daylight,33.758444,-84.349115
10/22/16 18:05,Atlanta Police Department,Fulton,Atlanta,Northside Dr Nw   Western Ave,Western Ave and Northside Dr Nw   Western Ave,(B) Suspected Minor/Visible Injury,Not a Collision with Motor Vehicle,,"[""Pedestrian"",""Young Adult Driver (Age 20-24)"",""Distracted Driver (Suspected)""]",0,0,1,0,1,"[""No Contributing Factors"",""No Contributing Factors""]",,Clear,Dry,Daylight,33.764949,-84.404498
10/24/16 15:53,Atlanta Police Department,Fulton,Atlanta,870 Metropolitan Pkwy,Lillian and 870 Metropolitan Pkwy,(O) No Injury,Not a Collision with Motor Vehicle,,"[""Intersection Related"",""Pedestrian""]",0,0,0,0,1,"[""Failure to Yield"",""No Contributing Factors""]",,Clear,Dry,Daylight,33.73127,-84.408082
5/27/16 11:51,Atlanta Police Department,Fulton,Atlanta,77 W Paces Ferry Rd,Peachtree Rd and 77 W Paces Ferry Rd,(A) Suspected Serious Injury,Sideswipe-Same Direction,,"[""Intersection Related"",""Aggressive Driving"",""Hit & Run"",""Pedestrian"",""Improper Occupant Protection""]",0,1,0,0,3,"[""Improper Passing"",""No Contributing Factors"",""Other""]",,Clear,Dry,Daylight,33.840385,-84.382213
4/12/16 18:24,Atlanta Police Department,Fulton,Atlanta,Peachtree Ave,Peachtree Rd and Peachtree Ave,(C) Possible Injury / Complaint,Not a Collision with Motor Vehicle,,"[""Intersection Related"",""Pedestrian""]",0,0,0,1,1,"[""Failure to Yield"",""No Contributing Factors""]",,Clear,Dry,Daylight,33.834888,-84.382432
5/19/16 21:40,Atlanta Police Department,Fulton,Atlanta,1788 Thomasville Dr,,(C) Possible Injury / Complaint,Not a Collision with Motor Vehicle,,"[""Hit & Run"",""Pedestrian"",""Impaired Driving (Confirmed)""]",0,0,0,3,1,"[""No Contributing Factors"",""No Contributing Factors"",""No Contributing Factors"",""Under the Influence (U.I.)""]",,Clear,Dry,Dark-Lighted,33.703004,-84.357666
12/20/16 7:40,Atlanta Police Department,Fulton,Atlanta,Kingsboro Rd Ne   Roxboro Rd,Roxboro Rd and Kingsboro Rd Ne   Roxboro Rd,(B) Suspected Minor/Visible Injury,Head On,,"[""Intersection Related"",""Older Driver (65+)"",""Pedestrian"",""Distracted Driver (Suspected)"",""Improper Occupant Protection""]",0,0,1,0,1,"[""No Contributing Factors"",""No Contributing Factors""]",,Clear,Dry,Daylight,33.849268,-84.359244
7/11/16 9:10,Georgia Tech Police Department,Fulton,Atlanta,Techwood Dr,5Th St and Techwood Dr,(B) Suspected Minor/Visible Injury,Angle (Other),,"[""Intersection Related"",""Bicycle"",""Older Driver (55-64)""]",0,0,1,0,2,"[""Failure to Yield"",""No Contributing Factors""]",,Clear,Dry,Daylight,33.776881,-84.392094
9/1/16 17:22,Atlanta Police Department,Fulton,Atlanta,Peachtree Rd,Sheridan Dr and Peachtree Rd,(O) No Injury,Not a Collision with Motor Vehicle,,"[""Intersection Related"",""Hit & Run"",""Pedestrian"",""Distracted Driver (Suspected)""]",0,0,0,0,3,"[""No Contributing Factors"",""No Contributing Factors"",""Other""]",,Clear,Dry,Daylight,33.833181,-84.383708
3/8/14 8:35,Atlanta Police Department,Fulton,Atlanta,Park Avenue W,Marietta St and Park Avenue W,(C) Possible Injury / Complaint,Not a Collision with Motor Vehicle,,Pedestrian,0,0,0,1,1,"[""Improper Turn"",""No Contributing Factors""]",,Clear,Dry,Daylight,33.760814,-84.393964
11/14/14 11:40,Atlanta Police Department,Fulton,Atlanta,Decatur St,Decatur St and Peachtree Center Ave,(B) Suspected Minor/Visible Injury,Not a Collision with Motor Vehicle,,"[""Intersection Related"",""Distracted Driver (Confirmed)"",""Pedestrian"",""Young Adult Driver (Age 20-24)""]",0,0,1,0,1,"[""Inattentive or Other Distraction (Distracted)"",""No Contributing Factors""]",,Clear,Dry,Daylight,33.753157,-84.3876
5/29/14 9:16,Atlanta Police Department,Fulton,Atlanta,Ivan Allen Jr Blvd,Williams St and Ivan Allen Jr Blvd,(B) Suspected Minor/Visible Injury,Not a Collision with Motor Vehicle,,"[""Older Driver (65+)"",""Pedestrian""]",0,0,1,0,1,"[""Disregard Stop Sign/Signal"",""No Contributing Factors""]",,Clear,Dry,Daylight,33.764621,-84.39035
11/21/14 11:54,Atlanta Police Department,Fulton,Atlanta,Piedmont Ave,Linden Ave and Piedmont Ave,(B) Suspected Minor/Visible Injury,Not a Collision with Motor Vehicle,,"[""Intersection Related"",""Pedestrian"",""Older Driver (55-64)""]",0,0,1,0,1,"[""Failure to Yield"",""No Contributing Factors""]",,Clear,Dry,Daylight,33.770007,-84.381931
5/17/14 15:00,Atlanta Police Department,Fulton,Atlanta,Peachtree Rd,Peachtree Rd and Brookwood Valley Cir,(B) Suspected Minor/Visible Injury,Not a Collision with Motor Vehicle,,"[""Pedestrian"",""Young Adult Driver (Age 20-24)""]",0,0,1,0,1,"[""Failure to Yield"",""No Contributing Factors""]",,Clear,Dry,Daylight,33.810011,-84.392879
9/18/14 1:11,Atlanta Police Department,Fulton,Atlanta,37 Moreland,,(B) Suspected Minor/Visible Injury,Sideswipe-Same Direction,,"[""Hit & Run"",""Pedestrian"",""Older Driver (55-64)""]",0,0,1,4,2,"[""Changed Lanes Improperly"",""No Contributing Factors"",""No Contributing Factors""]",,Clear,Dry,Dark-Lighted,33.753968,-84.349204
4/9/14 11:23,Atlanta Police Department,Fulton,Atlanta,Lee St,Lee St and Ralph D Aberanthy Blvd,(C) Possible Injury / Complaint,Not a Collision with Motor Vehicle,,"[""Intersection Related"",""Pedestrian""]",0,0,0,1,1,"[""Failure to Yield"",""No Contributing Factors""]",,Clear,Dry,Daylight,33.738246,-84.414127
6/26/14 21:31,Gsp Post 00,Fulton,Atlanta,Moreland Ave S Of Mclendon Ave,,(B) Suspected Minor/Visible Injury,Not a Collision with Motor Vehicle,,"[""Intersection Related"",""Pedestrian"",""Distracted Driver (Suspected)""]",0,0,1,0,1,"[""No Contributing Factors"",""No Contributing Factors""]",,Clear,Dry,Dark-Lighted,33.764608,-84.349225
7/25/14 11:30,Atlanta Police Department,Fulton,Atlanta,Ponce De Leon Ave,Cleburne Ter and Ponce De Leon Ave,(A) Suspected Serious Injury,Not a Collision with Motor Vehicle,,"[""Intersection Related"",""Pedestrian""]",0,1,0,0,1,"[""Improper Turn"",""Other""]",,Clear,Dry,Daylight,33.77383,-84.353497
10/22/14 9:00,Atlanta Police Department,Fulton,Atlanta,3312 Piedmont Rd,Peachtree Rd and 3312 Piedmont Rd,(O) No Injury,Rear End,,"[""Intersection Related"",""Hit & Run"",""Bicycle"",""Distracted Driver (Suspected)"",""Older Driver (55-64)""]",0,0,0,0,3,"[""Following Too Close"",""No Contributing Factors"",""No Contributing Factors""]",,Clear,Dry,Daylight,33.843917,-84.371471
10/30/14 17:25,Atlanta Police Department,Fulton,Atlanta,Moreland Ave,Ormewood Ave and Moreland Ave,(B) Suspected Minor/Visible Injury,Angle (Other),,"[""Intersection Related"",""Pedestrian"",""Older Driver (55-64)""]",0,0,1,0,1,"[""Failure to Yield"",""No Contributing Factors""]",,Clear,Dry,Daylight,33.734104,-84.349328
7/24/14 20:00,Atlanta Police Department,Fulton,Atlanta,W Peachtree St,Linden Ave and W Peachtree St,(C) Possible Injury / Complaint,Head On,,"[""Intersection Related"",""Pedestrian"",""Distracted Driver (Suspected)""]",0,0,0,1,1,"[""Other"",""Other""]",,Clear,Dry,Daylight,33.769812,-84.385226
9/29/14 6:30,Atlanta Police Department,Fulton,Atlanta,832 Peachtree St,6Th St and 832 Peachtree St,(B) Suspected Minor/Visible Injury,Angle (Other),,"[""Intersection Related"",""Bicycle""]",0,0,1,0,2,"[""Improper Turn"",""No Contributing Factors""]",,Clear,Dry,Daylight,33.777321,-84.38442
2/26/14 18:25,Atlanta Police Department,Fulton,Atlanta,Peachtree Rd,Peachtree Rd and Brookwood Valley Cir,(O) No Injury,Not a Collision with Motor Vehicle,,Pedestrian,0,0,0,0,1,"[""Failure to Yield"",""No Contributing Factors""]",,Clear,Dry,Daylight,33.810076,-84.392851
9/11/14 13:05,Atlanta Police Department,Fulton,Atlanta,Edgewood Ave,Courtland St and Edgewood Ave,(B) Suspected Minor/Visible Injury,Sideswipe-Same Direction,,"[""Intersection Related"",""Pedestrian"",""Young Adult Driver (Age 20-24)"",""Improper Occupant Protection""]",0,0,1,0,1,"[""Failure to Yield"",""No Contributing Factors""]",,Clear,Dry,Daylight,33.754462,-84.384298
6/14/14 21:48,Atlanta Police Department,Fulton,Atlanta,1938 Peachtree Rd,Collier Rd and 1938 Peachtree Rd,(B) Suspected Minor/Visible Injury,Angle (Other),,"[""Intersection Related"",""Bicycle""]",0,0,1,0,2,"[""Changed Lanes Improperly"",""No Contributing Factors""]",,Cloudy,Dry,Dark-Lighted,33.807305,-84.393803
1/14/14 6:29,Atlanta Police Department,Fulton,Atlanta,Hamilton E Holmes Dr,Burton Rd and Hamilton E Holmes Dr,(C) Possible Injury / Complaint,Not a Collision with Motor Vehicle,,"[""Intersection Related"",""Pedestrian""]",0,0,0,1,1,"[""Failure to Yield"",""No Contributing Factors""]",,Rain,Wet,Dark-Lighted,33.755811,-84.468986
4/5/14 20:54,Atlanta Police Department,Fulton,Atlanta,530 University Ave,,(A) Suspected Serious Injury,Not a Collision with Motor Vehicle,,"[""Intersection Related"",""Distracted Driver (Confirmed)"",""Pedestrian""]",0,1,0,0,1,"[""Inattentive or Other Distraction (Distracted)"",""No Contributing Factors""]",,Clear,Dry,Dark-Lighted,33.722163,-84.404549
11/19/14 8:25,Dekalb Co Police Department,DeKalb,Atlanta,Memorial Dr,Howard St and Memorial Dr,(B) Suspected Minor/Visible Injury,Not a Collision with Motor Vehicle,,"[""Intersection Related"",""Pedestrian"",""Distracted Driver (Suspected)""]",0,0,1,0,1,"[""No Contributing Factors"",""No Contributing Factors""]",,Clear,Dry,Daylight,33.747404,-84.323277
1/13/14 18:10,Atlanta Police Department,Fulton,Atlanta,Lee St,Lee St and York Ave,(B) Suspected Minor/Visible Injury,Not a Collision with Motor Vehicle,,"[""Intersection Related"",""Pedestrian""]",0,0,1,0,1,"[""Failure to Yield"",""No Contributing Factors""]",,Rain,Wet,Dark-Not Lighted,33.737035,-84.414093
9/8/14 19:25,Atlanta Police Department,Fulton,Atlanta,265 Peachtree St Ne Hyatt Regency Hotel,Baker St and 265 Peachtree St Ne Hyatt Regency Hotel,(C) Possible Injury / Complaint,Not a Collision with Motor Vehicle,,"[""Motorcycle"",""Pedestrian"",""Young Adult Driver (Age 20-24)"",""Distracted Driver (Suspected)""]",0,0,0,1,1,"[""No Contributing Factors"",""Other""]",,Clear,Dry,Dark-Lighted,33.761514,-84.386716
12/22/14 20:51,Atlanta Police Department,Fulton,Atlanta,3201 Martin L King Jr Dr,Harwell Rd and 3201 Martin L King Jr Dr,(B) Suspected Minor/Visible Injury,Sideswipe-Same Direction,,"[""Intersection Related"",""Pedestrian""]",0,0,1,0,1,No Contributing Factors,,Rain,Wet,Dark-Lighted,33.752371,-84.492619
8/13/14 20:00,Atlanta Police Department,Fulton,Atlanta,Wright Ave,Lenox Rd and Wright Ave,(C) Possible Injury / Complaint,Head On,,"[""Intersection Related"",""Pedestrian""]",0,0,0,1,1,"[""Failure to Yield"",""No Contributing Factors""]",,Clear,Dry,Daylight,33.846698,-84.359354
6/21/14 10:10,Atlanta Police Department,Fulton,Atlanta,14Th St,14Th St and Techwood Dr,(B) Suspected Minor/Visible Injury,Angle (Other),,"[""Bicycle"",""Improper Occupant Protection""]",0,0,1,0,2,,,Clear,Dry,Daylight,33.786734,-84.391937
12/19/14 18:28,Atlanta Police Department,Fulton,Atlanta,Peachtree Rd,Lakeview Ave and Peachtree Rd,(C) Possible Injury / Complaint,Sideswipe-Same Direction,,"[""Intersection Related"",""Hit & Run"",""Bicycle""]",0,0,0,1,2,"[""No Contributing Factors"",""Other""]",,Clear,Dry,Daylight,33.825192,-84.387452
9/20/14 14:30,Atlanta Police Department,Fulton,Atlanta,Highland Ave Ne   Sampson St,Sampson St and Highland Ave Ne   Sampson St,(B) Suspected Minor/Visible Injury,Not a Collision with Motor Vehicle,,"[""Intersection Related"",""Pedestrian""]",0,0,1,0,1,"[""Failure to Yield"",""No Contributing Factors""]",,Clear,Dry,Daylight,33.761331,-84.365366
10/16/14 18:17,Atlanta Police Department,Fulton,Atlanta,26 Moreland Ave,Wylie St and 26 Moreland Ave,(C) Possible Injury / Complaint,Not a Collision with Motor Vehicle,,"[""Intersection Related"",""Pedestrian"",""Distracted Driver (Suspected)""]",0,0,0,1,1,Other,,Clear,Dry,Daylight,33.752407,-84.349224
11/5/14 18:49,Atlanta Police Department,Fulton,Atlanta,2784 Donald Lee Hollowell Pkwy,Kings Grant Dr and 2784 Donald Lee Hollowell Pkwy,(B) Suspected Minor/Visible Injury,Sideswipe-Opposite Direction,,"[""Intersection Related"",""Pedestrian""]",0,0,1,0,1,"[""No Contributing Factors"",""Other""]",,Clear,Dry,Dark-Lighted,33.779325,-84.479407
5/11/14 23:02,Atlanta Police Department,Fulton,Atlanta,Peachtree St,10Th St and Peachtree St,(B) Suspected Minor/Visible Injury,Angle (Other),,"[""Intersection Related"",""Hit & Run"",""Pedestrian""]",0,0,1,0,1,"[""Failure to Yield"",""No Contributing Factors""]",,Clear,Dry,Dark-Lighted,33.78169,-84.38401
2/10/14 16:45,Atlanta Police Department,Fulton,Atlanta,479 Joseph E Boone Blvd,,(C) Possible Injury / Complaint,Not a Collision with Motor Vehicle,,"[""Intersection Related"",""Hit & Run"",""Pedestrian"",""Distracted Driver (Suspected)""]",0,0,0,1,1,"[""No Contributing Factors"",""No Contributing Factors""]",,Clear,Dry,Daylight,33.76344,-84.403138
4/24/14 9:00,Atlanta Police Department,Fulton,Atlanta,160 Edgewood Ave,Piedmont Ave and 160 Edgewood Ave,(B) Suspected Minor/Visible Injury,Angle (Other),,"[""Intersection Related"",""Distracted Driver (Confirmed)"",""Bicycle""]",0,0,1,0,2,"[""Improper Turn"",""No Contributing Factors""]",,Clear,Dry,Daylight,33.754447,-84.382302