Date and Time,Agency Name (Crash Level) ,Area: County,Area: City,Roadway (From Crash Report),Intersection Name (from Crash Report),KABCO Severity,Manner of Collision (Crash Level) ,First Harmful Event (Crash Level) ,SHSP Emphasis Areas,# of Fatalities (Person Table),# Serious Injuries,# Visible Injuries,# Complaint Injuries,# of Vehicles,Operator / Driver Contributing Factor -old,Roadway Contributing Factors (Crash Level) ,Weather Conditions (Crash Level),Surface Condition (Crash Level) ,Light Conditions (Crash Level),Latitude ,Longitude
10/13/16 12:53,Atlanta Police Department,DeKalb,Atlanta,Moreland Ave,Fairview Rd and Moreland Ave,(O) No Injury,Angle (Other),,"[""Intersection Related"",""Bicycle""]",0,0,0,0,2,"[""Changed Lanes Improperly"",""No Contributing Factors""]",,Clear,Dry,Daylight,33.7723,-84.348966
10/19/16 18:08,Atlanta Police Department,Fulton,Atlanta,Lee St,Lee St and White St,(C) Possible Injury / Complaint,Not a Collision with Motor Vehicle,,"[""Intersection Related"",""Hit & Run"",""Pedestrian""]",0,0,0,1,1,"[""Failure to Yield"",""No Contributing Factors""]",,Clear,Dry,Daylight,33.729333,-84.415865
11/8/16 23:17,Atlanta Police Department,Fulton,Atlanta,660 N Highland Ave,Blue Ridge Ave and 660 N Highland Ave,(C) Possible Injury / Complaint,Not a Collision with Motor Vehicle,,"[""Intersection Related"",""Pedestrian"",""Distracted Driver (Suspected)"",""Older Driver (55-64)""]",0,0,0,1,1,"[""No Contributing Factors"",""Other""]",,Clear,Dry,Dark-Lighted,33.772624,-84.352523
8/23/16 11:30,Atlanta Police Department,Fulton,Atlanta,W Paces Fry,W Paces Fry and Paces Ferry Pl,(A) Suspected Serious Injury,Not a Collision with Motor Vehicle,,"[""Intersection Related"",""Distracted Driver (Confirmed)"",""Pedestrian""]",0,1,0,0,1,"[""Inattentive or Other Distraction (Distracted)"",""No Contributing Factors""]",,Clear,Dry,Daylight,33.840399,-84.382243
11/11/16 15:10,Atlanta Police Department,Fulton,Atlanta,1409 Peachtree St,,(O) No Injury,Not a Collision with Motor Vehicle,,"[""Roadway Departure"",""Pedestrian"",""Distracted Driver (Suspected)""]",0,0,0,0,1,"[""Other"",""Other""]",,Clear,Dry,Daylight,33.793222,-84.386832
7/28/16 7:57,Atlanta Police Department,Fulton,Atlanta,Sylvan Rd,Estes Dr and Sylvan Rd,(A) Suspected Serious Injury,Not a Collision with Motor Vehicle,,"[""Intersection Related"",""Older Driver (65+)"",""Pedestrian"",""Distracted Driver (Suspected)""]",0,1,0,0,1,"[""No Contributing Factors"",""Other""]",,Clear,Dry,Daylight,33.698715,-84.41832
3/30/16 20:40,Atlanta Police Department,Fulton,Atlanta,Peachtree Rd,Bolling Way and Peachtree Rd,(B) Suspected Minor/Visible Injury,Not a Collision with Motor Vehicle,,"[""Intersection Related"",""Hit & Run"",""Pedestrian""]",0,0,1,0,1,"[""Failure to Yield"",""No Contributing Factors""]",,Clear,Dry,Daylight,33.840249,-84.378508
1/16/16 15:49,Atlanta Police Department,Fulton,Atlanta,430 Thomasville Blvd,,(B) Suspected Minor/Visible Injury,Head On,,"[""Pedestrian"",""Improper Occupant Protection""]",0,0,1,0,1,"[""Failure to Yield"",""No Contributing Factors""]",,Clear,Dry,Daylight,33.706221,-84.357933
9/4/16 21:07,Atlanta Police Department,Fulton,Atlanta,2685 Metropolitan Pkwy,,(B) Suspected Minor/Visible Injury,Not a Collision with Motor Vehicle,,"[""Pedestrian"",""Distracted Driver (Suspected)""]",0,0,1,0,1,"[""No Contributing Factors"",""Other""]",,Clear,Dry,Dark-Lighted,33.683915,-84.409206
9/16/16 16:15,Dekalb Co Police Department,Fulton,Atlanta,Eastland,Moreland and Eastland,(B) Suspected Minor/Visible Injury,Not a Collision with Motor Vehicle,,"[""Intersection Related"",""Pedestrian"",""Older Driver (55-64)""]",0,0,1,0,1,"[""Failure to Yield"",""No Contributing Factors""]",,Clear,Dry,Daylight,33.719421,-84.349493
12/4/16 17:50,Georgia Tech Police Department,Fulton,Atlanta,Fifth St,Fifth St and Techwood Dr,(C) Possible Injury / Complaint,Not a Collision with Motor Vehicle,,"[""Intersection Related"",""Pedestrian""]",0,0,0,1,1,"[""Failure to Yield"",""No Contributing Factors""]",,Rain,Wet,Dark-Lighted,33.77688,-84.392061
3/12/16 19:55,Atlanta Police Department,Fulton,Atlanta,John Wesley Doobs Ave,Lampkin St and John Wesley Doobs Ave,(O) No Injury,Head On,,"[""Distracted Driver (Confirmed)"",""Pedestrian""]",0,0,0,0,1,"[""Inattentive or Other Distraction (Distracted)"",""No Contributing Factors""]",,Cloudy,Dry,Dark-Not Lighted,33.759854,-84.367064
10/9/16 23:30,Dekalb Co Police Department,Fulton,Atlanta,Moreland Ave,Moreland Ave and Moreland Industrial Blvd,(B) Suspected Minor/Visible Injury,Not a Collision with Motor Vehicle,,"[""Intersection Related"",""Distracted Driver (Confirmed)"",""Pedestrian"",""Young Driver (Age 15-19)""]",0,0,1,0,1,"[""Inattentive or Other Distraction (Distracted)"",""No Contributing Factors""]",,Clear,Dry,Dark-Lighted,33.709257,-84.349549
2/6/16 10:45,Atlanta Police Department,Fulton,Atlanta,Yorkshire Rd,Monroe Dr and Yorkshire Rd,(C) Possible Injury / Complaint,Not a Collision with Motor Vehicle,,"[""Intersection Related"",""Pedestrian""]",0,0,0,1,1,"[""Failure to Yield"",""No Contributing Factors""]",,Clear,Dry,Daylight,33.795253,-84.367423
6/17/16 11:20,Atlanta Police Department,Fulton,Atlanta,Vine St,Vine St and Cameron M Alexander Blvd,(C) Possible Injury / Complaint,Not a Collision with Motor Vehicle,,"[""Intersection Related"",""Hit & Run"",""Older Driver (65+)"",""Pedestrian""]",0,0,0,1,2,"[""Changed Lanes Improperly"",""No Contributing Factors""]",,Clear,Dry,Daylight,33.768225,-84.407666
4/22/17 11:37,Atlanta Police Department,Fulton,Atlanta,975 Joyce St,Abbott St and 975 Joyce St,(B) Suspected Minor/Visible Injury,Angle (Other),,"[""Intersection Related"",""Hit & Run"",""Pedestrian"",""Impaired (Suspected)""]",0,0,1,0,1,"[""No Contributing Factors"",""Other""]",,Clear,Dry,Daylight,33.748376,-84.419673
8/24/17 8:00,Atlanta Police Department,Fulton,Atlanta,Blvd,Blvd and Walbash Ave,(O) No Injury,Angle (Other),,"[""Intersection Related"",""Pedestrian""]",0,0,0,0,1,"[""No Contributing Factors"",""Other""]",,Clear,Dry,Daylight,33.76485,-84.371962
5/12/17 21:27,Atlanta Police Department,Fulton,Atlanta,Glenn St,Glenn St and Mcdaniel St,(B) Suspected Minor/Visible Injury,Not a Collision with Motor Vehicle,,"[""Intersection Related"",""Distracted Driver (Confirmed)"",""Pedestrian"",""Older Driver (55-64)""]",0,0,1,0,1,"[""Inattentive or Other Distraction (Distracted)"",""No Contributing Factors""]",,Clear,Dry,Dark-Lighted,33.738124,-84.401644
12/31/17 20:30,Atlanta Police Department,Fulton,Atlanta,Ponce De Leon Avenue And Myrtle St,Myrtle Ave and Ponce De Leon Avenue And Myrtle St,(O) No Injury,Angle (Other),,"[""Intersection Related"",""Pedestrian"",""Older Driver (55-64)""]",0,0,0,0,1,No Contributing Factors,,Clear,Dry,Dark-Lighted,33.772578,-84.380251
7/13/17 18:51,Atlanta Police Department,Fulton,Atlanta,Oak St Sw   Hopkins St,Hopkins St and Oak St Sw   Hopkins St,(C) Possible Injury / Complaint,Not a Collision with Motor Vehicle,,"[""Intersection Related"",""Older Driver (65+)"",""Pedestrian""]",0,0,0,1,1,"[""Misjudged Clearance"",""No Contributing Factors""]",,Cloudy,Dry,Daylight,33.740495,-84.43064
12/20/17 10:40,Atlanta Police Department,Fulton,Atlanta,4Th St,4Th St and Myrtle St,(C) Possible Injury / Complaint,Sideswipe-Opposite Direction,,"[""Intersection Related"",""Hit & Run"",""Pedestrian""]",0,0,0,1,1,"[""Failure to Yield"",""No Contributing Factors""]",,Rain,Wet,Dark-Lighted,33.774615,-84.38006
2/3/17 0:11,Atlanta Police Department,Fulton,Atlanta,1000 Northside Dr,10Th St and 1000 Northside Dr,(B) Suspected Minor/Visible Injury,Head On,,"[""Pedestrian"",""Distracted Driver (Suspected)""]",0,0,1,0,1,"[""No Contributing Factors"",""No Contributing Factors""]",,Rain,Wet,Dark-Not Lighted,33.782245,-84.407474
3/22/17 16:40,Atlanta Police Department,Fulton,Atlanta,3619 Fairlane Dr,,(A) Suspected Serious Injury,Not a Collision with Motor Vehicle,,"[""Intersection Related"",""Pedestrian"",""Distracted Driver (Suspected)""]",0,1,0,0,1,"[""No Contributing Factors"",""No Contributing Factors""]",,Clear,Dry,Daylight,33.76661,-84.506127
8/8/17 5:01,Atlanta Police Department,Fulton,Atlanta,E Freedom Pkwy,E Freedom Pkwy and Ramp From Freedom Pkwy,(B) Suspected Minor/Visible Injury,Not a Collision with Motor Vehicle,,"[""Pedestrian"",""Distracted Driver (Suspected)""]",0,0,1,0,1,,,Rain,Wet,Dark-Lighted,33.764559,-84.35657
1/2/17 20:00,Atlanta Police Department,Fulton,Atlanta,906 Ralph D Abernathy Blvd,,(C) Possible Injury / Complaint,Not a Collision with Motor Vehicle,,"[""Intersection Related"",""Hit & Run"",""Pedestrian"",""Distracted Driver (Suspected)""]",0,0,0,1,1,"[""No Contributing Factors"",""Other""]",,Rain,Wet,Dark-Lighted,33.73805,-84.417368
2/24/17 11:15,Atlanta Police Department,Fulton,Atlanta,Peachtree Rd,Peachtree Rd and Around Lenox Dr,(C) Possible Injury / Complaint,Not a Collision with Motor Vehicle,,"[""Intersection Related"",""Hit & Run"",""Pedestrian""]",0,0,0,1,1,"[""Failure to Yield"",""No Contributing Factors""]",,Clear,Dry,Daylight,33.850366,-84.362166
4/26/17 18:42,Atlanta Police Department,Fulton,Atlanta,The Prado,The Prado and Barksdale Dr,(A) Suspected Serious Injury,Angle (Other),,"[""Intersection Related"",""Bicycle"",""Older Driver (55-64)""]",0,1,0,0,2,"[""Failure to Yield"",""No Contributing Factors""]",,Clear,Dry,Daylight,33.792,-84.377429
6/9/16 11:09,Atlanta Police Department,Fulton,Atlanta,Peachtree Rd,Delmont Dr and Peachtree Rd,(B) Suspected Minor/Visible Injury,Not a Collision with Motor Vehicle,,"[""Intersection Related"",""Older Driver (65+)"",""Pedestrian""]",0,0,1,0,1,"[""Failure to Yield"",""No Contributing Factors""]",,Clear,Dry,Daylight,33.83361,-84.383241
12/5/16 18:56,Atlanta Police Department,Fulton,Atlanta,Echo St,Echo St and Donald Lee Hollowell Pkwy,(O) No Injury,Angle (Other),,"[""Intersection Related"",""Distracted Driver (Confirmed)"",""Hit & Run"",""Older Driver (65+)"",""Pedestrian"",""Young Driver (Age 15-19)""]",0,0,0,0,3,"[""Changed Lanes Improperly"",""Inattentive or Other Distraction (Distracted)"",""No Contributing Factors""]",,Rain,Wet,Dark-Lighted,33.773138,-84.41043
5/5/16 9:59,Atlanta Police Department,Fulton,Atlanta,Metropolitan Pkwy,Hope St and Metropolitan Pkwy,(A) Suspected Serious Injury,Not a Collision with Motor Vehicle,,"[""Intersection Related"",""Distracted Driver (Confirmed)"",""Pedestrian""]",0,1,0,0,1,"[""Inattentive or Other Distraction (Distracted)"",""No Contributing Factors""]",,Clear,Dry,Daylight,33.730506,-84.408058
7/15/16 15:15,Atlanta Police Department,Fulton,Atlanta,2492 Martin L King Jr Dr,,(B) Suspected Minor/Visible Injury,Not a Collision with Motor Vehicle,,"[""Intersection Related"",""Older Driver (65+)"",""Pedestrian""]",0,0,1,0,1,"[""Failure to Yield"",""No Contributing Factors""]",,Clear,Dry,Daylight,33.754268,-84.47645
7/12/16 12:37,Atlanta Police Department,Fulton,Atlanta,Arts Center Way Ne   15Th St,15Th St and Arts Center Way Ne   15Th St,(A) Suspected Serious Injury,Not a Collision with Motor Vehicle,,"[""Pedestrian"",""Young Adult Driver (Age 20-24)""]",0,1,0,0,1,"[""Failure to Yield"",""No Contributing Factors""]",,Clear,Dry,Daylight,33.788389,-84.386195
12/8/16 8:25,Dekalb Co Police Department,DeKalb,Atlanta,Clifton Rd,Clifton Rd and Gatewood Rd,(C) Possible Injury / Complaint,Not a Collision with Motor Vehicle,,"[""Intersection Related"",""Pedestrian""]",0,0,0,1,1,"[""Failure to Yield"",""No Contributing Factors""]",,Clear,Dry,Daylight,33.79706,-84.322276
9/12/16 13:40,Atlanta Police Department,Fulton,Atlanta,Waddell,,(C) Possible Injury / Complaint,Not a Collision with Motor Vehicle,,"[""Intersection Related"",""Older Driver (65+)"",""Pedestrian"",""Distracted Driver (Suspected)""]",0,0,0,1,1,"[""No Contributing Factors"",""No Contributing Factors""]",,Clear,Dry,Daylight,33.75675,-84.363262
7/13/16 20:20,Atlanta Police Department,Fulton,Atlanta,1870 Campbellton Rd,Campbellton Rd and 1870 Campbellton Rd,(C) Possible Injury / Complaint,Not a Collision with Motor Vehicle,,"[""Hit & Run"",""Pedestrian""]",0,0,0,1,1,"[""Misjudged Clearance"",""Other""]",,Clear,Dry,Daylight,33.70949,-84.449696
3/8/16 12:45,Atlanta Police Department,Fulton,Atlanta,Piedmont Ave,Piedmont Ave and Andrew Young Interna Blvd,(C) Possible Injury / Complaint,Not a Collision with Motor Vehicle,,"[""Pedestrian"",""Young Adult Driver (Age 20-24)""]",0,0,0,1,1,"[""Failure to Yield"",""No Contributing Factors""]",,Clear,Dry,Daylight,33.759651,-84.382026
7/8/16 21:30,Atlanta Police Department,Fulton,Atlanta,355 N Highland Ave,,Unknown,Not a Collision with Motor Vehicle,,"[""Pedestrian"",""Young Adult Driver (Age 20-24)"",""Distracted Driver (Suspected)""]",0,0,0,0,1,No Contributing Factors,,Clear,Dry,Dark-Lighted,33.763718,-84.35666
3/3/16 18:46,Atlanta Police Department,Fulton,Atlanta,3135 Martin L King Jr Dr,,(C) Possible Injury / Complaint,Not a Collision with Motor Vehicle,,"[""Intersection Related"",""Pedestrian"",""Distracted Driver (Suspected)""]",0,0,0,1,1,"[""No Contributing Factors"",""Other""]",,Rain,Wet,Dark-Lighted,33.752146,-84.440117
3/29/16 18:07,Atlanta Police Department,Fulton,Atlanta,2450 Piedmont Rd,Main St and 2450 Piedmont Rd,(C) Possible Injury / Complaint,Not a Collision with Motor Vehicle,,"[""Distracted Driver (Confirmed)"",""Hit & Run"",""Pedestrian""]",0,0,0,1,1,"[""Inattentive or Other Distraction (Distracted)"",""No Contributing Factors""]",,Clear,Dry,Daylight,33.822353,-84.36736
2/5/16 10:05,Atlanta Police Department,Fulton,Atlanta,Peachtree St,Andrew Int and Peachtree St,(C) Possible Injury / Complaint,Angle (Other),,"[""Intersection Related"",""Hit & Run"",""Pedestrian"",""Young Driver (Age 15-19)""]",0,0,0,1,1,"[""No Contributing Factors"",""Wrong Side of Road""]",,Clear,Dry,Daylight,33.759709,-84.387741
3/4/16 17:05,Gsp Post 00,Fulton,Atlanta,Centennial Olymp Pk   Philips,,(C) Possible Injury / Complaint,Not a Collision with Motor Vehicle,,"[""Older Driver (65+)"",""Pedestrian"",""Distracted Driver (Suspected)""]",0,0,0,1,1,"[""No Contributing Factors"",""No Contributing Factors""]",,Clear,Dry,Daylight,33.756613,-84.395477
11/14/16 16:48,Atlanta Police Department,Fulton,Atlanta,144 Ponce De Leon Ave Ne Ponce De Leon Infir,Juniper St and 144 Ponce De Leon Ave Ne Ponce De Leon Infir,(B) Suspected Minor/Visible Injury,Not a Collision with Motor Vehicle,,"[""Intersection Related"",""Hit & Run"",""Pedestrian"",""Distracted Driver (Suspected)""]",0,0,1,0,1,"[""No Contributing Factors"",""No Contributing Factors""]",,Clear,Dry,Daylight,33.772309,-84.383321
8/13/16 8:45,Atlanta Police Department,DeKalb,Atlanta,Lk,,(O) No Injury,Angle (Other),,"[""Intersection Related"",""Bicycle""]",0,0,0,0,2,"[""Disregard Stop Sign/Signal"",""No Contributing Factors""]",,Clear,Dry,Daylight,33.751296,-84.301372
12/3/16 11:40,Atlanta Police Department,Fulton,Atlanta,3393 Peachtree Rd,Lenox Pkwy and 3393 Peachtree Rd,(C) Possible Injury / Complaint,Not a Collision with Motor Vehicle,,"[""Pedestrian"",""Distracted Driver (Suspected)""]",0,0,0,1,1,"[""No Contributing Factors"",""No Contributing Factors""]",,Clear,Dry,Daylight,33.849072,-84.364129
11/7/16 17:44,Atlanta Police Department,Fulton,Atlanta,222 14Th St,,(C) Possible Injury / Complaint,Not a Collision with Motor Vehicle,,"[""Pedestrian"",""Distracted Driver (Suspected)""]",0,0,0,1,1,"[""No Contributing Factors"",""Other""]",,Clear,Dry,Dark-Lighted,33.786486,-84.38055
5/31/16 17:35,Atlanta Police Department,Fulton,Atlanta,204 Moury Ave,Thirkeld Ave and 204 Moury Ave,(B) Suspected Minor/Visible Injury,Not a Collision with Motor Vehicle,,"[""Pedestrian"",""Young Adult Driver (Age 20-24)"",""Distracted Driver (Suspected)""]",0,0,1,0,1,"[""No Contributing Factors"",""Other""]",,Clear,Dry,Daylight,33.714234,-84.39128
2/14/16 13:19,Atlanta Police Department,DeKalb,Atlanta,Euclid Ave Ne   Moreland Ave,Moreland Ave and Euclid Ave Ne   Moreland Ave,(C) Possible Injury / Complaint,Not a Collision with Motor Vehicle,,"[""Intersection Related"",""Pedestrian"",""Older Driver (55-64)""]",0,0,0,1,1,"[""Failure to Yield"",""No Contributing Factors""]",,Clear,Dry,Daylight,33.765459,-84.349152
11/28/16 18:33,Atlanta Police Department,Fulton,Atlanta,3187 Roswell Rd,,(C) Possible Injury / Complaint,Not a Collision with Motor Vehicle,,"[""Roadway Departure"",""Pedestrian"",""Distracted Driver (Suspected)""]",0,0,0,1,1,"[""No Contributing Factors"",""No Contributing Factors""]",,Cloudy,Dry,Dark-Lighted,33.842219,-84.378892
9/12/16 19:38,Georgia Tech Police Department,Fulton,Atlanta,Ferst Dr,Ferst Dr and Fowler St,(B) Suspected Minor/Visible Injury,Not a Collision with Motor Vehicle,,"[""Intersection Related"",""Bicycle"",""Improper Occupant Protection""]",0,0,1,0,2,"[""Failure to Yield"",""No Contributing Factors""]",,Clear,Dry,Dawn,33.776904,-84.393635
6/3/16 13:36,Atlanta Police Department,Fulton,Atlanta,Peachtree St Nw   Williams St,Williams St and Peachtree St Nw   Williams St,(O) No Injury,Angle (Other),,"[""Intersection Related"",""Distracted Driver (Confirmed)"",""Bicycle"",""Older Driver (55-64)"",""Improper Occupant Protection""]",0,0,0,0,2,"[""No Contributing Factors"",""Wrong Side of Road""]",,Clear,Dry,Daylight,33.756893,-84.388124
11/26/16 10:30,Atlanta Police Department,DeKalb,Atlanta,1210 Caroline St,,(C) Possible Injury / Complaint,Not a Collision with Motor Vehicle,,Pedestrian,0,0,0,1,1,"[""Failure to Yield"",""No Contributing Factors""]",,Clear,Dry,Daylight,33.75846,-84.348282
5/11/16 6:21,Atlanta Police Department,Fulton,Atlanta,14Th St,14Th St and Peachtree St,(B) Suspected Minor/Visible Injury,Not a Collision with Motor Vehicle,,"[""Intersection Related"",""Pedestrian""]",0,0,1,0,1,"[""Disregard Stop Sign/Signal"",""No Contributing Factors""]",,Clear,Dry,Daylight,33.786664,-84.383172
4/18/16 16:00,Atlanta Police Department,Fulton,Atlanta,4111 Northside,,(C) Possible Injury / Complaint,Not a Collision with Motor Vehicle,,"[""Distracted Driver (Confirmed)"",""Pedestrian"",""Older Driver (55-64)""]",0,0,0,1,1,"[""Inattentive or Other Distraction (Distracted)"",""No Contributing Factors""]",,Clear,Dry,Daylight,33.864049,-84.44698
10/1/16 3:35,Atlanta Police Department,Fulton,Atlanta,Peachtree St,7Th St and Peachtree St,(B) Suspected Minor/Visible Injury,Sideswipe-Same Direction,,"[""Intersection Related"",""Hit & Run"",""Pedestrian""]",0,0,1,0,1,"[""No Contributing Factors"",""Other""]",,Clear,Dry,Dark-Lighted,33.778529,-84.384306
8/2/16 17:30,Atlanta Police Department,Fulton,Atlanta,Friar Tuck Rd,Friar Tuck Rd and Little John Trl,(B) Suspected Minor/Visible Injury,Rear End,,"[""Intersection Related"",""Hit & Run"",""Bicycle"",""Distracted Driver (Suspected)"",""Improper Occupant Protection""]",0,0,1,0,2,"[""Following Too Close"",""No Contributing Factors""]",,Clear,Dry,Daylight,33.802834,-84.381959
3/18/16 8:07,Atlanta Police Department,DeKalb,Atlanta,Mclendon Ave,Lakeshore Dr and Mclendon Ave,(C) Possible Injury / Complaint,Not a Collision with Motor Vehicle,,"[""Intersection Related"",""Bicycle""]",0,0,0,1,2,"[""Failure to Yield"",""No Contributing Factors""]",,Cloudy,Dry,Daylight,33.764805,-84.325193
10/23/16 11:42,Atlanta Police Department,Fulton,Atlanta,17Th St,17Th St and W Peachtree St,(O) No Injury,Not a Collision with Motor Vehicle,,"[""Intersection Related"",""Pedestrian""]",0,0,0,0,1,"[""Disregard Stop Sign/Signal"",""No Contributing Factors""]",,Clear,Dry,Daylight,33.791834,-84.387768
4/5/16 10:35,Atlanta Police Department,Fulton,Atlanta,Peachtree St,10Th St and Peachtree St,(C) Possible Injury / Complaint,Not a Collision with Motor Vehicle,,"[""Intersection Related"",""Pedestrian""]",0,0,0,1,1,"[""Failure to Yield"",""No Contributing Factors""]",,Clear,Dry,Daylight,33.781705,-84.384005
8/9/16 0:50,Gsp Post 00,Fulton,Atlanta,Martina Dr,Martina Dr and Piedmont Rd,(O) No Injury,Sideswipe-Same Direction,,"[""Hit & Run"",""Pedestrian"",""Young Driver (Age 15-19)"",""Impaired Driving (Confirmed)""]",0,0,0,0,1,"[""No Contributing Factors"",""No Contributing Factors""]",,Clear,Dry,Dark-Not Lighted,33.842237,-84.369859
5/7/16 19:40,Atlanta Police Department,Fulton,Atlanta,324 Oak Dr,,(B) Suspected Minor/Visible Injury,Not a Collision with Motor Vehicle,,"[""Pedestrian"",""Impaired Driving (Confirmed)"",""Older Driver (55-64)""]",0,0,1,0,1,"[""No Contributing Factors"",""Under the Influence (U.I.)""]",,Clear,Dry,Daylight,33.668256,-84.382879
5/22/16 15:29,Atlanta Police Department,Fulton,Atlanta,Peachtree St,16Th St and Peachtree St,(A) Suspected Serious Injury,Not a Collision with Motor Vehicle,,"[""Intersection Related"",""Pedestrian"",""Young Driver (Age 15-19)""]",0,1,0,0,1,"[""Disregard Stop Sign/Signal"",""No Contributing Factors""]",,Clear,Dry,Daylight,33.790664,-84.385158
4/15/16 18:00,Atlanta Police Department,Fulton,Atlanta,Spring St,10Th St and Spring St,(B) Suspected Minor/Visible Injury,(None),,"[""Intersection Related"",""Pedestrian""]",0,0,1,0,1,No Contributing Factors,,(None),(None),Daylight,33.781617,-84.389185
12/5/16 18:18,Atlanta Police Department,Fulton,Atlanta,Nelson St,Walker St and Nelson St,(O) No Injury,Not a Collision with Motor Vehicle,,"[""Intersection Related"",""Hit & Run"",""Pedestrian"",""Distracted Driver (Suspected)""]",0,0,0,0,1,"[""No Contributing Factors"",""Other""]",,Rain,Wet,Dark-Lighted,33.75113,-84.400112
7/1/16 18:51,Atlanta Police Department,Fulton,Atlanta,Decatur St,Decatur St and Central Ave,(C) Possible Injury / Complaint,Not a Collision with Motor Vehicle,,"[""Intersection Related"",""Pedestrian"",""Distracted Driver (Suspected)""]",0,0,0,1,1,"[""No Contributing Factors"",""No Contributing Factors""]",,Clear,Dry,Daylight,33.753146,-84.38761
8/24/16 12:41,Atlanta Police Department,Fulton,Atlanta,1536 Monroe Dr,Piedmont Ave and 1536 Monroe Dr,(C) Possible Injury / Complaint,Not a Collision with Motor Vehicle,,"[""Intersection Related"",""Hit & Run"",""Pedestrian"",""Older Driver (55-64)""]",0,0,0,2,2,"[""No Contributing Factors"",""No Contributing Factors"",""Other""]",,Cloudy,Dry,Daylight,33.796421,-84.368412
2/1/16 19:31,Atlanta Police Department,Fulton,Atlanta,Fairburn Rd,Fairburn Rd and Boulder Park Dr,(C) Possible Injury / Complaint,Angle (Other),,"[""Intersection Related"",""Hit & Run"",""Pedestrian""]",0,0,0,1,1,Other,,Clear,Dry,Dark-Not Lighted,33.748726,-84.508271
1/5/16 11:10,Atlanta Police Department,Fulton,Atlanta,Luckie St,Luckie St and Forsyth St,(C) Possible Injury / Complaint,Not a Collision with Motor Vehicle,,"[""Intersection Related"",""Pedestrian"",""Older Driver (55-64)""]",0,0,0,1,1,"[""No Contributing Factors"",""Other""]",,Clear,Dry,Daylight,33.75683,-84.389076
4/29/16 22:05,Atlanta Police Department,Fulton,Atlanta,W Peachtree,W Peachtree and Peachtree Pl,(C) Possible Injury / Complaint,Not a Collision with Motor Vehicle,,"[""Intersection Related"",""Pedestrian""]",0,0,0,1,1,"[""Failure to Yield"",""No Contributing Factors""]",,Clear,Dry,Dark-Lighted,33.792514,-84.386378
3/31/16 19:05,Atlanta Police Department,Fulton,Atlanta,Piedmont Rd,Piedmont Rd and Sidney Marcus Blvd,(O) No Injury,Head On,,"[""Intersection Related"",""Hit & Run"",""Bicycle"",""Distracted Driver (Suspected)""]",0,0,0,0,4,"[""Following Too Close"",""No Contributing Factors"",""No Contributing Factors""]",,Cloudy,Dry,Dawn,33.825689,-84.367154
11/17/16 17:38,Atlanta Police Department,Fulton,Atlanta,Peachtree St,10Th St and Peachtree St,(O) No Injury,Sideswipe-Same Direction,,"[""Intersection Related"",""Hit & Run"",""Bicycle"",""Improper Occupant Protection""]",0,0,0,0,4,"[""No Contributing Factors"",""No Contributing Factors"",""No Contributing Factors""]",,Clear,Dry,Daylight,33.781705,-84.384005
11/23/16 17:27,Atlanta Police Department,Fulton,Atlanta,3050 Martin L King Jr Dr,,(C) Possible Injury / Complaint,Not a Collision with Motor Vehicle,,"[""Pedestrian"",""Distracted Driver (Suspected)"",""Older Driver (55-64)""]",0,0,0,1,1,"[""Other"",""Other""]",,Clear,Dry,Daylight,33.752545,-84.48649
4/30/16 13:58,Atlanta Police Department,Fulton,Atlanta,790 Cascade Ave,,(B) Suspected Minor/Visible Injury,Not a Collision with Motor Vehicle,,"[""Pedestrian"",""Distracted Driver (Suspected)""]",0,0,1,0,1,"[""Other"",""Other""]",,Clear,Dry,Daylight,33.733755,-84.437324
1/22/16 0:25,Atlanta Police Department,Fulton,Atlanta,W Peachtree St,N Ave and W Peachtree St,(A) Suspected Serious Injury,Head On,,"[""Intersection Related"",""Hit & Run"",""Pedestrian""]",0,1,0,0,1,"[""Other"",""Other""]",,Rain,Wet,Dark-Lighted,33.771271,-84.387417
10/4/16 11:55,Atlanta Police Department,Fulton,Atlanta,W Wieuca Rd,Roswell Rd and W Wieuca Rd,(O) No Injury,Not a Collision with Motor Vehicle,,"[""Intersection Related"",""Pedestrian"",""Young Adult Driver (Age 20-24)"",""Distracted Driver (Suspected)""]",0,0,0,0,1,"[""No Contributing Factors"",""Other""]",,Clear,Dry,Daylight,33.876837,-84.379904
4/28/16 16:02,Atlanta Police Department,Fulton,Atlanta,Metropolitan Pkwy,Saint Johns Ave and Metropolitan Pkwy,Unknown,Not a Collision with Motor Vehicle,,"[""Intersection Related"",""Pedestrian"",""Young Driver (Age 15-19)""]",0,0,0,0,1,Failure to Yield,,Clear,Dry,Daylight,33.699146,-84.408095