Date and Time,Agency Name (Crash Level) ,Area: County,Area: City,Roadway (From Crash Report),Intersection Name (from Crash Report),KABCO Severity,Manner of Collision (Crash Level) ,First Harmful Event (Crash Level) ,SHSP Emphasis Areas,# of Fatalities (Person Table),# Serious Injuries,# Visible Injuries,# Complaint Injuries,# of Vehicles,Operator / Driver Contributing Factor -old,Roadway Contributing Factors (Crash Level) ,Weather Conditions (Crash Level),Surface Condition (Crash Level) ,Light Conditions (Crash Level),Latitude ,Longitude
5/14/16 21:52,Atlanta Police Department,Fulton,Atlanta,Princeton Lakes Pkwy,Carmia Dr and Princeton Lakes Pkwy,(B) Suspected Minor/Visible Injury,Not a Collision with Motor Vehicle,,"[""Pedestrian"",""Older Driver (55-64)""]",0,0,1,0,1,"[""Failure to Yield"",""No Contributing Factors""]",,Clear,Dry,Dark-Not Lighted,33.657167,-84.510739
9/12/16 17:53,Atlanta Police Department,Fulton,Atlanta,1218 W Paces Ferry Rd,,(C) Possible Injury / Complaint,Sideswipe-Same Direction,,"[""Roadway Departure"",""Pedestrian""]",0,0,0,1,1,,,Rain,Wet,Daylight,33.849821,-84.427743
1/17/16 15:49,Atlanta Police Department,Fulton,Atlanta,1105 Northside Dr,,(B) Suspected Minor/Visible Injury,Angle (Other),,"[""Intersection Related"",""Pedestrian"",""Older Driver (55-64)""]",0,0,1,0,1,"[""No Contributing Factors"",""No Contributing Factors""]",,Clear,Dry,Daylight,33.787079,-84.407449
1/22/16 21:10,Atlanta Police Department,Fulton,Atlanta,842 Cascade Ave,,(B) Suspected Minor/Visible Injury,Angle (Other),,"[""Intersection Related"",""Pedestrian""]",0,0,1,0,1,"[""Improper Turn"",""No Contributing Factors"",""No Contributing Factors"",""No Contributing Factors""]",,Snow,Wet,Dark-Lighted,33.73341,-84.43751
8/8/16 12:49,Atlanta Police Department,Fulton,Atlanta,275 Collier Rd,Ardmore Dr and 275 Collier Rd,(O) No Injury,Angle (Other),,"[""Intersection Related"",""Bicycle"",""Improper Occupant Protection""]",0,0,0,0,2,"[""Failure to Yield"",""Other""]",,Clear,Dry,Daylight,33.808429,-84.397884
8/25/16 9:35,Atlanta Police Department,Fulton,Atlanta,Fulton St,Fulton St and Mcdaniel St,(C) Possible Injury / Complaint,Not a Collision with Motor Vehicle,,"[""Intersection Related"",""Pedestrian""]",0,0,0,1,1,"[""Improper Turn"",""No Contributing Factors""]",,Clear,Dry,Daylight,33.741575,-84.402943
3/6/16 16:38,Atlanta Police Department,Fulton,Atlanta,1800 Pecan Dr Sw;,Lakewood Ave and 1800 Pecan Dr Sw;,(B) Suspected Minor/Visible Injury,Rear End,,"[""Hit & Run"",""Bicycle"",""Distracted Driver (Suspected)"",""Improper Occupant Protection""]",0,0,1,0,2,"[""Improper Backing"",""No Contributing Factors""]",,Clear,Dry,Daylight,33.697049,-84.392826
11/7/16 16:10,Atlanta Police Department,Fulton,Atlanta,Martin Luther King Jr Dr,Peyton Rd and Martin Luther King Jr Dr,Unknown,Not a Collision with Motor Vehicle,,"[""Intersection Related"",""Distracted Driver (Confirmed)"",""Older Driver (65+)"",""Pedestrian""]",0,0,0,0,1,"[""Inattentive or Other Distraction (Distracted)"",""No Contributing Factors""]",,Clear,Dry,Daylight,33.751748,-84.467492
11/6/16 0:27,Atlanta Police Department,Fulton,Atlanta,Hamilton E Holmes Dr Nw   Martin L King Dr,Martin L King Jr Dr and Hamilton E Holmes Dr Nw   Martin L King Dr,(B) Suspected Minor/Visible Injury,Not a Collision with Motor Vehicle,,"[""Intersection Related"",""Pedestrian"",""Distracted Driver (Suspected)"",""Older Driver (55-64)""]",0,0,1,0,1,"[""No Contributing Factors"",""Other""]",,Clear,Dry,Dark-Not Lighted,33.752109,-84.467462
3/26/16 11:41,Atlanta Police Department,Fulton,Atlanta,Sawtell Ave,Sawtell Ave and Mcdonough Blvd,(B) Suspected Minor/Visible Injury,Not a Collision with Motor Vehicle,,"[""Intersection Related"",""Pedestrian"",""Distracted Driver (Suspected)""]",0,0,1,0,1,"[""No Contributing Factors"",""Wrong Side of Road""]",,Rain,Wet,Daylight,33.713972,-84.373628
3/27/16 23:00,Atlanta Police Department,Fulton,Atlanta,W Lake Ave,W Lake Ave and Martin L King Jr Dr,(B) Suspected Minor/Visible Injury,Not a Collision with Motor Vehicle,,"[""Hit & Run"",""Pedestrian"",""Distracted Driver (Suspected)""]",0,0,1,0,1,"[""No Contributing Factors"",""Other""]",,Clear,Dry,Dark-Lighted,33.751052,-84.444138
2/2/16 16:03,Atlanta Police Department,Fulton,Atlanta,490 Fulton St,Glenn and 490 Fulton St,(C) Possible Injury / Complaint,Not a Collision with Motor Vehicle,,"[""Intersection Related"",""Pedestrian""]",0,0,0,1,1,"[""Failure to Yield"",""No Contributing Factors""]",,Clear,Dry,Daylight,33.741663,-84.40279
4/25/16 23:17,Atlanta Police Department,Fulton,Atlanta,Pharr Rd,Pharr Rd and N Fulton Rd,(A) Suspected Serious Injury,Not a Collision with Motor Vehicle,,"[""Intersection Related"",""Distracted Driver (Confirmed)"",""Pedestrian"",""Improper Occupant Protection""]",0,1,0,0,1,"[""Inattentive or Other Distraction (Distracted)"",""No Contributing Factors""]",,Clear,Dry,Dark-Lighted,33.837039,-84.377867
6/29/16 15:40,Atlanta Police Department,Fulton,Atlanta,476 Edgewood Ave,Blvd and 476 Edgewood Ave,(B) Suspected Minor/Visible Injury,Not a Collision with Motor Vehicle,,"[""Intersection Related"",""Pedestrian"",""Secondary Crash"",""Distracted Driver (Suspected)"",""Older Driver (55-64)""]",0,0,1,0,1,"[""No Contributing Factors"",""Other""]",,Clear,Dry,Daylight,33.754275,-84.37215
1/23/16 15:43,Atlanta Police Department,Fulton,Atlanta,470 16Th St,,(C) Possible Injury / Complaint,Angle (Other),,Pedestrian,0,0,0,1,1,"[""Improper Turn"",""Other""]",,Clear,Dry,Daylight,33.787915,-84.40476
5/12/16 10:29,Emory Police Department,DeKalb,Atlanta,Clifton Rd,Clifton Rd and Lowergate Dr,(O) No Injury,(None),,"[""Roadway Departure"",""Older Driver (65+)"",""Pedestrian"",""Older Driver (55-64)"",""Improper Occupant Protection""]",0,0,0,0,2,"[""Following Too Close"",""No Contributing Factors""]",,(None),(None),Daylight,33.791808,-84.320965
12/7/16 20:44,Atlanta Police Department,Fulton,Atlanta,Pendleton St,Moreland Ave and Pendleton St,(C) Possible Injury / Complaint,Not a Collision with Motor Vehicle,,"[""Intersection Related"",""Older Driver (65+)"",""Pedestrian""]",0,0,0,1,1,"[""Failure to Yield"",""No Contributing Factors""]",,Clear,Dry,Dark-Lighted,33.736913,-84.3493
12/6/16 14:40,Atlanta Police Department,Fulton,Atlanta,1330 Metropolitan Pkwy,Metropolitan Pkwy and 1330 Metropolitan Pkwy,(C) Possible Injury / Complaint,Not a Collision with Motor Vehicle,,"[""Intersection Related"",""Pedestrian""]",0,0,0,1,1,"[""Disregard Stop Sign/Signal"",""No Contributing Factors""]",,Rain,Wet,Daylight,33.718264,-84.407862
2/11/16 19:15,Atlanta Police Department,Fulton,Atlanta,10Th St Monroe Dr,10Th St and 10Th St Monroe Dr,(K) Fatal Injury,Angle (Other),,"[""Intersection Related"",""Bicycle"",""Improper Occupant Protection""]",1,0,0,0,2,"[""Disregard Stop Sign/Signal"",""No Contributing Factors""]",,Clear,Dry,Dark-Lighted,33.781734,-84.368687
12/11/16 15:13,Atlanta Police Department,Fulton,Atlanta,Confederate Ave,Delmar Ave and Confederate Ave,(C) Possible Injury / Complaint,Angle (Other),,"[""Intersection Related"",""Pedestrian"",""Young Driver (Age 15-19)""]",0,0,0,1,1,"[""Failure to Yield"",""No Contributing Factors""]",,Clear,Dry,Daylight,33.732093,-84.364754
11/10/16 18:00,Atlanta Police Department,Fulton,Atlanta,Pine St,,(B) Suspected Minor/Visible Injury,Not a Collision with Motor Vehicle,,"[""Intersection Related"",""Pedestrian"",""Young Adult Driver (Age 20-24)"",""Distracted Driver (Suspected)""]",0,0,1,0,1,,,Clear,Dry,Dusk,33.767464,-84.384083
10/30/16 10:45,Atlanta Police Department,Fulton,Atlanta,Ridgewood Rd,Ridgewood Rd and Nancy Creek Rd,(C) Possible Injury / Complaint,Angle (Other),,"[""Intersection Related"",""Aggressive Driving"",""Older Driver (65+)"",""Bicycle""]",0,0,0,1,2,"[""Improper Passing"",""No Contributing Factors""]",,Clear,Dry,Daylight,33.853874,-84.442085
9/25/16 3:12,Atlanta Police Department,Fulton,Atlanta,325 Fairburn,,(O) No Injury,Head On,,"[""Hit & Run"",""Pedestrian"",""Distracted Driver (Suspected)""]",0,0,0,0,1,No Contributing Factors,,Clear,Dry,Dark-Lighted,33.745335,-84.508626
8/10/16 19:30,Atlanta Police Department,Fulton,Atlanta,Montevista St,Rogers Ave and Montevista St,(C) Possible Injury / Complaint,Not a Collision with Motor Vehicle,,"[""Intersection Related"",""Hit & Run"",""Pedestrian""]",0,0,0,1,1,"[""Misjudged Clearance"",""No Contributing Factors""]",,Clear,Dry,Daylight,33.737406,-84.451595
3/24/16 16:35,Atlanta Police Department,Fulton,Atlanta,Ralph D Abernathy Blvd,Lawton St and Ralph D Abernathy Blvd,(B) Suspected Minor/Visible Injury,Angle (Other),,"[""Intersection Related"",""Pedestrian""]",0,0,1,0,1,"[""Failure to Yield"",""No Contributing Factors""]",,Cloudy,Dry,Daylight,33.738382,-84.423352
9/22/16 20:35,Atlanta Police Department,Fulton,Atlanta,Cleveland Ave,Third Ave and Cleveland Ave,(K) Fatal Injury,Not a Collision with Motor Vehicle,,"[""Intersection Related"",""Hit & Run"",""Pedestrian""]",1,0,0,0,1,"[""Failure to Yield"",""No Contributing Factors""]",,Clear,Dry,Dark-Lighted,33.681214,-84.402762
11/22/16 9:35,Georgia Tech Police Department,Fulton,Atlanta,Fifth St,Fifth St and Fowler St,(C) Possible Injury / Complaint,Angle (Other),,"[""Intersection Related"",""Older Driver (65+)"",""Bicycle"",""Improper Occupant Protection""]",0,0,0,1,2,"[""Improper Turn"",""No Contributing Factors""]",,Clear,Dry,Daylight,33.776904,-84.393635
11/9/16 12:33,Atlanta Police Department,Fulton,Atlanta,Benjamin E Mays Dr Sw   Cascade Rd,Cascade Rd and Benjamin E Mays Dr Sw   Cascade Rd,Unknown,Not a Collision with Motor Vehicle,,"[""Intersection Related"",""Hit & Run"",""Pedestrian""]",0,0,0,0,1,Other,,Clear,Dry,Daylight,33.722366,-84.463575
12/4/16 18:58,Atlanta Police Department,Fulton,Atlanta,W Peachtree St,Peachtree St and W Peachtree St,(O) No Injury,Angle (Other),,"[""Intersection Related"",""Older Driver (65+)"",""Pedestrian""]",0,0,0,0,1,"[""No Contributing Factors"",""No Contributing Factors""]",,Clear,Dry,Dark-Lighted,33.796358,-84.387784
7/27/16 18:22,Atlanta Police Department,Fulton,Atlanta,Ponce De Leon Ave,Glen Iris Dr and Ponce De Leon Ave,(B) Suspected Minor/Visible Injury,Angle (Other),,"[""Intersection Related"",""Bicycle""]",0,0,1,0,2,"[""Failure to Yield"",""No Contributing Factors""]",,Clear,Dry,Daylight,33.7735,-84.367632
4/6/16 17:40,Atlanta Police Department,Fulton,Atlanta,1841 Shirley St,,(K) Fatal Injury,Not a Collision with Motor Vehicle,,"[""Pedestrian"",""Young Adult Driver (Age 20-24)"",""Distracted Driver (Suspected)""]",1,0,0,0,1,,,Clear,Dry,Daylight,33.734321,-84.450696
8/1/16 13:07,Atlanta Police Department,Fulton,Atlanta,Peachtree St,16Th St and Peachtree St,(B) Suspected Minor/Visible Injury,Sideswipe-Same Direction,,"[""Intersection Related"",""Bicycle"",""Secondary Crash""]",0,0,1,0,2,"[""Changed Lanes Improperly"",""No Contributing Factors""]",,Clear,Dry,Daylight,33.790723,-84.385196
6/1/16 19:55,Atlanta Police Department,Fulton,Atlanta,Bolfair Dr,Bolfair Dr and Bonneville Ter,(B) Suspected Minor/Visible Injury,Not a Collision with Motor Vehicle,,"[""Intersection Related"",""Pedestrian"",""Distracted Driver (Suspected)""]",0,0,1,0,1,"[""No Contributing Factors"",""No Contributing Factors""]",,Clear,Dry,Daylight,33.777367,-84.504765
8/3/16 17:48,Georgia Tech Police Department,Fulton,Atlanta,Ferst Dr,State St and Ferst Dr,(B) Suspected Minor/Visible Injury,Angle (Other),,"[""Intersection Related"",""Hit & Run"",""Bicycle""]",0,0,1,0,2,"[""Failure to Yield"",""No Contributing Factors""]",,Clear,Dry,Daylight,33.77827,-84.399077
10/4/16 18:21,Atlanta Police Department,Fulton,Atlanta,Muscogee Ave,Peachtree Rd and Muscogee Ave,(B) Suspected Minor/Visible Injury,Not a Collision with Motor Vehicle,,"[""Intersection Related"",""Pedestrian""]",0,0,1,0,1,Failure to Yield,,Clear,Dry,Daylight,33.824653,-84.387602
1/17/16 14:33,Atlanta Police Department,Fulton,Atlanta,415 Moreland Ave,,(C) Possible Injury / Complaint,Not a Collision with Motor Vehicle,,"[""Pedestrian"",""Distracted Driver (Suspected)""]",0,0,0,1,1,"[""No Contributing Factors"",""Other""]",,Clear,Dry,Daylight,33.742641,-84.349244
3/20/16 1:03,Atlanta Police Department,Fulton,Atlanta,Alison Ct,Delowe Dr and Alison Ct,(B) Suspected Minor/Visible Injury,Not a Collision with Motor Vehicle,,"[""Intersection Related"",""Pedestrian"",""Distracted Driver (Suspected)""]",0,0,1,0,1,"[""No Contributing Factors"",""Other""]",,Clear,Dry,Dark-Lighted,33.700736,-84.457363
6/17/16 3:40,Atlanta Police Department,Fulton,Atlanta,Glenview Cir,Fairburn Rd and Glenview Cir,(B) Suspected Minor/Visible Injury,Not a Collision with Motor Vehicle,,"[""Aggressive Driving"",""Hit & Run"",""Pedestrian""]",0,0,1,0,1,"[""Improper Passing"",""No Contributing Factors""]",,Clear,Dry,Dark-Lighted,33.703573,-84.504074
11/5/16 17:00,Atlanta Police Department,Fulton,Atlanta,Martin L King Jr Dr Sw   Forsyth St,Forsyth St and Martin L King Jr Dr Sw   Forsyth St,(O) No Injury,Angle (Other),,"[""Intersection Related"",""Pedestrian"",""Older Driver (55-64)""]",0,0,0,0,1,"[""No Contributing Factors"",""Other""]",,Clear,Dry,Daylight,33.75275,-84.393453
9/28/13 0:28,Atlanta Police Department,Fulton,Atlanta,10Th St,10Th St and Piedmont Ave,(A) Suspected Serious Injury,Not a Collision with Motor Vehicle,,"[""Intersection Related"",""Hit & Run"",""Pedestrian""]",0,1,0,0,1,"[""No Contributing Factors"",""Other""]",,Clear,Dry,Dark-Lighted,33.781783,-84.380282
1/7/13 8:42,Atlanta Police Department,Fulton,Atlanta,Lee St,Oak St and Lee St,(C) Possible Injury / Complaint,Not a Collision with Motor Vehicle,,Pedestrian,0,0,0,1,1,"[""Failure to Yield"",""No Contributing Factors""]",,Clear,Dry,Daylight,33.740625,-84.413847
11/29/13 18:48,Atlanta Police Department,Fulton,Atlanta,Cleveland Ave,Beeler Dr and Cleveland Ave,(B) Suspected Minor/Visible Injury,Not a Collision with Motor Vehicle,,"[""Intersection Related"",""Pedestrian"",""Older Driver (55-64)""]",0,0,2,0,1,"[""Failure to Yield"",""Failure to Yield"",""No Contributing Factors""]",,Clear,Dry,Dark-Lighted,33.681147,-84.401012
9/25/13 20:50,Atlanta Police Department,Fulton,Atlanta,Peachtree St,8Th St and Peachtree St,(C) Possible Injury / Complaint,Not a Collision with Motor Vehicle,,"[""Intersection Related"",""Pedestrian"",""Distracted Driver (Suspected)"",""Older Driver (55-64)""]",0,0,0,1,1,"[""Following Too Close"",""No Contributing Factors""]",,Clear,Dry,Daylight,33.779524,-84.384142
6/18/13 17:53,Atlanta Police Department,Fulton,Atlanta,Stillwood Dr,Stillwood Dr and Los Angeles Ave,(B) Suspected Minor/Visible Injury,Angle (Other),,"[""Intersection Related"",""Bicycle""]",0,0,1,0,2,"[""Improper Turn"",""No Contributing Factors""]",,Rain,Wet,Daylight,33.783007,-84.351567
12/12/13 12:48,Atlanta Police Department,Fulton,Atlanta,Peachtree St,Edgewood Ave and Peachtree St,(B) Suspected Minor/Visible Injury,Not a Collision with Motor Vehicle,,"[""Intersection Related"",""Pedestrian""]",0,0,1,0,1,"[""Misjudged Clearance"",""No Contributing Factors""]",,Clear,Dry,Daylight,33.754508,-84.389617
7/30/13 11:40,Atlanta Police Department,Fulton,Atlanta,Decatur St,Decatur St and Central Ave,(O) No Injury,Sideswipe-Opposite Direction,,"[""Intersection Related"",""Hit & Run"",""Pedestrian"",""Distracted Driver (Suspected)""]",0,0,0,0,1,,,Clear,Dry,Daylight,33.753173,-84.387727
9/29/13 19:56,Atlanta Police Department,Fulton,Atlanta,1238 Pryor Rd,,(A) Suspected Serious Injury,Angle (Other),,Pedestrian,0,1,0,0,1,"[""No Contributing Factors"",""Other""]",,Clear,Dry,Dark-Lighted,33.720639,-84.393385
1/12/13 10:40,Atlanta Police Department,Fulton,Atlanta,Fairburn Rd,Melvin Dr and Fairburn Rd,(O) No Injury,Angle (Other),,"[""Intersection Related"",""Hit & Run"",""Older Driver (65+)"",""Bicycle"",""Impaired (Suspected)"",""Improper Occupant Protection""]",0,0,0,0,2,"[""Failure to Yield"",""No Contributing Factors""]",,Cloudy,Dry,Daylight,33.708467,-84.507219
8/27/13 17:00,Atlanta Police Department,Fulton,Atlanta,Markham St,Markham St and Northside Dr,(C) Possible Injury / Complaint,Not a Collision with Motor Vehicle,,"[""Intersection Related"",""Older Driver (65+)"",""Pedestrian"",""Distracted Driver (Suspected)""]",0,0,0,1,1,"[""No Contributing Factors"",""Other""]",,Clear,Dry,Daylight,33.752879,-84.402805
6/23/13 22:00,Atlanta Police Department,Fulton,Atlanta,711 Lee St,,(C) Possible Injury / Complaint,Not a Collision with Motor Vehicle,,"[""Hit & Run"",""Pedestrian"",""Impaired (Suspected)""]",0,0,0,1,1,"[""Failure to Yield"",""No Contributing Factors""]",,Clear,Dry,Dark-Lighted,33.735504,-84.414111
7/11/13 23:02,Atlanta Police Department,Fulton,Atlanta,Simmons St,Simmons St and Donald Lee Hollowell Pkwy,(B) Suspected Minor/Visible Injury,Not a Collision with Motor Vehicle,,"[""Intersection Related"",""Pedestrian""]",0,0,1,0,1,"[""Misjudged Clearance"",""Other""]",,Clear,Dry,Dark-Not Lighted,33.773204,-84.42006
11/2/13 1:23,Atlanta Police Department,Fulton,Atlanta,Glenn St,Glenn St and Mcdaniel St,(B) Suspected Minor/Visible Injury,Not a Collision with Motor Vehicle,,"[""Intersection Related"",""Hit & Run"",""Pedestrian"",""Distracted Driver (Suspected)"",""Improper Occupant Protection""]",0,0,1,0,1,No Contributing Factors,,Clear,Dry,Dark-Lighted,33.738127,-84.401644
5/1/13 14:45,Atlanta Police Department,Fulton,Atlanta,3602 Browns Mill Rd,,(C) Possible Injury / Complaint,Not a Collision with Motor Vehicle,,"[""Pedestrian"",""Distracted Driver (Suspected)"",""Older Driver (55-64)""]",0,0,0,1,1,"[""No Contributing Factors"",""No Contributing Factors""]",,Clear,Dry,Daylight,33.659124,-84.387124
4/19/13 15:49,Atlanta Police Department,Fulton,Atlanta,Westmont Rd,Beecher St and Westmont Rd,(C) Possible Injury / Complaint,Not a Collision with Motor Vehicle,,"[""Intersection Related"",""Hit & Run"",""Pedestrian"",""Distracted Driver (Suspected)""]",0,0,0,1,1,"[""No Contributing Factors"",""Other""]",,Cloudy,Wet,Daylight,33.733336,-84.437358
2/24/13 19:12,Atlanta Police Department,Fulton,Atlanta,10Th St,10Th St and Charles Allen Dr,(A) Suspected Serious Injury,Rear End,,"[""Intersection Related"",""Bicycle"",""Secondary Crash"",""Distracted Driver (Suspected)""]",0,1,0,0,2,,,Clear,Dry,Dark-Not Lighted,33.781774,-84.372796
6/23/13 18:34,Atlanta Police Department,Fulton,Atlanta,500 Mcdaniel St,Fulton St and 500 Mcdaniel St,(B) Suspected Minor/Visible Injury,Angle (Other),,"[""Intersection Related"",""Pedestrian""]",0,0,1,0,1,"[""Failure to Yield"",""No Contributing Factors""]",,Clear,Dry,Daylight,33.741601,-84.402932
12/5/13 17:55,Atlanta Police Department,Fulton,Atlanta,N Ave,N Ave and Northyards Blvd,(C) Possible Injury / Complaint,Not a Collision with Motor Vehicle,,"[""Intersection Related"",""Pedestrian"",""Distracted Driver (Suspected)""]",0,0,0,1,1,Other,,Rain,Wet,Dark-Lighted,33.769982,-84.403202
8/14/13 17:25,Georgia Tech Police Department,Fulton,Atlanta,Ferst Dr,Ferst Dr and Cherry St,(C) Possible Injury / Complaint,Sideswipe-Opposite Direction,,"[""Bicycle"",""Older Driver (55-64)"",""Improper Occupant Protection""]",0,0,0,1,2,"[""Failure to Yield"",""Failure to Yield""]",,Cloudy,Dry,Daylight,33.77234,-84.395513
3/15/13 8:25,Atlanta Police Department,Fulton,Atlanta,Roswell Rd,Powers Fry and Roswell Rd,(C) Possible Injury / Complaint,Not a Collision with Motor Vehicle,,"[""Intersection Related"",""Hit & Run"",""Pedestrian"",""Impaired (Suspected)"",""Distracted Driver (Suspected)"",""Improper Occupant Protection""]",0,0,0,1,1,"[""Other"",""Other""]",,Clear,Dry,Daylight,33.855786,-84.382651
8/21/13 9:05,Atlanta Police Department,Fulton,Atlanta,Randolph St,Randolph St and John Wesley Dobbs Ave,(O) No Injury,Angle (Other),,"[""Intersection Related"",""Hit & Run"",""Pedestrian""]",0,0,0,0,1,"[""Failure to Yield"",""No Contributing Factors""]",,Cloudy,Wet,Daylight,33.759266,-84.367876
1/17/13 15:40,Atlanta Police Department,Fulton,Atlanta,Decatur St,Decatur St and Central Ave,(O) No Injury,Angle (Other),,"[""Intersection Related"",""Bicycle""]",0,0,0,0,2,"[""Failure to Yield"",""No Contributing Factors""]",,Rain,Wet,Daylight,33.753106,-84.387649
2/28/13 12:24,Atlanta Police Department,Fulton,Atlanta,1958 Monroe Dr,Armour Dr and 1958 Monroe Dr,(B) Suspected Minor/Visible Injury,Not a Collision with Motor Vehicle,,"[""Pedestrian"",""Young Adult Driver (Age 20-24)"",""Distracted Driver (Suspected)""]",0,0,1,0,1,"[""No Contributing Factors"",""Other""]",,Clear,Dry,Daylight,33.808217,-84.375328
11/5/13 13:00,Atlanta Police Department,Fulton,Atlanta,2015 Baker Rd,,(A) Suspected Serious Injury,Head On,,"[""Aggressive Driving"",""Pedestrian"",""Speed Related"",""Improper Occupant Protection""]",0,1,0,0,1,"[""Other"",""Too Fast for Conditions""]",,Clear,Dry,Daylight,33.769935,-84.453019
5/10/13 18:50,Atlanta Police Department,Fulton,Atlanta,Courtland St,Courtland St and John Wesley Dobbs Ave,(B) Suspected Minor/Visible Injury,Sideswipe-Same Direction,,"[""Intersection Related"",""Pedestrian"",""Older Driver (55-64)""]",0,0,1,1,2,"[""Changed Lanes Improperly"",""No Contributing Factors"",""No Contributing Factors""]",,Cloudy,Dry,Daylight,33.757116,-84.384167
1/22/13 17:40,Atlanta Police Department,Fulton,Atlanta,Jackson St,Jackson St and Highland Ave,(O) No Injury,Angle (Other),,"[""Intersection Related"",""Older Driver (65+)"",""Bicycle""]",0,0,0,0,2,"[""Failure to Yield"",""No Contributing Factors""]",,Clear,Dry,Dusk,33.761376,-84.374276
12/3/13 8:30,Atlanta Police Department,Fulton,Atlanta,Peachtree St,Peachtree St and Ralph Mcgill Blvd,(B) Suspected Minor/Visible Injury,Not a Collision with Motor Vehicle,,"[""Intersection Related"",""Pedestrian"",""Distracted Driver (Suspected)""]",0,0,1,0,1,"[""Following Too Close"",""No Contributing Factors""]",,Cloudy,Wet,Daylight,33.764629,-84.385708
1/11/13 17:20,Atlanta Police Department,Fulton,Atlanta,529 Blvd,529 Blvd and Winton Ter,(A) Suspected Serious Injury,Not a Collision with Motor Vehicle,,"[""Intersection Related"",""Pedestrian"",""Distracted Driver (Suspected)""]",0,1,0,0,1,"[""No Contributing Factors"",""Other""]",,Rain,Wet,Daylight,33.768944,-84.371863
11/12/13 6:59,Atlanta Police Department,Fulton,Atlanta,Moreland Ave,Caroline St and Moreland Ave,(C) Possible Injury / Complaint,Not a Collision with Motor Vehicle,,"[""Intersection Related"",""Hit & Run"",""Pedestrian""]",0,0,0,1,1,"[""Failure to Yield"",""No Contributing Factors""]",,Clear,Dry,Dusk,33.758381,-84.349183
11/1/13 9:00,Atlanta Police Department,Fulton,Atlanta,147 Fairburn Rd,Howell Dr and 147 Fairburn Rd,(B) Suspected Minor/Visible Injury,Not a Collision with Motor Vehicle,,"[""Pedestrian"",""Distracted Driver (Suspected)""]",0,0,1,0,1,"[""No Contributing Factors"",""Other""]",,Rain,Wet,Daylight,33.752542,-84.506263
3/11/13 7:00,Atlanta Police Department,Fulton,Atlanta,Moreland Ave,Memorial Dr and Moreland Ave,(O) No Injury,Not a Collision with Motor Vehicle,,"[""Intersection Related"",""Pedestrian""]",0,0,0,0,1,"[""Failure to Yield"",""No Contributing Factors""]",,Clear,Dry,Dawn,33.747625,-84.349215
12/2/13 9:58,Atlanta Police Department,Fulton,Atlanta,656 Juniper St,656 Juniper St and Ponce De Leon Ave,(C) Possible Injury / Complaint,Angle (Other),,"[""Intersection Related"",""Distracted Driver (Confirmed)"",""Pedestrian"",""Improper Occupant Protection""]",0,0,0,1,1,"[""Inattentive or Other Distraction (Distracted)"",""No Contributing Factors""]",,Rain,Wet,Daylight,33.772318,-84.38332
4/17/13 14:05,Georgia Tech Police Department,Fulton,Atlanta,Ferst Dr,Ferst Dr and Fowler St,(C) Possible Injury / Complaint,Angle (Other),,"[""Intersection Related"",""Motorcycle"",""Bicycle""]",0,0,0,1,2,"[""Improper Turn"",""No Contributing Factors""]",,Clear,Dry,Daylight,33.776904,-84.393635
3/6/13 12:17,Atlanta Police Department,Fulton,Atlanta,Spring St,Baker St and Spring St,(C) Possible Injury / Complaint,Not a Collision with Motor Vehicle,,"[""Intersection Related"",""Older Driver (65+)"",""Pedestrian""]",0,0,0,1,1,"[""Failure to Yield"",""No Contributing Factors""]",,Cloudy,Dry,Daylight,33.762253,-84.389016
12/2/13 19:53,Atlanta Police Department,Fulton,Atlanta,Peachtree Rd,Stratford Rd and Peachtree Rd,(C) Possible Injury / Complaint,Not a Collision with Motor Vehicle,,"[""Intersection Related"",""Pedestrian""]",0,0,0,1,1,"[""Misjudged Clearance"",""No Contributing Factors""]",,Rain,Wet,Dark-Lighted,33.848543,-84.366443
3/29/13 13:33,Atlanta Police Department,Fulton,Atlanta,3377 Peachtree Rd,Stratford St and 3377 Peachtree Rd,(O) No Injury,Angle (Other),,Bicycle,0,0,0,0,2,"[""Failure to Yield"",""No Contributing Factors""]",,Clear,Dry,Daylight,33.848324,-84.366695
9/26/13 10:32,Atlanta Police Department,Fulton,Atlanta,798 Ponce De Leon Ave,,(O) No Injury,Not a Collision with Motor Vehicle,,"[""Intersection Related"",""Hit & Run"",""Pedestrian""]",0,0,0,0,1,"[""Failure to Yield"",""No Contributing Factors""]",,Clear,Dry,Daylight,33.773855,-84.360973
8/15/13 16:55,Atlanta Police Department,Fulton,Atlanta,3500 Peachtree Rd,,(O) No Injury,Sideswipe-Same Direction,,"[""Intersection Related"",""Pedestrian"",""Young Adult Driver (Age 20-24)""]",0,0,0,0,1,"[""Following Too Close"",""No Contributing Factors""]",,Clear,Dry,Daylight,33.853809,-84.359096
6/25/13 17:43,Atlanta Police Department,Fulton,Atlanta,1480 Olive St,Ingram St and 1480 Olive St,(O) No Injury,Not a Collision with Motor Vehicle,,"[""Hit & Run"",""Pedestrian"",""Distracted Driver (Suspected)""]",0,0,0,0,1,"[""No Contributing Factors"",""Other""]",,Clear,Dry,Daylight,33.714573,-84.431185