Date and Time,Agency Name (Crash Level) ,Area: County,Area: City,Roadway (From Crash Report),Intersection Name (from Crash Report),KABCO Severity,Manner of Collision (Crash Level) ,First Harmful Event (Crash Level) ,SHSP Emphasis Areas,# of Fatalities (Person Table),# Serious Injuries,# Visible Injuries,# Complaint Injuries,# of Vehicles,Operator / Driver Contributing Factor -old,Roadway Contributing Factors (Crash Level) ,Weather Conditions (Crash Level),Surface Condition (Crash Level) ,Light Conditions (Crash Level),Latitude ,Longitude
3/16/13 21:08,Atlanta Police Department,Fulton,Atlanta,Monroe Dr,Monroe Dr and Virginia Ave,(C) Possible Injury / Complaint,Angle (Other),,"[""Intersection Related"",""Bicycle"",""Improper Occupant Protection""]",0,0,0,1,2,No Contributing Factors,,Clear,Dry,Dark-Lighted,33.780652,-84.36903
7/10/13 13:00,Atlanta Police Department,Fulton,Atlanta,Ralph D Abernathy Blvd,Lee St and Ralph D Abernathy Blvd,(C) Possible Injury / Complaint,Angle (Other),,"[""Intersection Related"",""Older Driver (65+)"",""Pedestrian""]",0,0,0,1,1,"[""Failure to Yield"",""No Contributing Factors""]",,Cloudy,Dry,Daylight,33.738166,-84.414088
2/15/13 8:00,Atlanta Police Department,Fulton,Atlanta,Courtland St,Baker St and Courtland St,(C) Possible Injury / Complaint,Angle (Other),,"[""Intersection Related"",""Pedestrian"",""Older Driver (55-64)""]",0,0,0,1,1,"[""Disregard Stop Sign/Signal"",""No Contributing Factors""]",,Clear,Dry,Daylight,33.762158,-84.384156
7/25/13 13:24,Atlanta Police Department,Fulton,Atlanta,2110 Peachtree Rd,Benett St and 2110 Peachtree Rd,(O) No Injury,Not a Collision with Motor Vehicle,,"[""Intersection Related"",""Pedestrian"",""Distracted Driver (Suspected)"",""Older Driver (55-64)""]",0,0,0,0,1,No Contributing Factors,,Clear,Dry,Daylight,33.812221,-84.392253
11/29/13 13:00,Atlanta Police Department,Fulton,Atlanta,675 Ponce De Leon Ave Ne City Hall,,(O) No Injury,Not a Collision with Motor Vehicle,,"[""Intersection Related"",""Pedestrian"",""Distracted Driver (Suspected)"",""Improper Occupant Protection""]",0,0,0,0,1,No Contributing Factors,,Clear,Dry,Daylight,33.773447,-84.366867
11/19/13 20:02,Atlanta Police Department,Fulton,Atlanta,1975 Plaza Ln,1975 Plaza Ln and Honeysuckle Ln,(C) Possible Injury / Complaint,Not a Collision with Motor Vehicle,,"[""Pedestrian"",""Young Adult Driver (Age 20-24)"",""Distracted Driver (Suspected)""]",0,0,0,1,1,"[""No Contributing Factors"",""No Contributing Factors""]",,Clear,Dry,Dark-Lighted,33.705252,-84.453272
4/10/13 12:28,Atlanta Police Department,Fulton,Atlanta,N Ave,N Ave and Parkway Dr,(A) Suspected Serious Injury,Not a Collision with Motor Vehicle,,"[""Intersection Related"",""Roadway Departure"",""Pedestrian"",""Young Adult Driver (Age 20-24)"",""Distracted Driver (Suspected)"",""Improper Occupant Protection""]",0,1,0,0,1,No Contributing Factors,,Clear,Dry,Daylight,33.77116,-84.372781
4/20/13 18:00,Atlanta Police Department,Fulton,Atlanta,Thayer Ave,Lansing St and Thayer Ave,(B) Suspected Minor/Visible Injury,Not a Collision with Motor Vehicle,,"[""Intersection Related"",""Bicycle"",""Distracted Driver (Suspected)"",""Improper Occupant Protection""]",0,0,1,0,2,"[""Driver Lost Control"",""No Contributing Factors""]",,Clear,Dry,Daylight,33.715648,-84.384685
4/30/13 19:00,Atlanta Police Department,Fulton,Atlanta,Peters St,Haynes St and Peters St,(C) Possible Injury / Complaint,Angle (Other),,"[""Intersection Related"",""Bicycle"",""Improper Occupant Protection""]",0,0,0,1,2,"[""No Contributing Factors"",""Other""]",,Clear,Dry,Daylight,33.749126,-84.399804
11/26/13 13:22,Atlanta Police Department,Fulton,Atlanta,Spring St Nw   12Th St,12Th St and Spring St Nw   12Th St,(C) Possible Injury / Complaint,Not a Collision with Motor Vehicle,,"[""Intersection Related"",""Pedestrian""]",0,0,0,1,1,"[""Failure to Yield"",""No Contributing Factors""]",,Rain,Wet,Daylight,33.78444,-84.389098
1/7/13 11:10,Atlanta Police Department,Fulton,Atlanta,1968 Peachtree Rd,Brighton Rd and 1968 Peachtree Rd,(C) Possible Injury / Complaint,Not a Collision with Motor Vehicle,,"[""Intersection Related"",""Pedestrian"",""Older Driver (55-64)""]",0,0,0,1,1,"[""Disregard Stop Sign/Signal"",""No Contributing Factors""]",,Clear,Dry,Daylight,33.808388,-84.393551
4/2/13 18:36,Atlanta Police Department,Fulton,Atlanta,460 Edgewood Ave,,(B) Suspected Minor/Visible Injury,Sideswipe-Same Direction,,"[""Intersection Related"",""Pedestrian""]",0,0,1,0,2,"[""Misjudged Clearance"",""No Contributing Factors""]",,Clear,Dry,Daylight,33.754311,-84.372616
11/14/13 20:20,Atlanta Police Department,Fulton,Atlanta,Lindbergh Dr,Piedmont Rd and Lindbergh Dr,(O) No Injury,Angle (Other),,"[""Intersection Related"",""Distracted Driver (Confirmed)"",""Pedestrian""]",0,0,0,0,1,"[""Inattentive or Other Distraction (Distracted)"",""No Contributing Factors""]",,Clear,Dry,Dark-Lighted,33.821442,-84.367517
4/11/13 9:45,Atlanta Police Department,Fulton,Atlanta,Ollie St,Ollie St and Martin Luther King Jr Dr,(O) No Injury,Angle (Other),,"[""Bicycle"",""Improper Occupant Protection""]",0,0,0,0,2,"[""No Contributing Factors"",""Other""]",,Clear,Dry,Daylight,33.7548,-84.421321
11/23/13 3:51,Atlanta Police Department,Fulton,Atlanta,Captol Ave,Alice St and Captol Ave,(K) Fatal Injury,Not a Collision with Motor Vehicle,,"[""Intersection Related"",""Pedestrian""]",1,0,0,0,1,"[""Other"",""Other""]",,Cloudy,Dry,Dark-Lighted,33.742795,-84.393388
5/8/13 8:00,Atlanta Police Department,Fulton,Atlanta,Peachtree Rd,Collier Rd and Peachtree Rd,(B) Suspected Minor/Visible Injury,Not a Collision with Motor Vehicle,,"[""Intersection Related"",""Pedestrian""]",0,0,1,0,1,"[""Failure to Yield"",""No Contributing Factors""]",,Clear,Dry,Daylight,33.806715,-84.393908
10/8/13 22:20,Atlanta Police Department,Fulton,Atlanta,I 75,I 75 and Howell Mill Rd,(A) Suspected Serious Injury,Not a Collision with Motor Vehicle,,"[""Older Driver (65+)"",""Pedestrian"",""Distracted Driver (Suspected)""]",0,1,0,0,1,"[""No Contributing Factors"",""Other""]",,Clear,Dry,Dark-Not Lighted,33.805196,-84.413409
9/21/13 9:20,Atlanta Police Department,Fulton,Atlanta,Brotherton St,Forsyth St and Brotherton St,(A) Suspected Serious Injury,Not a Collision with Motor Vehicle,,"[""Intersection Related"",""CMV Related"",""Pedestrian"",""Distracted Driver (Suspected)""]",0,1,0,0,1,"[""No Contributing Factors"",""Other""]",,Cloudy,Dry,Daylight,33.748382,-84.396872
8/9/13 10:00,Atlanta Police Department,Fulton,Atlanta,1577 Metropolitan Pkwy,,(C) Possible Injury / Complaint,Not a Collision with Motor Vehicle,,"[""Pedestrian"",""Older Driver (55-64)""]",0,0,0,1,1,"[""Disregard Stop Sign/Signal"",""No Contributing Factors""]",,Clear,Dry,Daylight,33.711964,-84.407941
4/6/13 13:00,Atlanta Police Department,Fulton,Atlanta,Ivan Allen Jr Blvd,Williams St and Ivan Allen Jr Blvd,(C) Possible Injury / Complaint,Sideswipe-Same Direction,,"[""Distracted Driver (Confirmed)"",""Pedestrian""]",0,0,0,1,1,"[""Inattentive or Other Distraction (Distracted)"",""No Contributing Factors""]",,Clear,Dry,Daylight,33.764651,-84.390351
6/11/13 17:45,Atlanta Police Department,Fulton,Atlanta,Means St,Means St and Marietta St,(C) Possible Injury / Complaint,Angle (Other),,"[""Intersection Related"",""Pedestrian""]",0,0,0,1,1,"[""Failure to Yield"",""No Contributing Factors""]",,Clear,Dry,Daylight,33.773086,-84.403184
11/12/13 6:50,Atlanta Police Department,Fulton,Atlanta,Campbellton Rd Sw   Honeysuckle Ln,Honeysuckle Ln and Campbellton Rd Sw   Honeysuckle Ln,(C) Possible Injury / Complaint,Not a Collision with Motor Vehicle,,"[""Intersection Related"",""Pedestrian"",""Young Adult Driver (Age 20-24)"",""Distracted Driver (Suspected)""]",0,0,0,1,1,"[""No Contributing Factors"",""Other""]",,Clear,Dry,Daylight,33.70807,-84.453317
8/31/13 21:19,Atlanta Police Department,Fulton,Atlanta,Martin L King Jr Dr,W Lake Ave and Martin L King Jr Dr,(A) Suspected Serious Injury,Head On,,"[""Pedestrian"",""Distracted Driver (Suspected)""]",0,1,0,0,1,"[""No Contributing Factors"",""Other""]",,Clear,Dry,Dark-Lighted,33.751086,-84.443979
6/18/13 16:40,Atlanta Police Department,Fulton,Atlanta,E Freedom Pkwy,N Highland Ave and E Freedom Pkwy,(B) Suspected Minor/Visible Injury,Not a Collision with Motor Vehicle,,"[""Intersection Related"",""Older Driver (65+)"",""Pedestrian"",""Improper Occupant Protection""]",0,0,2,0,2,"[""Failure to Yield"",""Failure to Yield"",""No Contributing Factors""]",,Rain,Wet,Daylight,33.769189,-84.35246
5/26/13 8:09,Atlanta Police Department,Fulton,Atlanta,1020 Allene Ave,,(O) No Injury,Sideswipe-Same Direction,,"[""Intersection Related"",""Hit & Run"",""Pedestrian""]",0,0,0,0,2,"[""Misjudged Clearance"",""No Contributing Factors""]",,Clear,Dry,Dark-Not Lighted,33.72711,-84.413486
12/17/13 15:00,Atlanta Police Department,Fulton,Atlanta,Mcdaniel St,Mcdaniel St and Whitehall St,(B) Suspected Minor/Visible Injury,Not a Collision with Motor Vehicle,,"[""Intersection Related"",""Pedestrian"",""Older Driver (55-64)""]",0,0,1,0,1,"[""Failure to Yield"",""No Contributing Factors""]",,Clear,Dry,Daylight,33.743569,-84.403996
1/21/13 16:55,Atlanta Police Department,Fulton,Atlanta,Joseph E Lowery Blvd Nw   Rock St,Rock St and Joseph E Lowery Blvd Nw   Rock St,(C) Possible Injury / Complaint,Head On,,"[""Intersection Related"",""Older Driver (65+)"",""Pedestrian"",""Distracted Driver (Suspected)""]",0,0,0,1,1,"[""Other"",""Other""]",,Clear,Dry,Dusk,33.762159,-84.407773
11/18/13 16:00,Atlanta Police Department,Fulton,Atlanta,Peachtree Rd,Peachtree Rd and Peachtree Ave,(C) Possible Injury / Complaint,Not a Collision with Motor Vehicle,,"[""Intersection Related"",""Pedestrian""]",0,0,0,1,1,Failure to Yield,,Clear,Dry,Daylight,33.839413,-84.379845
3/1/13 9:59,Atlanta Police Department,Fulton,Atlanta,Peachtree St,Williams St and Peachtree St,(O) No Injury,Not a Collision with Motor Vehicle,,"[""Intersection Related"",""Bicycle"",""Older Driver (55-64)""]",0,0,0,0,2,"[""Failure to Yield"",""No Contributing Factors""]",,Cloudy,Dry,Daylight,33.756894,-84.388124
8/5/13 22:01,Atlanta Police Department,Fulton,Atlanta,3232 Martin L King Jr Dr,,(B) Suspected Minor/Visible Injury,Sideswipe-Same Direction,,"[""Intersection Related"",""Pedestrian""]",0,0,1,0,1,"[""No Contributing Factors"",""Other""]",,Clear,Dry,Dark-Lighted,33.75256,-84.493069
12/9/13 11:55,Emory Police Department,DeKalb,Atlanta,N Decatur Rd,N Decatur Rd and Burlington Rd,(C) Possible Injury / Complaint,Not a Collision with Motor Vehicle,,"[""Intersection Related"",""Pedestrian"",""Young Adult Driver (Age 20-24)"",""Distracted Driver (Suspected)""]",0,0,0,1,1,No Contributing Factors,,Rain,Wet,Daylight,33.790503,-84.317432
4/26/13 13:15,Atlanta Police Department,Fulton,Atlanta,Trinity Ave,Central Ave and Trinity Ave,(C) Possible Injury / Complaint,Not a Collision with Motor Vehicle,,"[""Intersection Related"",""Pedestrian""]",0,0,0,1,1,"[""Failure to Yield"",""No Contributing Factors""]",,Clear,Dry,Daylight,33.74855,-84.391541
7/3/13 9:43,Atlanta Police Department,Fulton,Atlanta,Moreland Ave,Moreland Ave and Constitution Rd,(B) Suspected Minor/Visible Injury,Not a Collision with Motor Vehicle,,"[""Intersection Related"",""Roadway Departure"",""Pedestrian"",""Young Adult Driver (Age 20-24)""]",0,0,1,1,1,"[""Reaction to Object or Animal"",""Reaction to Object or Animal""]",,Rain,Wet,Daylight,33.692007,-84.349427
11/29/13 14:37,Atlanta Police Department,Fulton,Atlanta,2255 Lenox Rd,2255 Lenox Rd and Cheshire Bridge Rd,(B) Suspected Minor/Visible Injury,Not a Collision with Motor Vehicle,,"[""Roadway Departure"",""Hit & Run"",""Pedestrian"",""Distracted Driver (Suspected)""]",0,0,1,0,1,"[""Driver Lost Control"",""No Contributing Factors""]",,Clear,Dry,Daylight,33.816178,-84.351949
8/3/13 20:55,Atlanta Police Department,Fulton,Atlanta,1985 Campbellton Rd,Myrtle Dr and 1985 Campbellton Rd,(C) Possible Injury / Complaint,Not a Collision with Motor Vehicle,,"[""Intersection Related"",""Distracted Driver (Confirmed)"",""Pedestrian""]",0,0,0,1,1,"[""Inattentive or Other Distraction (Distracted)"",""No Contributing Factors""]",,Clear,Dry,Daylight,33.707471,-84.454842
7/17/13 12:45,Atlanta Police Department,Fulton,Atlanta,1070 Mayson Turner Rd,,(B) Suspected Minor/Visible Injury,Head On,,"[""Intersection Related"",""Bicycle"",""Distracted Driver (Suspected)""]",0,0,1,0,2,,,Clear,Dry,Daylight,33.762011,-84.421823
7/26/13 0:50,Atlanta Police Department,Fulton,Atlanta,436 Ponce De Leon,John Portman and 436 Ponce De Leon,(A) Suspected Serious Injury,Not a Collision with Motor Vehicle,,"[""Intersection Related"",""Pedestrian"",""Young Adult Driver (Age 20-24)"",""Distracted Driver (Suspected)"",""Improper Occupant Protection""]",0,1,0,0,1,Other,,Clear,Dry,Dark-Lighted,33.773114,-84.372914
10/1/13 8:42,Atlanta Police Department,Fulton,Atlanta,Andrews Dr,Andrews Dr and Peachtree Rd,(B) Suspected Minor/Visible Injury,Head On,,"[""Intersection Related"",""Pedestrian"",""Older Driver (55-64)""]",0,0,1,0,1,"[""Failure to Yield"",""No Contributing Factors""]",,Clear,Dry,Daylight,33.829262,-84.387462
4/24/13 20:30,Atlanta Police Department,Fulton,Atlanta,878 Peachtree St,7Th St and 878 Peachtree St,(B) Suspected Minor/Visible Injury,Not a Collision with Motor Vehicle,,"[""Intersection Related"",""Pedestrian""]",0,0,1,0,1,"[""Disregard Stop Sign/Signal"",""No Contributing Factors""]",,Clear,Dry,Dark-Lighted,33.778528,-84.384272
6/25/13 8:30,Atlanta Police Department,Fulton,Atlanta,Peachtree St,Andrew Int and Peachtree St,(B) Suspected Minor/Visible Injury,Angle (Other),,"[""Intersection Related"",""Pedestrian"",""Young Adult Driver (Age 20-24)""]",0,0,1,0,1,"[""No Contributing Factors"",""Other""]",,Clear,Dry,Daylight,33.759684,-84.387584
1/10/13 20:49,Atlanta Police Department,Fulton,Atlanta,Ponce De Leon Ave,Glen Iris Dr and Ponce De Leon Ave,(B) Suspected Minor/Visible Injury,Head On,,"[""Intersection Related"",""Pedestrian"",""Distracted Driver (Suspected)""]",0,0,1,0,1,"[""No Contributing Factors"",""Other""]",,Cloudy,Wet,Dark-Lighted,33.773494,-84.367574
3/30/13 20:24,Atlanta Police Department,Fulton,Atlanta,Northside Dr,Northside Dr and Ivan Allen Jr Blvd,(B) Suspected Minor/Visible Injury,Not a Collision with Motor Vehicle,,"[""Intersection Related"",""Hit & Run"",""Pedestrian"",""Distracted Driver (Suspected)""]",0,0,1,0,1,Other,,Rain,Wet,Dark-Lighted,33.76344,-84.402927
3/15/13 7:00,Atlanta Police Department,Fulton,Atlanta,Martin Luther King Jr Dr,Brown Lee Rd and Martin Luther King Jr Dr,(C) Possible Injury / Complaint,Head On,,"[""Intersection Related"",""Distracted Driver (Confirmed)"",""Pedestrian""]",0,0,0,1,1,"[""Disregard Stop Sign/Signal"",""No Contributing Factors""]",,Clear,Dry,Dawn,33.755743,-84.500205
3/14/13 0:30,Atlanta Police Department,Fulton,Atlanta,Peachtree St,Peachtree St and Andrew Young Interna Blvd,(C) Possible Injury / Complaint,Not a Collision with Motor Vehicle,,"[""Intersection Related"",""Pedestrian""]",0,0,0,1,1,"[""Failure to Yield"",""No Contributing Factors""]",,Clear,Dry,Dark-Lighted,33.75969,-84.387584
9/26/13 16:20,Atlanta Police Department,Fulton,Atlanta,Courtland St,Gilmer St and Courtland St,(B) Suspected Minor/Visible Injury,Angle (Other),,"[""Intersection Related"",""Pedestrian""]",0,0,1,0,1,"[""Disregard Stop Sign/Signal"",""No Contributing Factors""]",,Clear,Dry,Daylight,33.753468,-84.385294
12/3/13 22:50,Atlanta Police Department,Fulton,Atlanta,135 Richmond St,,(O) No Injury,Rear End,,"[""Hit & Run"",""Pedestrian"",""Distracted Driver (Suspected)""]",0,0,0,0,1,"[""Improper Backing"",""No Contributing Factors""]",,Rain,Wet,Dark-Lighted,33.739946,-84.383497
1/6/19 1:30,Atlanta Police Department,DeKalb,Atlanta,2735 Tupelo St,,(O) No Injury,Sideswipe-Same Direction,,"[""Hit & Run"",""Pedestrian""]",0,0,0,0,1,"[""Misjudged Clearance"",""No Contributing Factors""]",,Clear,Dry,Dark-Lighted,33.748902,-84.297388
4/13/15 5:47,Atlanta Police Department,Fulton,Atlanta,I 7585,I 7585 and Williams St On Rp,(K) Fatal Injury,Not a Collision with Motor Vehicle,,"[""Pedestrian"",""Distracted Driver (Suspected)"",""Older Driver (55-64)""]",1,0,0,0,1,"[""No Contributing Factors"",""Other""]",,Rain,Wet,Dark-Lighted,33.773992,-84.390024
6/18/15 13:51,Atlanta Police Department,Fulton,Atlanta,1830 Piedmont Ave,Rock Springs Rd and 1830 Piedmont Ave,(A) Suspected Serious Injury,Not a Collision with Motor Vehicle,,"[""Intersection Related"",""Pedestrian"",""Older Driver (55-64)""]",0,1,0,0,1,"[""Failure to Yield"",""No Contributing Factors""]",,Clear,Dry,Daylight,33.80544,-84.367333
9/29/15 9:25,Atlanta Police Department,Fulton,Atlanta,Peachtree Center Ave Ne   Baker St Ne St,Baker St and Peachtree Center Ave Ne   Baker St Ne St,(B) Suspected Minor/Visible Injury,Sideswipe-Opposite Direction,,"[""Intersection Related"",""Bicycle"",""Improper Occupant Protection""]",0,0,1,0,2,"[""Failure to Yield"",""No Contributing Factors""]",,Rain,Wet,Daylight,33.762213,-84.386017
9/7/15 3:27,Atlanta Police Department,Fulton,Atlanta,Peachtree St,5Th St and Peachtree St,(A) Suspected Serious Injury,Rear End,,"[""Intersection Related"",""Hit & Run"",""Pedestrian"",""Distracted Driver (Suspected)""]",0,1,0,0,1,"[""Following Too Close"",""No Contributing Factors""]",,Clear,Dry,Dark-Lighted,33.7761,-84.384536
10/3/15 6:53,Atlanta Police Department,Fulton,Atlanta,Deckner Ave Ave,Desoto Ave and Deckner Ave Ave,(C) Possible Injury / Complaint,Not a Collision with Motor Vehicle,,"[""Intersection Related"",""Aggressive Driving"",""Pedestrian"",""Speed Related""]",0,0,0,1,1,"[""No Contributing Factors"",""Too Fast for Conditions""]",,Rain,Wet,Dark-Lighted,33.714352,-84.411908
8/28/15 20:53,Atlanta Police Department,Fulton,Atlanta,Parkway Dr,N Ave and Parkway Dr,(C) Possible Injury / Complaint,Not a Collision with Motor Vehicle,,"[""Intersection Related"",""Hit & Run"",""Pedestrian"",""Older Driver (55-64)""]",0,0,0,12,2,"[""Improper Turn"",""No Contributing Factors"",""No Contributing Factors"",""No Contributing Factors"",""No Contributing Factors"",""No Contributing Factors"",""No Contributing Factors"",""No Contributing Factors"",""No Contributing Factors"",""No Contributing Factors"",""No Contributing Factors""]",,Clear,Dry,Dark-Lighted,33.77118,-84.372777
11/4/15 17:17,Atlanta Police Department,Fulton,Atlanta,270 270 17Th St Nw St,State St and 270 270 17Th St Nw St,(B) Suspected Minor/Visible Injury,Angle (Other),,"[""Intersection Related"",""Older Driver (65+)"",""Bicycle"",""Improper Occupant Protection""]",0,0,1,0,2,"[""Improper Turn"",""No Contributing Factors""]",,Clear,Dry,Daylight,33.791132,-84.395409
10/21/15 16:20,Atlanta Police Department,Fulton,Atlanta,Dekalb Ave Ne Ave,Moreland Ave and Dekalb Ave Ne Ave,(C) Possible Injury / Complaint,Angle (Other),,"[""Hit & Run"",""Bicycle""]",0,0,0,1,2,"[""Failure to Yield"",""No Contributing Factors""]",,Clear,Dry,Daylight,33.760014,-84.349423
5/16/15 2:30,Atlanta Police Department,Fulton,Atlanta,250 Piedmont Ave,,(C) Possible Injury / Complaint,Not a Collision with Motor Vehicle,,"[""Intersection Related"",""Hit & Run"",""Pedestrian"",""Impaired (Suspected)"",""Distracted Driver (Suspected)""]",0,0,0,1,1,Other,,Clear,Dry,Dark-Lighted,33.762225,-84.382545
10/3/15 23:50,Atlanta Police Department,Fulton,Atlanta,805 805 Donald Lee Hollowell Pkwy Nw Pkwy,,(B) Suspected Minor/Visible Injury,Not a Collision with Motor Vehicle,,"[""Intersection Related"",""Hit & Run"",""Pedestrian"",""Distracted Driver (Suspected)""]",0,0,1,0,1,"[""Other"",""Other""]",,Rain,Wet,Dark-Lighted,33.773057,-84.41341
3/17/15 17:23,Atlanta Police Department,Fulton,Atlanta,183 Mount Zion Rd,Macon Dr and 183 Mount Zion Rd,(C) Possible Injury / Complaint,Not a Collision with Motor Vehicle,,"[""Pedestrian"",""Distracted Driver (Suspected)""]",0,0,0,1,1,"[""No Contributing Factors"",""No Contributing Factors""]",,Clear,Dry,Daylight,33.672757,-84.387658
4/1/15 14:30,Atlanta Police Department,Fulton,Atlanta,Peachtree St,Ellis St and Peachtree St,(O) No Injury,Not a Collision with Motor Vehicle,,"[""Pedestrian"",""Distracted Driver (Suspected)"",""Improper Occupant Protection""]",0,0,0,0,1,"[""No Contributing Factors"",""No Contributing Factors""]",,Clear,Dry,Daylight,33.758427,-84.387094
7/23/15 17:02,Atlanta Police Department,Fulton,Atlanta,Peachtree St Ne  Williams St,Williams St and Peachtree St Ne  Williams St,(B) Suspected Minor/Visible Injury,Angle (Other),,Pedestrian,0,0,1,0,1,"[""No Contributing Factors"",""Other""]",,(None),Dry,Daylight,33.775122,-84.389541
8/29/15 18:50,Atlanta Police Department,Fulton,Atlanta,4494 Stella Dr,,(O) No Injury,Not a Collision with Motor Vehicle,,"[""Intersection Related"",""Pedestrian"",""Distracted Driver (Suspected)""]",0,0,0,0,1,"[""Disregard Police - Traffic Control"",""No Contributing Factors""]",,Clear,Dry,Daylight,33.877506,-84.396782
9/26/15 21:15,Atlanta Police Department,Fulton,Atlanta,2920 2920 Martin L King Jr Dr Sw Dr,,(O) No Injury,Not a Collision with Motor Vehicle,,"[""Intersection Related"",""Pedestrian"",""Distracted Driver (Suspected)"",""Improper Occupant Protection""]",0,0,0,0,1,"[""No Contributing Factors"",""Other""]",,Rain,Wet,Dark-Lighted,33.754209,-84.483717
12/4/15 14:36,Atlanta Police Department,Fulton,Atlanta,Ralph D Abernathy Blvd,Peeples St and Ralph D Abernathy Blvd,(C) Possible Injury / Complaint,Angle (Other),,"[""Intersection Related"",""Hit & Run"",""Pedestrian"",""Young Adult Driver (Age 20-24)"",""Improper Occupant Protection""]",0,0,0,4,3,"[""Disregard Stop Sign/Signal"",""Failure to Yield"",""No Contributing Factors""]",,Clear,Dry,Daylight,33.738,-84.420509
1/29/15 14:03,Atlanta Police Department,Fulton,Atlanta,12Th St,12Th St and Peachtree St,(O) No Injury,Not a Collision with Motor Vehicle,,"[""Intersection Related"",""Pedestrian"",""Older Driver (55-64)""]",0,0,0,0,1,Failure to Yield,,Clear,Dry,Daylight,33.784302,-84.38302
11/6/15 14:05,Georgia Tech Police Department,Fulton,Atlanta,State St,Ferst Dr and State St,(C) Possible Injury / Complaint,Rear End,,"[""Intersection Related"",""Distracted Driver (Confirmed)"",""Bicycle"",""Improper Occupant Protection""]",0,0,0,1,2,"[""Inattentive or Other Distraction (Distracted)"",""No Contributing Factors""]",,Cloudy,Wet,Daylight,33.778338,-84.399121
7/20/15 13:35,Atlanta Police Department,Fulton,Atlanta,Peachtree St,10Th St and Peachtree St,(C) Possible Injury / Complaint,Not a Collision with Motor Vehicle,,"[""Intersection Related"",""Bicycle"",""Secondary Crash"",""Distracted Driver (Suspected)""]",0,0,0,1,2,"[""Following Too Close"",""No Contributing Factors""]",,Clear,Dry,Daylight,33.781553,-84.38402
10/28/15 7:30,Atlanta Police Department,Fulton,Atlanta,1230 1230 Peachtree St Ne St,W Peachtree St and 1230 1230 Peachtree St Ne St,(C) Possible Injury / Complaint,Not a Collision with Motor Vehicle,,"[""Pedestrian"",""Distracted Driver (Suspected)""]",0,0,0,1,1,"[""No Contributing Factors"",""Other""]",,Rain,Wet,Dawn,33.788389,-84.385718
6/4/15 14:07,Atlanta Police Department,Fulton,Atlanta,3384 Peachtree Rd,,(C) Possible Injury / Complaint,Not a Collision with Motor Vehicle,,"[""Intersection Related"",""Pedestrian""]",0,0,0,1,1,"[""Disregard Stop Sign/Signal"",""No Contributing Factors""]",,Cloudy,Dry,Daylight,33.848961,-84.36545
9/8/15 17:55,Atlanta Police Department,Fulton,Atlanta,Howell Mill Rd,17Th St and Howell Mill Rd,(O) No Injury,Not a Collision with Motor Vehicle,,"[""Intersection Related"",""Pedestrian"",""Young Adult Driver (Age 20-24)""]",0,0,0,0,1,"[""Failure to Yield"",""No Contributing Factors""]",,Clear,Dry,Daylight,33.790352,-84.412036
10/5/15 16:15,Dekalb Co Police Department,DeKalb,Atlanta,Houston Mill Rd,Clifton Rd and Houston Mill Rd,(C) Possible Injury / Complaint,Not a Collision with Motor Vehicle,,"[""Intersection Related"",""Pedestrian"",""Young Adult Driver (Age 20-24)""]",0,0,0,1,1,"[""Failure to Yield"",""No Contributing Factors""]",,Rain,Wet,Daylight,33.798542,-84.32382
4/27/15 16:12,Atlanta Police Department,Fulton,Atlanta,2001 Sylvan Rd,Astor Ave and 2001 Sylvan Rd,(C) Possible Injury / Complaint,Not a Collision with Motor Vehicle,,"[""Pedestrian"",""Distracted Driver (Suspected)""]",0,0,0,1,1,No Contributing Factors,,Clear,Dry,Daylight,33.699658,-84.418306
6/4/15 10:18,Atlanta Police Department,Fulton,Atlanta,Hilliard St,Decatur St and Hilliard St,(C) Possible Injury / Complaint,Head On,,"[""Intersection Related"",""Pedestrian"",""Older Driver (55-64)""]",0,0,0,1,1,"[""Disregard Stop Sign/Signal"",""No Contributing Factors""]",,Cloudy,Dry,Daylight,33.750176,-84.376667
4/7/15 18:40,Atlanta Police Department,Fulton,Atlanta,700 Lake Ave,Krog St and 700 Lake Ave,(C) Possible Injury / Complaint,Rear End,,"[""Bicycle"",""Distracted Driver (Suspected)"",""Older Driver (55-64)"",""Improper Occupant Protection""]",0,0,0,1,2,"[""Following Too Close"",""No Contributing Factors""]",,Cloudy,Dry,Daylight,33.757714,-84.364556
12/28/15 21:59,Atlanta Police Department,Fulton,Atlanta,225 Hamilton E Holmes Dr Nw Aps Douglass Hs,,(B) Suspected Minor/Visible Injury,Not a Collision with Motor Vehicle,,"[""Pedestrian"",""Impaired (Suspected)"",""Distracted Driver (Suspected)""]",0,0,1,0,1,"[""No Contributing Factors"",""Other""]",,Rain,Wet,Dark-Lighted,33.760683,-84.469595