Date and Time,Agency Name (Crash Level) ,Area: County,Area: City,Roadway (From Crash Report),Intersection Name (from Crash Report),KABCO Severity,Manner of Collision (Crash Level) ,First Harmful Event (Crash Level) ,SHSP Emphasis Areas,# of Fatalities (Person Table),# Serious Injuries,# Visible Injuries,# Complaint Injuries,# of Vehicles,Operator / Driver Contributing Factor -old,Roadway Contributing Factors (Crash Level) ,Weather Conditions (Crash Level),Surface Condition (Crash Level) ,Light Conditions (Crash Level),Latitude ,Longitude
3/24/15 11:28,Atlanta Police Department,Fulton,Atlanta,2525 Piedmont Rd,Morosgo Dr and 2525 Piedmont Rd,(O) No Injury,Not a Collision with Motor Vehicle,,"[""Intersection Related"",""Hit & Run"",""Bicycle"",""Impaired (Suspected)"",""Distracted Driver (Suspected)"",""Improper Occupant Protection""]",0,0,0,0,2,"[""No Contributing Factors"",""Other""]",,Clear,Dry,Daylight,33.823575,-84.367271
12/16/15 7:32,Atlanta Police Department,Fulton,Atlanta,Peachtree Rd,Peachtree Rd and Peachtree Hills Ave,(C) Possible Injury / Complaint,Not a Collision with Motor Vehicle,,"[""Intersection Related"",""Pedestrian"",""Young Adult Driver (Age 20-24)"",""Distracted Driver (Suspected)""]",0,0,0,1,1,"[""Other"",""Other""]",,Clear,Dry,Daylight,33.81799,-84.388981
12/23/15 20:10,Atlanta Police Department,Fulton,Atlanta,Andrew Young International Blvd,Courtland St and Andrew Young International Blvd,(C) Possible Injury / Complaint,Not a Collision with Motor Vehicle,,"[""Intersection Related"",""Pedestrian""]",0,0,0,1,1,"[""Failure to Yield"",""No Contributing Factors""]",,Rain,Wet,Dark-Lighted,33.759603,-84.3842
5/16/15 23:23,Atlanta Police Department,Fulton,Atlanta,2191 Campbellton Rd,,(B) Suspected Minor/Visible Injury,Not a Collision with Motor Vehicle,,"[""Older Driver (65+)"",""Pedestrian"",""Distracted Driver (Suspected)""]",0,0,1,0,1,"[""No Contributing Factors"",""Other""]",,Clear,Dry,Dark-Lighted,33.705538,-84.460076
8/15/15 16:36,Atlanta Police Department,Fulton,Atlanta,Peachtree Battle Ave,Peachtree Rd and Peachtree Battle Ave,(B) Suspected Minor/Visible Injury,Angle (Other),,"[""Intersection Related"",""Pedestrian"",""Young Driver (Age 15-19)""]",0,0,1,0,1,No Contributing Factors,,Clear,Dry,Daylight,33.819746,-84.388472
7/26/15 17:48,Atlanta Police Department,Fulton,Atlanta,Cleveland,,(B) Suspected Minor/Visible Injury,Angle (Other),,"[""Distracted Driver (Confirmed)"",""Pedestrian"",""Older Driver (55-64)""]",0,0,1,0,1,"[""Inattentive or Other Distraction (Distracted)"",""No Contributing Factors""]",,Clear,Dry,Daylight,33.68131,-84.397662
7/8/15 6:59,Atlanta Police Department,Fulton,Atlanta,Hill St,Hill St and Woodward Ave,(C) Possible Injury / Complaint,Angle (Other),,"[""Intersection Related"",""Bicycle""]",0,0,0,1,2,"[""Disregard Stop Sign/Signal"",""Wrong Side of Road""]",,Clear,Dry,Daylight,33.745601,-84.379302
5/27/15 7:10,Atlanta Police Department,Fulton,Atlanta,Courtland St,Courtland St and John Wesley Dobbs Ave,(B) Suspected Minor/Visible Injury,Not a Collision with Motor Vehicle,,"[""Intersection Related"",""Pedestrian"",""Young Adult Driver (Age 20-24)""]",0,0,1,0,1,"[""Failure to Yield"",""No Contributing Factors""]",,Clear,Dry,Daylight,33.757111,-84.384242
5/16/15 21:11,Atlanta Police Department,Fulton,Atlanta,575 Church St,575 Church St and Donald Lee Hollowell Pkwy,(B) Suspected Minor/Visible Injury,Angle (Other),,"[""Pedestrian"",""Older Driver (55-64)""]",0,0,1,0,1,No Contributing Factors,,Clear,Dry,Dark-Lighted,33.770769,-84.466889
10/6/17 20:18,Atlanta Police Department,Fulton,Atlanta,Metropolitan Pkwy,Lillian Ave and Metropolitan Pkwy,(C) Possible Injury / Complaint,Not a Collision with Motor Vehicle,,"[""Intersection Related"",""Hit & Run"",""Pedestrian"",""Distracted Driver (Suspected)""]",0,0,0,1,1,No Contributing Factors,,Clear,Dry,Dark-Lighted,33.731158,-84.408078
8/22/17 8:38,Atlanta Police Department,Fulton,Atlanta,Pearl St,Pearl St and Memorial Dr,(C) Possible Injury / Complaint,Not a Collision with Motor Vehicle,,"[""Intersection Related"",""Pedestrian""]",0,0,0,1,1,"[""Failure to Yield"",""No Contributing Factors""]",,Clear,Dry,Daylight,33.74663,-84.362298
2/7/17 15:13,Atlanta Police Department,Fulton,Atlanta,1080 Ralph D Abernathy Blvd,,(B) Suspected Minor/Visible Injury,Angle (Other),,"[""Intersection Related"",""Hit & Run"",""Pedestrian""]",0,0,1,0,1,Other,,Rain,Wet,Daylight,33.738381,-84.423346
11/28/17 17:59,Atlanta Police Department,Fulton,Atlanta,1112 Northside Dr,Ethel St and 1112 Northside Dr,(C) Possible Injury / Complaint,Not a Collision with Motor Vehicle,,"[""Intersection Related"",""Pedestrian"",""Young Adult Driver (Age 20-24)"",""Distracted Driver (Suspected)""]",0,0,0,1,1,"[""No Contributing Factors"",""No Contributing Factors""]",,Clear,Dry,Dark-Lighted,33.784552,-84.407509
2/16/17 21:51,Atlanta Police Department,Fulton,Atlanta,Westview Dr,Westview Dr and Ralph D Abernathy Blvd,(B) Suspected Minor/Visible Injury,Sideswipe-Same Direction,,"[""Aggressive Driving"",""Hit & Run"",""Bicycle""]",0,0,1,0,2,,,Clear,Dry,Dark-Lighted,33.747561,-84.441051
7/4/17 11:50,Atlanta Police Department,Fulton,Atlanta,Freedom Pkwy Ne Blvd,Blvd and Freedom Pkwy Ne Blvd,(C) Possible Injury / Complaint,Not a Collision with Motor Vehicle,,"[""Pedestrian"",""Distracted Driver (Suspected)""]",0,0,0,1,1,"[""No Contributing Factors"",""Other""]",,Clear,Dry,Daylight,33.760228,-84.372065
3/20/17 14:45,Atlanta Police Department,Fulton,Atlanta,Peachtree St,Pine St and Peachtree St,(O) No Injury,Angle (Other),,"[""Intersection Related"",""Older Driver (65+)"",""Pedestrian""]",0,0,0,0,1,"[""No Contributing Factors"",""No Contributing Factors""]",,Clear,Dry,Daylight,33.767472,-84.385375
7/18/17 17:36,Atlanta Police Department,Fulton,Atlanta,Lee St,Lee St and York Ave,(C) Possible Injury / Complaint,Angle (Other),,"[""Intersection Related"",""Bicycle"",""Improper Occupant Protection""]",0,0,0,1,2,"[""No Contributing Factors"",""No Contributing Factors""]",,Clear,Dry,Daylight,33.737054,-84.414093
12/14/17 18:11,Atlanta Police Department,Fulton,Atlanta,Randolph St,Irwin St and Randolph St,(C) Possible Injury / Complaint,Head On,,"[""Intersection Related"",""Hit & Run"",""Pedestrian""]",0,0,0,1,1,"[""Failure to Yield"",""No Contributing Factors""]",,Clear,Dry,Dark-Lighted,33.757597,-84.367926
9/29/17 9:10,Atlanta Police Department,Fulton,Atlanta,Joseph E Lowery Blvd Nw   Joseph E Boone Blvd,Joseph E Boone Blvd and Joseph E Lowery Blvd Nw   Joseph E Boone Blvd,(B) Suspected Minor/Visible Injury,Head On,,"[""Distracted Driver (Confirmed)"",""Pedestrian""]",0,0,1,0,1,"[""Inattentive or Other Distraction (Distracted)"",""No Contributing Factors""]",,Clear,Dry,Dark-Lighted,33.76348,-84.417036
7/30/17 15:58,Atlanta Police Department,Fulton,Atlanta,Martin L King Jr Dr Sw   Forsyth St,Forsyth St and Martin L King Jr Dr Sw   Forsyth St,(C) Possible Injury / Complaint,Not a Collision with Motor Vehicle,,"[""Intersection Related"",""Pedestrian""]",0,0,0,1,1,"[""Disregard Stop Sign/Signal"",""No Contributing Factors""]",,Clear,Dry,Daylight,33.752768,-84.393439
2/21/17 19:05,Atlanta Police Department,Fulton,Atlanta,Defoor Ave,Defoor Ave and Howell Mill Rd,(C) Possible Injury / Complaint,Not a Collision with Motor Vehicle,,"[""Intersection Related"",""Pedestrian""]",0,0,0,1,1,"[""Failure to Yield"",""No Contributing Factors""]",,Rain,Wet,Dark-Lighted,33.80047,-84.415958
4/25/17 10:17,Atlanta Police Department,Fulton,Atlanta,Central Ave,Trinity Ave and Central Ave,(C) Possible Injury / Complaint,Not a Collision with Motor Vehicle,,"[""Intersection Related"",""Pedestrian""]",0,0,0,1,1,"[""Failure to Yield"",""No Contributing Factors""]",,Clear,Dry,Daylight,33.748545,-84.391533
8/11/17 21:22,Atlanta Police Department,DeKalb,Atlanta,Glenwood Ave,Haas Ave and Glenwood Ave,(B) Suspected Minor/Visible Injury,Head On,,"[""Intersection Related"",""Pedestrian"",""Distracted Driver (Suspected)""]",0,0,1,0,1,"[""Other"",""Other""]",,Rain,Wet,Dark-Lighted,33.740154,-84.344374
3/3/17 18:06,Atlanta Police Department,Fulton,Atlanta,Greensferry Ave,Northside Dr and Greensferry Ave,(O) No Injury,Head On,,"[""Intersection Related"",""Pedestrian"",""Distracted Driver (Suspected)""]",0,0,0,0,1,"[""No Contributing Factors"",""Other""]",,Clear,Dry,Daylight,33.746254,-84.406599
7/10/17 16:15,Atlanta Police Department,Fulton,Atlanta,10Th St,10Th St and Charles Allen Dr,(C) Possible Injury / Complaint,Not a Collision with Motor Vehicle,,"[""Intersection Related"",""Hit & Run"",""Pedestrian""]",0,0,0,1,1,"[""Failure to Yield"",""No Contributing Factors""]",,Clear,Dry,Daylight,33.781774,-84.372796
1/27/17 11:49,Georgia Tech Police Department,Fulton,Atlanta,Ferst Dr,Ferst Dr and Fowler St,(C) Possible Injury / Complaint,Angle (Other),,"[""Intersection Related"",""Bicycle"",""Older Driver (55-64)""]",0,0,0,1,2,"[""Failure to Yield"",""No Contributing Factors""]",,Clear,Dry,Daylight,33.776904,-84.393635
3/7/17 22:13,Atlanta Police Department,Fulton,Atlanta,2091 Metropolitan Pkwy,,(B) Suspected Minor/Visible Injury,Not a Collision with Motor Vehicle,,"[""Intersection Related"",""Pedestrian"",""Young Adult Driver (Age 20-24)"",""Distracted Driver (Suspected)""]",0,0,1,0,1,"[""No Contributing Factors"",""Other""]",,Rain,Wet,Dark-Lighted,33.697342,-84.408114
7/18/17 15:45,Atlanta Police Department,Fulton,Atlanta,Fairfield Pl,Fairfield Pl and Martin L King Jr Dr,(O) No Injury,Not a Collision with Motor Vehicle,,"[""Intersection Related"",""Distracted Driver (Confirmed)"",""Hit & Run"",""Pedestrian""]",0,0,0,0,1,"[""Failure to Yield"",""Inattentive or Other Distraction (Distracted)""]",,Clear,Dry,Daylight,33.752404,-84.463135
7/11/17 17:09,Georgia Tech Police Department,Fulton,Atlanta,Fifth St,Fifth St and Spring St,(O) No Injury,Not a Collision with Motor Vehicle,,"[""Intersection Related"",""Bicycle""]",0,0,0,0,2,"[""Misjudged Clearance"",""No Contributing Factors""]",,Cloudy,Dry,Daylight,33.776843,-84.388994
10/19/17 10:59,Atlanta Police Department,Fulton,Atlanta,W Peachtree St,N Ave and W Peachtree St,(C) Possible Injury / Complaint,Not a Collision with Motor Vehicle,,"[""Intersection Related"",""Hit & Run"",""Pedestrian""]",0,0,0,1,1,"[""Failure to Yield"",""No Contributing Factors""]",,Clear,Dry,Daylight,33.771271,-84.387418
10/11/17 9:14,Atlanta Police Department,Fulton,Atlanta,Pryor St Sw   Trinity Ave,Trinity Ave and Pryor St Sw   Trinity Ave,(C) Possible Injury / Complaint,Not a Collision with Motor Vehicle,,"[""Intersection Related"",""Pedestrian"",""Distracted Driver (Suspected)""]",0,0,0,1,1,"[""No Contributing Factors"",""Other""]",,Clear,Dry,Daylight,33.749187,-84.392714
12/9/17 16:30,Atlanta Police Department,Fulton,Atlanta,Joseph E Lowery Blvd,Martin L King Jr Dr and Joseph E Lowery Blvd,(B) Suspected Minor/Visible Injury,Not a Collision with Motor Vehicle,,"[""Intersection Related"",""Bicycle"",""Distracted Driver (Suspected)"",""Improper Occupant Protection""]",0,0,1,0,2,"[""No Contributing Factors"",""Other""]",,Clear,Dry,Daylight,33.754729,-84.417543
3/26/17 19:20,Atlanta Police Department,Fulton,Atlanta,Joseph E Lowery Blvd,Harwell St and Joseph E Lowery Blvd,(C) Possible Injury / Complaint,Angle (Other),,"[""Intersection Related"",""Distracted Driver (Confirmed)"",""Hit & Run"",""Pedestrian""]",0,0,0,2,3,"[""Inattentive or Other Distraction (Distracted)"",""No Contributing Factors"",""No Contributing Factors""]",,Clear,Dry,Dusk,33.755567,-84.417551
9/3/17 3:52,Atlanta Police Department,Fulton,Atlanta,Sr 400,Sr 400 and Lenox Road Entrance Rp,(A) Suspected Serious Injury,Not a Collision with Motor Vehicle,,"[""Pedestrian"",""Distracted Driver (Suspected)""]",0,1,0,0,1,"[""No Contributing Factors"",""Other""]",,Clear,Dry,Dark-Not Lighted,33.851394,-84.369401
10/17/17 7:30,Atlanta Police Department,Fulton,Atlanta,29 Moreland Ave,Wylie St and 29 Moreland Ave,(A) Suspected Serious Injury,Angle (Other),,"[""Intersection Related"",""Pedestrian""]",0,1,0,0,1,,,Clear,Dry,Daylight,33.752671,-84.34922
5/26/17 12:01,Atlanta Police Department,Fulton,Atlanta,3050 Martin L King Jr Dr,,(B) Suspected Minor/Visible Injury,Not a Collision with Motor Vehicle,,"[""Older Driver (65+)"",""Pedestrian"",""Distracted Driver (Suspected)""]",0,0,1,0,1,"[""No Contributing Factors"",""No Contributing Factors""]",,Clear,Dry,Daylight,33.752429,-84.486654
4/23/17 17:03,Atlanta Police Department,Fulton,Atlanta,964 Ralph D Abernathy Blvd,,(B) Suspected Minor/Visible Injury,Angle (Other),,"[""Hit & Run"",""Bicycle"",""Improper Occupant Protection""]",0,0,1,0,2,"[""Misjudged Clearance"",""No Contributing Factors""]",,Clear,Dry,Daylight,33.737971,-84.418893
4/15/17 12:35,Atlanta Police Department,Fulton,Atlanta,Crescent Ave,Peachtree Pl and Crescent Ave,(O) No Injury,Head On,,"[""Intersection Related"",""Distracted Driver (Confirmed)"",""Pedestrian""]",0,0,0,0,1,"[""Inattentive or Other Distraction (Distracted)"",""No Contributing Factors""]",,Clear,Dry,Daylight,33.78078,-84.38477
2/24/17 10:45,Atlanta Police Department,Fulton,Atlanta,Ponce De Leon Ave,Argonne Ave and Ponce De Leon Ave,(O) No Injury,Rear End,,"[""Intersection Related"",""Hit & Run"",""Bicycle"",""Secondary Crash"",""Distracted Driver (Suspected)""]",0,0,0,0,2,"[""Following Too Close"",""No Contributing Factors""]",,Clear,Dry,Dark-Lighted,33.772552,-84.377596
3/24/17 18:40,Atlanta Police Department,Fulton,Atlanta,769 Antone St,Tallulah St and 769 Antone St,(O) No Injury,Sideswipe-Same Direction,,"[""Intersection Related"",""Aggressive Driving"",""Hit & Run"",""Bicycle""]",0,0,0,0,2,"[""Improper Passing"",""No Contributing Factors""]",,Clear,Dry,Daylight,33.797824,-84.411332
9/27/17 12:30,Gsp Post 00,Fulton,Atlanta,I 85,,(B) Suspected Minor/Visible Injury,Rear End,,"[""Roadway Departure"",""Pedestrian"",""Distracted Driver (Suspected)"",""Improper Occupant Protection""]",0,0,1,3,3,"[""Changed Lanes Improperly"",""No Contributing Factors"",""No Contributing Factors""]",,Clear,Dry,Daylight,33.722594,-84.394313
6/6/17 16:02,Atlanta Police Department,Fulton,Atlanta,3530 Piedmont Rd,Lenox Rd and 3530 Piedmont Rd,(O) No Injury,Angle (Other),,"[""Hit & Run"",""Pedestrian"",""Older Driver (55-64)""]",0,0,0,0,3,"[""Failure to Yield"",""No Contributing Factors"",""No Contributing Factors""]",,Rain,Wet,Daylight,33.850399,-84.378387
2/16/17 9:47,Atlanta Police Department,Fulton,Atlanta,Phipps Blvd,Phipps Blvd and Alexander Rd,(B) Suspected Minor/Visible Injury,Not a Collision with Motor Vehicle,,"[""Intersection Related"",""Pedestrian""]",0,0,1,0,1,"[""Failure to Yield"",""No Contributing Factors""]",,Clear,Dry,Daylight,33.854164,-84.364375
5/22/17 15:53,Atlanta Police Department,Fulton,Atlanta,W Peachtree St Ne   N Ave,N Ave and W Peachtree St Ne   N Ave,(O) No Injury,Not a Collision with Motor Vehicle,,"[""Intersection Related"",""Pedestrian"",""Young Adult Driver (Age 20-24)""]",0,0,0,0,1,"[""Failure to Yield"",""No Contributing Factors""]",,Rain,Wet,Daylight,33.771287,-84.384993
11/3/17 9:51,Atlanta Police Department,Fulton,Atlanta,I 20,I 20 and Moreland Ave,(C) Possible Injury / Complaint,Head On,,"[""Distracted Driver (Confirmed)"",""Older Driver (65+)"",""Pedestrian""]",0,0,0,1,1,"[""Inattentive or Other Distraction (Distracted)"",""No Contributing Factors""]",,Clear,Dry,Daylight,33.746899,-84.349216
6/13/17 13:15,Atlanta Police Department,Fulton,Atlanta,2614 Barge Rd,,(A) Suspected Serious Injury,Not a Collision with Motor Vehicle,,"[""Intersection Related"",""Pedestrian"",""Distracted Driver (Suspected)""]",0,1,0,0,1,"[""Changed Lanes Improperly"",""Other""]",,Clear,Dry,Daylight,33.684568,-84.506309
9/17/17 14:15,Atlanta Police Department,Fulton,Atlanta,3208 Martin L King Jr Dr,Middleton Rd and 3208 Martin L King Jr Dr,(B) Suspected Minor/Visible Injury,Angle (Other),,"[""Hit & Run"",""Pedestrian"",""Impaired (Suspected)""]",0,0,1,0,1,"[""Misjudged Clearance"",""No Contributing Factors""]",,Clear,Dry,Daylight,33.752171,-84.492147
2/17/17 10:32,Atlanta Police Department,Fulton,Atlanta,438 Ponce De Leon Ave,,(C) Possible Injury / Complaint,Head On,,"[""Intersection Related"",""Pedestrian"",""Distracted Driver (Suspected)"",""Older Driver (55-64)""]",0,0,0,1,1,"[""No Contributing Factors"",""Other""]",,Clear,Dry,Daylight,33.773148,-84.372791
5/10/17 18:27,Atlanta Police Department,Fulton,Atlanta,267 Andrew J Hairston Pl,,(B) Suspected Minor/Visible Injury,Head On,,"[""Intersection Related"",""Roadway Departure"",""Hit & Run"",""Pedestrian"",""Distracted Driver (Suspected)""]",0,0,1,0,1,"[""Changed Lanes Improperly"",""Changed Lanes Improperly""]",,(None),Dry,Daylight,33.761942,-84.413886
2/18/17 3:34,Atlanta Police Department,Fulton,Atlanta,W Paces Ferry Rd,Paces Ferry Pl and W Paces Ferry Rd,(C) Possible Injury / Complaint,Not a Collision with Motor Vehicle,,"[""Intersection Related"",""Hit & Run"",""Pedestrian""]",0,0,0,1,1,"[""Failure to Yield"",""No Contributing Factors""]",,Clear,Dry,Daylight,33.841676,-84.384605
3/2/17 19:22,Atlanta Police Department,Fulton,Atlanta,Peachtree Hills Ave,Lakeshore Dr and Peachtree Hills Ave,(O) No Injury,Head On,,"[""Intersection Related"",""Distracted Driver (Confirmed)"",""Hit & Run"",""Pedestrian"",""Improper Occupant Protection""]",0,0,0,0,1,"[""Inattentive or Other Distraction (Distracted)"",""No Contributing Factors""]",,(None),Dry,Daylight,33.820951,-84.373199
5/23/17 6:45,Atlanta Police Department,Fulton,Atlanta,Peachtree St Ne   14Th St,14Th St and Peachtree St Ne   14Th St,(C) Possible Injury / Complaint,Not a Collision with Motor Vehicle,,"[""Intersection Related"",""Pedestrian""]",0,0,0,1,1,Failure to Yield,,Rain,Wet,Daylight,33.786585,-84.387932
1/23/17 10:04,Atlanta Police Department,Fulton,Atlanta,10Th St,10Th St and Piedmont Ave,(B) Suspected Minor/Visible Injury,Not a Collision with Motor Vehicle,,"[""Intersection Related"",""Pedestrian"",""Distracted Driver (Suspected)""]",0,0,1,0,1,"[""No Contributing Factors"",""No Contributing Factors""]",,Rain,Wet,Daylight,33.781782,-84.380462
1/28/17 13:28,Atlanta Police Department,Fulton,Atlanta,815 Magnolia Way,,(C) Possible Injury / Complaint,Angle (Other),,"[""Distracted Driver (Confirmed)"",""Pedestrian""]",0,0,0,1,1,"[""Inattentive or Other Distraction (Distracted)"",""Other""]",,Clear,Dry,Daylight,33.758311,-84.41464
6/18/17 6:00,Atlanta Police Department,Fulton,Atlanta,Piedmont Rd,Morosgo Dr and Piedmont Rd,(C) Possible Injury / Complaint,Head On,,"[""Hit & Run"",""Pedestrian""]",0,0,0,1,1,"[""Failure to Yield"",""No Contributing Factors""]",,Clear,Dry,Dusk,33.824881,-84.367198
4/20/17 17:18,Atlanta Police Department,Fulton,Atlanta,Peachtree St,3Rd St and Peachtree St,(C) Possible Injury / Complaint,Not a Collision with Motor Vehicle,,"[""Intersection Related"",""Pedestrian""]",0,0,0,1,1,"[""Failure to Yield"",""No Contributing Factors""]",,Cloudy,Dry,Daylight,33.773673,-84.384884
10/27/17 18:01,Atlanta Police Department,Fulton,Atlanta,Metropolitan Pkwy,Saint Johns Ave and Metropolitan Pkwy,(O) No Injury,Not a Collision with Motor Vehicle,,"[""Intersection Related"",""Pedestrian"",""Older Driver (55-64)""]",0,0,0,0,1,"[""Failure to Yield"",""No Contributing Factors""]",,Clear,Dry,Daylight,33.699205,-84.408095
12/13/17 18:52,Atlanta Police Department,Fulton,Atlanta,Peachtree Rd,Peachtree Rd and E Shadowlawn Ave,(C) Possible Injury / Complaint,Angle (Other),,"[""Intersection Related"",""Bicycle"",""Improper Occupant Protection""]",0,0,0,1,2,"[""Improper Turn"",""No Contributing Factors""]",,Clear,Dry,Dark-Lighted,33.841884,-84.374188
7/30/17 15:09,Atlanta Police Department,Fulton,Atlanta,Centennial Olympic P Dr,Walton St and Centennial Olympic P Dr,(O) No Injury,Angle (Other),,"[""Intersection Related"",""Pedestrian"",""Young Driver (Age 15-19)""]",0,0,0,0,1,"[""Failure to Yield"",""No Contributing Factors""]",,Clear,Dry,Daylight,33.758422,-84.392813
1/29/17 0:12,Georgia Tech Police Department,Fulton,Atlanta,Techwood Dr,3Rd St and Techwood Dr,(C) Possible Injury / Complaint,Sideswipe-Same Direction,,"[""Intersection Related"",""Bicycle"",""Improper Occupant Protection""]",0,0,0,1,2,"[""Failure to Yield"",""No Contributing Factors""]",,Clear,Dry,Dark-Lighted,33.773858,-84.38883
3/31/17 14:41,Gsp Post 00,Fulton,Atlanta,Pryor St,Pryor St and Martin Luther King Jr Dr,(C) Possible Injury / Complaint,Not a Collision with Motor Vehicle,,"[""Intersection Related"",""Pedestrian"",""Distracted Driver (Suspected)""]",0,0,0,1,1,"[""No Contributing Factors"",""Other""]",,Clear,Dry,Daylight,33.751413,-84.390958
10/27/17 22:00,Atlanta Police Department,Fulton,Atlanta,Peachtree,Peachtree and Peachtree Pl,(O) No Injury,Rear End,,"[""Intersection Related"",""Roadway Departure"",""Hit & Run"",""Bicycle"",""Distracted Driver (Suspected)"",""Improper Occupant Protection""]",0,0,0,0,2,"[""Following Too Close"",""No Contributing Factors""]",,Clear,Dry,Dark-Lighted,33.780743,-84.384097
10/27/17 19:49,Atlanta Police Department,Fulton,Atlanta,1034 Ira St,,(B) Suspected Minor/Visible Injury,Not a Collision with Motor Vehicle,,"[""Pedestrian"",""Distracted Driver (Suspected)""]",0,0,1,0,1,"[""No Contributing Factors"",""No Contributing Factors""]",,Clear,Dry,Dusk,33.726622,-84.400024
1/23/17 19:23,Atlanta Police Department,Fulton,Atlanta,824 Ralph David Abernathy Blvd Sw W End Mall,Lee St and 824 Ralph David Abernathy Blvd Sw W End Mall,(C) Possible Injury / Complaint,Angle (Other),,Pedestrian,0,0,0,1,1,Failure to Yield,,Clear,Dry,Dark-Lighted,33.738254,-84.414882
6/20/17 13:25,Atlanta Police Department,Fulton,Atlanta,Peachtree Rd,Terminius Pl and Peachtree Rd,(B) Suspected Minor/Visible Injury,Not a Collision with Motor Vehicle,,Pedestrian,0,0,1,0,1,"[""Failure to Yield"",""No Contributing Factors""]",,Clear,Dry,Daylight,33.844329,-84.370301
3/22/17 14:32,Atlanta Police Department,Fulton,Atlanta,1320 Pryor Rd,Manford St and 1320 Pryor Rd,(C) Possible Injury / Complaint,Not a Collision with Motor Vehicle,,"[""Intersection Related"",""Pedestrian"",""Young Driver (Age 15-19)"",""Distracted Driver (Suspected)""]",0,0,0,1,1,"[""No Contributing Factors"",""Other""]",,Clear,Dry,Daylight,33.718493,-84.393418
10/6/17 11:28,Atlanta Police Department,Fulton,Atlanta,42 Blvd,,(B) Suspected Minor/Visible Injury,Not a Collision with Motor Vehicle,,"[""Intersection Related"",""Pedestrian"",""Distracted Driver (Suspected)"",""Older Driver (55-64)""]",0,0,1,0,1,"[""No Contributing Factors"",""No Contributing Factors""]",,Clear,Dry,Daylight,33.755623,-84.372134
4/24/17 16:39,Atlanta Police Department,Fulton,Atlanta,Oak Valley Rd Ne   Pritchard Way,Pritchard Way and Oak Valley Rd Ne   Pritchard Way,(O) No Injury,Head On,,"[""Intersection Related"",""Pedestrian"",""Distracted Driver (Suspected)""]",0,0,0,0,1,"[""No Contributing Factors"",""Other""]",,Clear,Dry,Daylight,33.850532,-84.360078
8/19/17 13:30,Atlanta Police Department,Fulton,Atlanta,617 Gary Rd,,(A) Suspected Serious Injury,Head On,,"[""Intersection Related"",""Bicycle"",""Distracted Driver (Suspected)""]",0,1,0,0,2,"[""Driver Lost Control"",""No Contributing Factors""]",,Clear,Dry,Daylight,33.772543,-84.461101
4/21/17 20:49,Atlanta Police Department,Fulton,Atlanta,Peachtree St Ne   7Th St,7Th St and Peachtree St Ne   7Th St,(C) Possible Injury / Complaint,Not a Collision with Motor Vehicle,,"[""Intersection Related"",""Pedestrian""]",0,0,0,1,1,"[""Disregard Stop Sign/Signal"",""Failure to Yield""]",,Clear,Dry,Dark-Lighted,33.778528,-84.384288
12/29/17 22:04,Atlanta Police Department,Fulton,Atlanta,Metropolitan Pkwy,Gillette Ave and Metropolitan Pkwy,(B) Suspected Minor/Visible Injury,Not a Collision with Motor Vehicle,,"[""Intersection Related"",""Pedestrian"",""Distracted Driver (Suspected)""]",0,0,1,0,1,"[""No Contributing Factors"",""Other""]",,Clear,Dry,Dark-Lighted,33.732841,-84.408111
6/21/17 19:50,Atlanta Police Department,Fulton,Atlanta,State St,18Th St and State St,(C) Possible Injury / Complaint,Not a Collision with Motor Vehicle,,"[""Intersection Related"",""Distracted Driver (Confirmed)"",""Pedestrian"",""Young Adult Driver (Age 20-24)""]",0,0,0,1,1,"[""Inattentive or Other Distraction (Distracted)"",""No Contributing Factors""]",,Rain,Wet,Daylight,33.79242,-84.398725
10/26/17 6:52,Atlanta Police Department,Fulton,Atlanta,Joseph E Lowery Blvd Nw   Division St,Division St and Joseph E Lowery Blvd Nw   Division St,(B) Suspected Minor/Visible Injury,Sideswipe-Opposite Direction,,"[""Aggressive Driving"",""Hit & Run"",""Pedestrian"",""Impaired (Suspected)"",""Speed Related""]",0,0,1,0,3,"[""Misjudged Clearance"",""No Contributing Factors"",""No Contributing Factors""]",,Clear,Dry,Dark-Lighted,33.764274,-84.41747
10/23/17 16:23,Atlanta Police Department,Fulton,Atlanta,Techwood Dr,14Th St and Techwood Dr,(C) Possible Injury / Complaint,Angle (Other),,Pedestrian,0,0,0,1,1,"[""Failure to Yield"",""No Contributing Factors""]",,Clear,Dry,Daylight,33.786745,-84.391937
4/7/17 12:45,Atlanta Police Department,Fulton,Atlanta,Colonial Homes Dr,Peachtree Rd and Colonial Homes Dr,(O) No Injury,Angle (Other),,"[""Intersection Related"",""Pedestrian""]",0,0,0,0,1,"[""Failure to Yield"",""No Contributing Factors""]",,Cloudy,Dry,Daylight,33.8137,-84.392297
4/21/17 5:23,Atlanta Police Department,Fulton,Atlanta,Castleberry St  Ted Turner Dr,,(B) Suspected Minor/Visible Injury,Not a Collision with Motor Vehicle,,"[""Intersection Related"",""Pedestrian"",""Distracted Driver (Suspected)"",""Older Driver (55-64)""]",0,0,1,0,1,"[""No Contributing Factors"",""No Contributing Factors""]",,Clear,Dry,Dark-Not Lighted,33.747547,-84.397812