Date and Time,Agency Name (Crash Level) ,Area: County,Area: City,Roadway (From Crash Report),Intersection Name (from Crash Report),KABCO Severity,Manner of Collision (Crash Level) ,First Harmful Event (Crash Level) ,SHSP Emphasis Areas,# of Fatalities (Person Table),# Serious Injuries,# Visible Injuries,# Complaint Injuries,# of Vehicles,Operator / Driver Contributing Factor -old,Roadway Contributing Factors (Crash Level) ,Weather Conditions (Crash Level),Surface Condition (Crash Level) ,Light Conditions (Crash Level),Latitude ,Longitude
8/9/18 17:01,Atlanta Police Department,Fulton,Atlanta,Northside Dr Nw   Carter St,Carter St and Northside Dr Nw   Carter St,Unknown,Not a Collision with Motor Vehicle,,"[""Intersection Related"",""Pedestrian""]",0,0,0,0,1,"[""Disregard Other Traffic Control"",""No Contributing Factors""]",,Rain,Wet,Daylight,33.756347,-84.402792
10/10/18 18:34,Atlanta Police Department,Fulton,Atlanta,267 Marietta St,Park Ave and 267 Marietta St,Unknown,Head On,,"[""Intersection Related"",""Pedestrian"",""Older Driver (55-64)""]",0,0,0,0,1,"[""Disregard Other Traffic Control"",""No Contributing Factors""]",,Rain,Wet,Dark-Lighted,33.760094,-84.394935
10/12/18 9:27,Atlanta Police Department,Fulton,Atlanta,3875 Bonnie Ln,,(O) No Injury,Sideswipe-Opposite Direction,,"[""Pedestrian"",""Distracted Driver (Suspected)""]",0,0,0,0,2,"[""No Contributing Factors"",""No Contributing Factors"",""No Contributing Factors""]",,Clear,Dry,Daylight,33.648714,-84.358556
2/8/18 20:56,Atlanta Police Department,Fulton,Atlanta,Howell St,Howell St and Old Wheat St,(O) No Injury,Not a Collision with Motor Vehicle,,"[""Hit & Run"",""Pedestrian""]",0,0,0,0,1,Failure to Yield,,Clear,Dry,Dark-Lighted,33.756114,-84.369706
1/23/19 16:59,Atlanta Police Department,Fulton,Atlanta,Peachtree Pl,Peachtree Pl and W Peachtree St,(C) Possible Injury / Complaint,Angle (Other),,"[""Intersection Related"",""Bicycle"",""Older Driver (55-64)"",""Improper Occupant Protection""]",0,0,0,1,2,"[""No Contributing Factors"",""Other""]",,Cloudy,Dry,Daylight,33.780723,-84.387507
11/5/19 17:52,Atlanta Police Department,Fulton,Atlanta,N Ave,N Ave and Holly St,(O) No Injury,Not a Collision with Motor Vehicle,,"[""Intersection Related"",""Hit & Run"",""Pedestrian""]",0,0,0,0,1,"[""Failure to Yield"",""No Contributing Factors""]",,Clear,Dry,Dark-Lighted,33.767787,-84.43622
9/7/19 13:01,Atlanta Police Department,Fulton,Atlanta,Peachtree St Ne   11Th St,11Th St and Peachtree St Ne   11Th St,(O) No Injury,Sideswipe-Same Direction,,"[""Intersection Related"",""Pedestrian""]",0,0,0,0,1,,,Clear,Dry,Daylight,33.78319,-84.383847
1/19/19 18:19,Atlanta Police Department,Fulton,Atlanta,Piedmont Ave Ne   Monroe Dr,Monroe Dr and Piedmont Ave Ne   Monroe Dr,(O) No Injury,Not a Collision with Motor Vehicle,,"[""Intersection Related"",""Pedestrian""]",0,0,0,0,1,,,Rain,Wet,Daylight,33.797081,-84.368977
5/11/19 0:03,Atlanta Police Department,Fulton,Atlanta,Centennial Olympic P Dr,Centennial Olympic P Dr and Andrew Young Interna Blvd,(O) No Injury,Head On,,"[""Intersection Related"",""Pedestrian"",""Distracted Driver (Suspected)"",""Older Driver (55-64)""]",0,0,0,0,1,"[""Other"",""Other""]",,Rain,Wet,Dark-Lighted,33.755491,-84.398053
9/8/19 5:07,Atlanta Police Department,Fulton,Atlanta,Joseph E Lowery  N Ave,N Ave and Joseph E Lowery  N Ave,(O) No Injury,Angle (Other),,"[""Intersection Related"",""Pedestrian""]",0,0,0,0,1,,,Clear,Dry,Dark-Not Lighted,33.768908,-84.417419
9/16/19 0:47,Atlanta Police Department,Fulton,Atlanta,Sunset Awve Nw   Martin L King Jr Dr,Martin L King Jr Dr and Sunset Awve Nw   Martin L King Jr Dr,(O) No Injury,Sideswipe-Same Direction,,"[""Intersection Related"",""Pedestrian"",""Young Adult Driver (Age 20-24)""]",0,0,0,0,1,,,Clear,Dry,Dark-Lighted,33.754691,-84.410074
6/11/19 8:27,Atlanta Police Department,Fulton,Atlanta,Forsyth St,Forsyth St and Brotherton St,(O) No Injury,Not a Collision with Motor Vehicle,,"[""Intersection Related"",""Pedestrian"",""Distracted Driver (Suspected)""]",0,0,0,0,1,"[""No Contributing Factors"",""No Contributing Factors""]",,Clear,Dry,Daylight,33.748378,-84.396874
10/14/19 9:54,Atlanta Police Department,DeKalb,Atlanta,Glenwood Ave,Glenwood Ave and Eva Davis Way,(O) No Injury,Not a Collision with Motor Vehicle,,"[""Intersection Related"",""Hit & Run"",""Pedestrian""]",0,0,0,0,1,"[""Failure to Yield"",""No Contributing Factors""]",,Clear,Dry,Daylight,33.740142,-84.313864
7/13/19 0:41,Atlanta Police Department,Fulton,Atlanta,1083 Westview Dr,Lawton St and 1083 Westview Dr,(O) No Injury,Head On,,"[""Intersection Related"",""Hit & Run"",""Pedestrian"",""Distracted Driver (Suspected)""]",0,0,0,0,1,,,Clear,Dry,Dark-Lighted,33.747172,-84.423296
6/3/19 10:56,Atlanta Police Department,Fulton,Atlanta,Alabama St Sw   Forsyth St,Forsyth St and Alabama St Sw   Forsyth St,Unknown,Angle (Other),,"[""Intersection Related"",""Pedestrian"",""Young Adult Driver (Age 20-24)""]",0,0,0,0,1,"[""Failure to Yield"",""Failure to Yield""]",,(None),Dry,Daylight,33.753887,-84.392593
11/4/19 16:55,Atlanta Police Department,Fulton,Atlanta,Campbellton,Maxwell Dr and Campbellton,(O) No Injury,Angle (Other),,Pedestrian,0,0,0,0,1,"[""No Contributing Factors"",""Other""]",,Clear,Dry,Daylight,33.69874,-84.482629
5/7/19 14:42,Atlanta Police Department,Fulton,Atlanta,Cleveland Ave Sw   Old Hapeville Rd,Old Hapeville Rd and Cleveland Ave Sw   Old Hapeville Rd,Unknown,Sideswipe-Same Direction,,"[""Intersection Related"",""Pedestrian""]",0,0,0,0,1,,,Clear,Dry,Daylight,33.681119,-84.393704
8/2/19 8:03,Atlanta Police Department,Fulton,Atlanta,Peachtree St Sw   Memorial Dr,Memorial Dr and Peachtree St Sw   Memorial Dr,(O) No Injury,Angle (Other),,"[""Intersection Related"",""Pedestrian"",""Young Adult Driver (Age 20-24)""]",0,0,0,0,1,,,Cloudy,Dry,Daylight,33.74699,-84.396968
8/12/19 12:05,Atlanta Police Department,Fulton,Atlanta,Peachtree Rd,28Th St and Peachtree Rd,(O) No Injury,Not a Collision with Motor Vehicle,,"[""Intersection Related"",""Hit & Run"",""Pedestrian"",""Impaired (Suspected)"",""Distracted Driver (Suspected)""]",0,0,0,0,1,,,Clear,Dry,Daylight,33.805629,-84.393908
10/21/19 13:17,Atlanta Police Department,Fulton,Atlanta,3711 Martin L King Jr Dr Nw Adamsville Pum-St,,Unknown,Head On,,"[""Hit & Run"",""Pedestrian"",""Impaired (Suspected)"",""Distracted Driver (Suspected)"",""Improper Occupant Protection""]",0,0,0,0,1,,,Clear,Dry,Daylight,33.764008,-84.509688
10/24/19 20:36,Atlanta Police Department,Fulton,Atlanta,Hamilton E Holmes Dr,Godfrey Dr and Hamilton E Holmes Dr,Unknown,Not a Collision with Motor Vehicle,,"[""Intersection Related"",""Pedestrian""]",0,0,0,0,1,"[""Failure to Yield"",""No Contributing Factors""]",,Clear,Dry,Dark-Lighted,33.759429,-84.469368
9/17/19 7:11,Atlanta Police Department,Fulton,Atlanta,Peachtree Rd,Roxboro Rd and Peachtree Rd,(O) No Injury,Not a Collision with Motor Vehicle,,"[""Intersection Related"",""Pedestrian""]",0,0,0,0,1,"[""Failure to Yield"",""No Contributing Factors""]",,Clear,Dry,Daylight,33.854004,-84.358057
8/6/19 15:52,Atlanta Police Department,Fulton,Atlanta,Howell Mill Rd,10Th St and Howell Mill Rd,(O) No Injury,Angle (Other),,"[""Intersection Related"",""Hit & Run"",""Pedestrian"",""Improper Occupant Protection""]",0,0,0,0,1,"[""Failure to Yield"",""No Contributing Factors""]",,Clear,Dry,Daylight,33.781567,-84.411145
3/28/19 17:54,Capital Police Services,Fulton,Atlanta,Washington St,,(C) Possible Injury / Complaint,Not a Collision with Motor Vehicle,,"[""Intersection Related"",""Older Driver (65+)"",""Pedestrian""]",0,0,0,1,1,"[""No Contributing Factors"",""Vision Obscured""]",,Clear,Dry,Daylight,33.75005,-84.388449
9/5/19 20:38,Atlanta Police Department,Fulton,Atlanta,378 Edgewood Ave,,(O) No Injury,Angle (Other),,"[""Intersection Related"",""Pedestrian"",""Improper Occupant Protection""]",0,0,0,0,1,"[""No Contributing Factors"",""Other""]",,Clear,Dry,Dawn,33.754351,-84.375269
5/23/19 16:09,Atlanta Police Department,Fulton,Atlanta,Spring St,8Th St and Spring St,(O) No Injury,Angle (Other),,"[""Intersection Related"",""Pedestrian""]",0,0,0,0,1,"[""Failure to Yield"",""No Contributing Factors""]",,Clear,Dry,Daylight,33.779493,-84.388808
4/21/19 3:12,Atlanta Police Department,Fulton,Atlanta,Edgewood Ave,Edgewood Ave and William H Borders Dr,(O) No Injury,Not a Collision with Motor Vehicle,,"[""Roadway Departure"",""Older Driver (65+)"",""Pedestrian"",""Impaired (Suspected)""]",0,0,0,0,2,"[""Improper Backing"",""No Contributing Factors"",""No Contributing Factors""]",,Clear,Dry,Dark-Lighted,33.754164,-84.375946
9/30/19 17:47,Atlanta Police Department,Fulton,Atlanta,914 Collier Rd Nw Jade E Apartment,,(O) No Injury,Not a Collision with Motor Vehicle,,Pedestrian,0,0,0,0,1,,,Clear,Dry,Daylight,33.80979,-84.415997
1/24/19 12:19,Atlanta Police Department,Fulton,Atlanta,John Wesley Dobbs Ave Ne   Piedmont Ave,Piedmont Ave and John Wesley Dobbs Ave Ne   Piedmont Ave,(O) No Injury,Angle (Other),,"[""Intersection Related"",""Pedestrian"",""Young Driver (Age 15-19)""]",0,0,0,0,1,"[""Failure to Yield"",""No Contributing Factors""]",,Cloudy,Wet,Daylight,33.757085,-84.382228
5/2/19 19:41,Atlanta Police Department,Fulton,Atlanta,Echo St Nw   Fox St,,Unknown,Sideswipe-Same Direction,,"[""Intersection Related"",""Hit & Run"",""Pedestrian""]",0,0,0,0,1,"[""Misjudged Clearance"",""No Contributing Factors""]",,Clear,Dry,Daylight,33.771918,-84.410558
2/14/19 9:22,Atlanta Police Department,Fulton,Atlanta,Lucile Ave Sw   Ralph D Abernathy Blvd,Ralph D Abernathy Blvd and Lucile Ave Sw   Ralph D Abernathy Blvd,(O) No Injury,Sideswipe-Same Direction,,"[""Hit & Run"",""Pedestrian""]",0,0,0,0,1,,,Clear,Dry,Daylight,33.742822,-84.436814
2/17/19 22:13,Atlanta Police Department,Fulton,Atlanta,Piedmont Rd,Piedmont Rd and Peachtree Rd,(O) No Injury,Not a Collision with Motor Vehicle,,"[""Intersection Related"",""Roadway Departure"",""Pedestrian"",""Distracted Driver (Suspected)""]",0,0,0,0,1,,,Rain,Wet,Dark-Lighted,33.843695,-84.371425
5/18/19 15:38,Atlanta Police Department,Fulton,Atlanta,Ashwood Ave,Pryor Rd and Ashwood Ave,(C) Possible Injury / Complaint,Angle (Other),,"[""Intersection Related"",""Pedestrian""]",0,0,0,1,1,,,Clear,Dry,Daylight,33.705176,-84.39888
2/19/19 18:22,Atlanta Police Department,Fulton,Atlanta,Lee St,Lee St and Beecher St,(O) No Injury,Head On,,"[""Intersection Related"",""Hit & Run"",""Pedestrian"",""Distracted Driver (Suspected)""]",0,0,0,0,1,"[""Other"",""Other""]",,Rain,Wet,Dark-Lighted,33.733424,-84.414136
9/24/19 10:50,Emory Police Department,DeKalb,Atlanta,Lowergate Dr Ne,Clifton Rd Ne and Lowergate Dr Ne,(B) Suspected Minor/Visible Injury,Not a Collision with Motor Vehicle,,"[""Distracted Driver (Confirmed)"",""Hit & Run"",""Pedestrian"",""Improper Occupant Protection""]",0,0,1,0,1,,,Clear,Dry,Daylight,33.791951,-84.320968
5/31/19 13:44,Atlanta Police Department,Fulton,Atlanta,Northside Dr Nw   Joseph E Boone Blvd,Joseph E Boone Blvd and Northside Dr Nw   Joseph E Boone Blvd,(C) Possible Injury / Complaint,Angle (Other),,"[""Intersection Related"",""Bicycle""]",0,0,0,1,2,,,Clear,Dry,Daylight,33.763478,-84.402966
8/8/19 16:09,Atlanta Police Department,Fulton,Atlanta,Courtland St,Pine St and Courtland St,(O) No Injury,Not a Collision with Motor Vehicle,,"[""Intersection Related"",""Pedestrian"",""Secondary Crash""]",0,0,0,0,1,"[""Disregard Stop Sign/Signal"",""No Contributing Factors""]",,Clear,Dry,Daylight,33.767451,-84.384084
7/9/19 9:37,Atlanta Police Department,Fulton,Atlanta,619 E Paces Ferry Rd,,Unknown,Head On,,"[""Intersection Related"",""Distracted Driver (Confirmed)"",""Pedestrian""]",0,0,0,0,1,,,Clear,Dry,Daylight,33.840231,-84.366707
3/6/19 17:41,Emory Police Department,DeKalb,Atlanta,Eagle Row,Eagle Row and Clifton Road,(O) No Injury,Not a Collision with Motor Vehicle,,"[""Intersection Related"",""Pedestrian"",""Young Adult Driver (Age 20-24)"",""Improper Occupant Protection""]",0,0,0,0,1,"[""Distracted"",""No Contributing Factors""]",,Clear,Dry,Daylight,33.795244,-84.321285
5/16/19 1:26,Atlanta Police Department,Fulton,Atlanta,I 75,I 75 and N Central Ave,(K) Fatal Injury,Not a Collision with Motor Vehicle,,"[""Older Driver (65+)"",""Pedestrian"",""Impaired (Suspected)""]",1,0,0,0,1,,,Clear,Dry,Dark-Lighted,33.654339,-84.39561
5/18/19 23:09,Atlanta Police Department,Fulton,Atlanta,Peachtree St,12Th St and Peachtree St,(O) No Injury,Not a Collision with Motor Vehicle,,"[""Intersection Related"",""Pedestrian"",""Distracted Driver (Suspected)""]",0,0,0,0,1,"[""No Contributing Factors"",""Parked Improperly""]",,Clear,Dry,Dark-Lighted,33.784306,-84.383074
6/20/19 8:02,Atlanta Police Department,Fulton,Atlanta,Northside Dr,17Th St and Northside Dr,(O) No Injury,Not a Collision with Motor Vehicle,,"[""Intersection Related"",""Pedestrian"",""Distracted Driver (Suspected)""]",0,0,0,0,1,"[""No Contributing Factors"",""Other""]",,Cloudy,Dry,Daylight,33.791124,-84.407833
10/16/19 8:15,Atlanta Police Department,Fulton,Atlanta,Defoor Ave Nw   Howell Mill Rd,Howell Mill Rd and Defoor Ave Nw   Howell Mill Rd,(O) No Injury,Not a Collision with Motor Vehicle,,"[""Intersection Related"",""Pedestrian"",""Young Adult Driver (Age 20-24)"",""Improper Occupant Protection""]",0,0,0,0,1,,,Rain,Wet,Daylight,33.80047,-84.415958
11/9/19 22:38,Atlanta Police Department,Fulton,Atlanta,Murphy Ave,Murphy Ave and Ralph D Abernathy Blvd,(B) Suspected Minor/Visible Injury,Not a Collision with Motor Vehicle,,"[""Intersection Related"",""Bicycle"",""Improper Occupant Protection""]",0,0,1,0,2,,,Clear,Dry,Dark-Lighted,33.738202,-84.412403
8/21/19 16:30,Atlanta Police Department,Fulton,Atlanta,Peachtree Rd Ne   Around Lenox Dr,Around Lenox Dr and Peachtree Rd Ne   Around Lenox Dr,Unknown,Not a Collision with Motor Vehicle,,"[""Hit & Run"",""Pedestrian"",""Improper Occupant Protection""]",0,0,0,0,1,,,Clear,Dry,Daylight,33.846534,-84.36823
12/5/19 22:59,Atlanta Police Department,Fulton,Atlanta,Beecher Rd,Beecher Rd and Kennolia Dr,(O) No Injury,Not a Collision with Motor Vehicle,,"[""Hit & Run"",""Pedestrian"",""Impaired (Suspected)""]",0,0,0,0,1,"[""Failure to Yield"",""Other""]",,Clear,Dry,Dark-Not Lighted,33.733984,-84.449376
7/25/19 10:27,Atlanta Police Department,Fulton,Atlanta,3005 Peachtree Rd,Pharr Rd and 3005 Peachtree Rd,(O) No Injury,Angle (Other),,"[""Intersection Related"",""Hit & Run"",""Pedestrian""]",0,0,0,0,1,,,Clear,Dry,Daylight,33.837081,-84.381415
4/6/19 15:08,Atlanta Police Department,Fulton,Atlanta,Andrew Young Interna Blvd Nw   Marietta St,Marietta St and Andrew Young Interna Blvd Nw   Marietta St,(O) No Injury,Not a Collision with Motor Vehicle,,"[""Intersection Related"",""Pedestrian"",""Young Adult Driver (Age 20-24)""]",0,0,0,0,1,"[""Disregard Other Traffic Control"",""Other""]",,Clear,Dry,Daylight,33.75907,-84.394371
8/11/19 3:01,Atlanta Police Department,Fulton,Atlanta,Peachtree Rd,Sardis Way and Peachtree Rd,(O) No Injury,Not a Collision with Motor Vehicle,,"[""Intersection Related"",""Pedestrian"",""Distracted Driver (Suspected)"",""Older Driver (55-64)""]",0,0,0,0,1,,,Clear,Dry,Dawn,33.840224,-84.378588
8/21/19 10:01,Atlanta Police Department,Fulton,Atlanta,Ralph Mcgill Blvd,Central Park Pl and Ralph Mcgill Blvd,(B) Suspected Minor/Visible Injury,Angle (Other),,"[""Intersection Related"",""Bicycle"",""Older Driver (55-64)""]",0,0,1,0,2,,,Clear,Dry,Daylight,33.764084,-84.377832
6/5/20 2:26,Atlanta Police Department,Fulton,Atlanta,Metropolitan Pkwy,Lakewood Ave and Metropolitan Pkwy,Unknown,Not a Collision with Motor Vehicle,,"[""Pedestrian"",""Impaired Driving (Confirmed)""]",0,0,0,0,1,,,Clear,Dry,Dark-Lighted,33.705004,-84.408054
5/1/20 17:48,Atlanta Police Department,Fulton,Atlanta,900 New Town Cir,Mcdonough Bld and 900 New Town Cir,(O) No Injury,Sideswipe-Opposite Direction,,"[""Pedestrian"",""Distracted Driver (Suspected)""]",0,0,0,0,1,"[""No Contributing Factors"",""No Contributing Factors""]",,Clear,Dry,Daylight,33.708364,-84.360066
4/1/20 19:19,Atlanta Police Department,Fulton,Atlanta,2841 Greenbriar Pkwy Sw Greenbriar Mall,,(O) No Injury,Not a Collision with Motor Vehicle,,"[""Pedestrian"",""Young Adult Driver (Age 20-24)""]",0,0,0,0,1,"[""No Contributing Factors"",""Vision Obscured""]",,Clear,Dry,Daylight,33.686764,-84.497726
10/24/20 21:25,Atlanta Police Department,Fulton,Atlanta,129 Cleveland Ave,,(O) No Injury,Not a Collision with Motor Vehicle,,"[""Pedestrian"",""Distracted Driver (Suspected)""]",0,0,0,0,1,"[""No Contributing Factors"",""No Contributing Factors""]",,Rain,Wet,Dark-Not Lighted,33.681116,-84.392546
1/30/20 15:52,Georgia Tech Police Department,Fulton,Atlanta,Techwood Dr,N Ave and Techwood Dr,(B) Suspected Minor/Visible Injury,Angle (Other),,"[""Intersection Related"",""Bicycle"",""Improper Occupant Protection""]",0,0,1,0,2,"[""Changed Lanes Improperly"",""No Contributing Factors""]",,Clear,Dry,Daylight,33.771691,-84.392003
3/7/20 15:57,Atlanta Police Department,Fulton,Atlanta,1180 W Peachtree St,14Th St and 1180 W Peachtree St,(O) No Injury,Not a Collision with Motor Vehicle,,"[""Intersection Related"",""Pedestrian"",""Distracted Driver (Suspected)""]",0,0,0,0,1,,,Clear,Dry,Daylight,33.786664,-84.387808
11/22/20 20:45,Atlanta Police Department,Fulton,Atlanta,1751 Monroe Dr,,(B) Suspected Minor/Visible Injury,Sideswipe-Same Direction,,"[""Roadway Departure"",""Pedestrian"",""Young Adult Driver (Age 20-24)""]",0,0,1,0,1,,,Clear,Dry,Daylight,33.802576,-84.372772
8/21/20 4:19,Atlanta Police Department,Fulton,Atlanta,Ponce De Leon Ave Ne  Parkway Dr,,(O) No Injury,Head On,,"[""Pedestrian"",""Impaired (Suspected)"",""Distracted Driver (Suspected)""]",0,0,0,0,1,"[""No Contributing Factors"",""Other""]",,Cloudy,Dry,Dark-Lighted,33.772674,-84.372786
11/23/20 8:32,Atlanta Police Department,Fulton,Atlanta,218 Andrew J Hairston Pl,Thurmond St and 218 Andrew J Hairston Pl,(O) No Injury,Sideswipe-Opposite Direction,,Pedestrian,0,0,0,0,2,,,Clear,Dry,Daylight,33.760623,-84.41406
8/8/20 21:43,Atlanta Police Department,Fulton,Atlanta,John Lewis Freedom Pkwy,Blvd and John Lewis Freedom Pkwy,(O) No Injury,Not a Collision with Motor Vehicle,,"[""Pedestrian"",""Young Adult Driver (Age 20-24)"",""Distracted Driver (Suspected)""]",0,0,0,0,1,"[""No Contributing Factors"",""Other""]",,Clear,Dry,Dark-Lighted,33.760228,-84.372065
2/25/20 18:43,Atlanta Police Department,Fulton,Atlanta,Metropolitan Pkwy Sw   Mayland Ave,Mayland Ave and Metropolitan Pkwy Sw   Mayland Ave,(C) Possible Injury / Complaint,Angle (Other),,"[""Intersection Related"",""Hit & Run"",""Pedestrian"",""Improper Occupant Protection""]",0,0,0,2,2,,,Clear,Dry,Dark-Lighted,33.72469,-84.407898
5/18/20 14:42,Atlanta Police Department,Fulton,Atlanta,1175 Fair St,Holderness and 1175 Fair St,Unknown,Not a Collision with Motor Vehicle,,"[""Pedestrian"",""Distracted Driver (Suspected)""]",0,0,0,0,1,,,Cloudy,Dry,Daylight,33.749049,-84.426095
10/19/20 15:41,Atlanta Police Department,Fulton,Atlanta,718 Ponce De Leon Ave,,(O) No Injury,Sideswipe-Same Direction,,"[""Bicycle"",""Improper Occupant Protection""]",0,0,0,0,2,"[""No Contributing Factors"",""No Contributing Factors""]",,Clear,Dry,Daylight,33.773984,-84.363456
11/15/20 9:01,Atlanta Police Department,Fulton,Atlanta,Wieuca Rd,Wieuca Rd and Phipps Blvd,(O) No Injury,Not a Collision with Motor Vehicle,,Pedestrian,0,0,0,0,1,"[""Failure to Yield"",""Failure to Yield""]",,Clear,Dry,Daylight,33.856107,-84.361077
7/17/20 15:57,Atlanta Police Department,Fulton,Atlanta,Martin L King Jr Dr,Woodmere St and Martin L King Jr Dr,(O) No Injury,Not a Collision with Motor Vehicle,,"[""Roadway Departure"",""Distracted Driver (Confirmed)"",""Pedestrian""]",0,0,0,0,1,"[""No Contributing Factors"",""No Contributing Factors"",""Other Interior Distraction (Distracted)""]",,Clear,Dry,Daylight,33.752674,-84.437286
8/22/20 5:11,Atlanta Police Department,Fulton,Atlanta,3010 Campbellton Rd,,(O) No Injury,Not a Collision with Motor Vehicle,,"[""Pedestrian"",""Older Driver (55-64)""]",0,0,0,0,1,"[""Misjudged Clearance"",""No Contributing Factors""]",,Cloudy,Dry,Dark-Lighted,33.695324,-84.486646
2/8/20 21:38,Atlanta Police Department,Fulton,Atlanta,1065 Peachtree St,Tenth St and 1065 Peachtree St,(O) No Injury,Not a Collision with Motor Vehicle,,"[""Pedestrian"",""Young Driver (Age 15-19)""]",0,0,0,0,1,"[""Misjudged Clearance"",""No Contributing Factors""]",,Clear,Dry,Dark-Lighted,33.783624,-84.382946
1/11/20 21:18,Georgia Tech Police Department,Fulton,Atlanta,Hemphill Ave,Eight and Hemphill Ave,(C) Possible Injury / Complaint,Head On,,"[""Intersection Related"",""Roadway Departure"",""Pedestrian""]",0,0,0,1,1,"Not Visible (Object, Person, or Vehicle)",,Clear,Wet,Dark-Lighted,33.779696,-84.402513
9/10/20 16:47,Atlanta Police Department,Fulton,Atlanta,Lee St,Lee St and York Ave,Unknown,Not a Collision with Motor Vehicle,,"[""Intersection Related"",""Pedestrian"",""Secondary Crash""]",0,0,0,0,1,,,Clear,Dry,Daylight,33.737063,-84.414092
9/21/20 18:26,Atlanta Police Department,Fulton,Atlanta,921 Blvd,,Unknown,Not a Collision with Motor Vehicle,,"[""Intersection Related"",""Distracted Driver (Confirmed)"",""Pedestrian""]",0,0,0,0,1,"[""No Contributing Factors"",""Talking on Hand-Held Device (Distracted)""]",,Clear,Dry,Daylight,33.729334,-84.368636
3/12/20 6:30,Atlanta Police Department,Fulton,Atlanta,1720 Marietta Blvd,Carroll Dr and 1720 Marietta Blvd,Unknown,Head On,,"[""Intersection Related"",""Motorcycle"",""Pedestrian"",""Distracted Driver (Suspected)""]",0,0,0,0,1,,,Cloudy,Wet,Dark-Lighted,33.8024,-84.436289
11/7/20 9:03,Atlanta Police Department,Fulton,Atlanta,209 Harwell Rd,,(O) No Injury,Not a Collision with Motor Vehicle,,"[""Hit & Run"",""Pedestrian"",""Distracted Driver (Suspected)""]",0,0,0,0,1,"[""No Contributing Factors"",""Other""]",,Cloudy,Dry,Daylight,33.785194,-84.491096
3/10/20 9:31,Atlanta Police Department,Fulton,Atlanta,Jesse Hill Jr Dr,Coca Cola Pl and Jesse Hill Jr Dr,(B) Suspected Minor/Visible Injury,Angle (Other),,"[""Intersection Related"",""Pedestrian"",""Older Driver (55-64)""]",0,0,1,0,2,,,Rain,Wet,Daylight,33.753682,-84.381028
12/31/20 19:09,Atlanta Police Department,Fulton,Atlanta,Connel Ave,Connel Ave and Metropolitan Pkwy,(O) No Injury,Head On,,"[""Hit & Run"",""Pedestrian"",""Distracted Driver (Suspected)""]",0,0,0,0,1,"[""No Contributing Factors"",""Other""]",,Rain,Wet,Dark-Lighted,33.683206,-84.407339
2/26/20 21:18,Atlanta Police Department,Fulton,Atlanta,Anderson Ave,Anderson Ave and Martin L King Jr Dr,(O) No Injury,Not a Collision with Motor Vehicle,,"[""Intersection Related"",""Hit & Run"",""Pedestrian""]",0,0,0,0,1,,,(None),Dry,Daylight,33.750682,-84.446096
9/9/20 18:36,Atlanta Police Department,Fulton,Atlanta,Donald Lee Hollowell Pkwy,,(K) Fatal Injury,Not a Collision with Motor Vehicle,,"[""Hit & Run"",""Pedestrian"",""Distracted Driver (Suspected)""]",1,0,0,0,1,"[""Other"",""Other""]",,Clear,Dry,Daylight,33.776044,-84.468236
1/18/20 19:00,Atlanta Police Department,Fulton,Atlanta,Ponce De Leon Ave Ne   Somerset Ter,Somerset Ter and Ponce De Leon Ave Ne   Somerset Ter,(O) No Injury,Head On,,"[""Intersection Related"",""Pedestrian"",""Young Adult Driver (Age 20-24)"",""Distracted Driver (Suspected)""]",0,0,0,0,1,"[""No Contributing Factors"",""No Contributing Factors""]",,Rain,Wet,Dark-Lighted,33.773803,-84.362356
12/13/20 0:59,Atlanta Police Department,Fulton,Atlanta,Ralph D Abernathy Blvd Sw,I- 75-85 Nb Expy Sw and Ralph D Abernathy Blvd Sw,(B) Suspected Minor/Visible Injury,Rear End,,"[""Aggressive Driving"",""Pedestrian"",""Secondary Crash"",""Young Adult Driver (Age 20-24)""]",0,0,1,2,2,"[""Changed Lanes Improperly"",""No Contributing Factors"",""No Contributing Factors""]",,Other,Wet,Dark-Lighted,33.728286,-84.393099
9/6/20 0:14,Atlanta Police Department,Fulton,Atlanta,1919 Metropolitan Pkwy,Fair Dr and 1919 Metropolitan Pkwy,(O) No Injury,Head On,,Pedestrian,0,0,0,0,1,"[""Failure to Yield"",""Not Visible (Object, Person, or Vehicle)"",""Other""]",,Clear,Dry,Dark-Lighted,33.702774,-84.410166
6/11/20 22:17,Atlanta Police Department,Fulton,Atlanta,James Jackson Pkwy,Hightower Rd and James Jackson Pkwy,(O) No Injury,Head On,,"[""Intersection Related"",""Pedestrian"",""Distracted Driver (Suspected)""]",0,0,0,0,1,"[""No Contributing Factors"",""Other""]",,Clear,Dry,Dark-Not Lighted,33.777672,-84.474239
11/1/20 17:15,Atlanta Police Department,Fulton,Atlanta,4511 Campbellton Rd,,(O) No Injury,Not a Collision with Motor Vehicle,,"[""Intersection Related"",""Pedestrian"",""Distracted Driver (Suspected)""]",0,0,0,0,1,"[""No Contributing Factors"",""Other""]",,Clear,Dry,Dusk,33.696244,-84.535666
4/28/20 19:55,Atlanta Police Department,Fulton,Atlanta,Piedmont Ave,10Th St and Piedmont Ave,(O) No Injury,Angle (Other),,"[""Intersection Related"",""Pedestrian"",""Young Adult Driver (Age 20-24)""]",0,0,0,0,1,"[""Disregard Other Traffic Control"",""Improper Backing""]",,Clear,Dry,Daylight,33.781774,-84.380469
6/25/20 14:54,Atlanta Police Department,Fulton,Atlanta,Joseph E Lowery Blvd,Park St and Joseph E Lowery Blvd,(O) No Injury,Not a Collision with Motor Vehicle,,"[""Pedestrian"",""Distracted Driver (Suspected)""]",0,0,0,0,1,,,Cloudy,Dry,Daylight,33.741903,-84.417636
3/4/20 17:38,Atlanta Police Department,Fulton,Atlanta,Joseph E Lowery Blvd Sw   Parsons St,Parsons St and Joseph E Lowery Blvd Sw   Parsons St,(O) No Injury,Angle (Other),,"[""Intersection Related"",""Pedestrian"",""Young Adult Driver (Age 20-24)""]",0,0,0,0,2,,,Rain,Wet,Daylight,33.751084,-84.417542