Date and Time,Agency Name (Crash Level) ,Area: County,Area: City,Roadway (From Crash Report),Intersection Name (from Crash Report),KABCO Severity,Manner of Collision (Crash Level) ,First Harmful Event (Crash Level) ,SHSP Emphasis Areas,# of Fatalities (Person Table),# Serious Injuries,# Visible Injuries,# Complaint Injuries,# of Vehicles,Operator / Driver Contributing Factor -old,Roadway Contributing Factors (Crash Level) ,Weather Conditions (Crash Level),Surface Condition (Crash Level) ,Light Conditions (Crash Level),Latitude ,Longitude
11/10/20 21:38,Atlanta Police Department,Fulton,Atlanta,Piedmont Ave,10Th St and Piedmont Ave,(O) No Injury,Angle (Other),,"[""Intersection Related"",""Pedestrian"",""Older Driver (55-64)""]",0,0,0,0,1,"[""Failure to Yield"",""No Contributing Factors""]",,Rain,Wet,Dark-Lighted,33.781774,-84.380469
3/20/20 16:17,Atlanta Police Department,Fulton,Atlanta,Peek Rd,Peek Rd and Donald Lee Hollowell Pkwy,(B) Suspected Minor/Visible Injury,Rear End,,"[""Intersection Related"",""Pedestrian"",""Young Adult Driver (Age 20-24)"",""Distracted Driver (Suspected)"",""Older Driver (55-64)""]",0,0,2,0,3,,,Clear,Dry,Daylight,33.777929,-84.477387
2/18/20 20:57,Atlanta Police Department,Fulton,Atlanta,Almont Dr Sw   Oakland Dr,Oakland Dr and Almont Dr Sw   Oakland Dr,(O) No Injury,Not a Collision with Motor Vehicle,,"[""Intersection Related"",""Pedestrian"",""Young Driver (Age 15-19)""]",0,0,0,0,1,,,Cloudy,Dry,Daylight,33.725865,-84.427341
2/23/20 10:34,Atlanta Police Department,Fulton,Atlanta,1055 Dekalb Ave Ne Multiple,,(O) No Injury,Not a Collision with Motor Vehicle,,"[""Intersection Related"",""Hit & Run"",""Pedestrian"",""Distracted Driver (Suspected)""]",0,0,0,0,1,,,Clear,Dry,Daylight,33.757897,-84.352626
5/16/20 19:53,Atlanta Police Department,Fulton,Atlanta,2317 Polar Rock Ave,,Unknown,Angle (Other),,Pedestrian,0,0,0,0,1,"[""No Contributing Factors"",""No Contributing Factors""]",,Clear,Dry,Dark-Lighted,33.691194,-84.396316
1/25/20 3:07,Atlanta Police Department,Fulton,Atlanta,Peachtree Rd,Peachtree Rd and Peachtree Hills Ave,(O) No Injury,Not a Collision with Motor Vehicle,,"[""Intersection Related"",""Pedestrian""]",0,0,0,0,1,"[""Failure to Yield"",""No Contributing Factors""]",,Clear,Dry,Dark-Lighted,33.818055,-84.388952
2/25/20 12:49,Atlanta Police Department,Fulton,Atlanta,Ponce De Leon Ave,Ponce De Leon Ave and Ponce De Leon Pl Ave,Unknown,Angle (Other),,"[""Intersection Related"",""Pedestrian"",""Young Adult Driver (Age 20-24)""]",0,0,0,0,1,"[""Failure to Yield"",""No Contributing Factors""]",,Cloudy,Dry,Daylight,33.773598,-84.363708
3/13/20 10:14,Atlanta Police Department,Fulton,Atlanta,Ollie St Nw   Lena St,Lena St and Ollie St Nw   Lena St,(C) Possible Injury / Complaint,Angle (Other),,"[""Intersection Related"",""Pedestrian"",""Impaired Driving (Confirmed)""]",0,0,0,1,2,,,Clear,Dry,Daylight,33.756649,-84.42131
5/1/20 12:35,Atlanta Police Department,Fulton,Atlanta,John Wesley Dobbs Ave Ne   Bell St,Bell St and John Wesley Dobbs Ave Ne   Bell St,(O) No Injury,Angle (Other),,"[""Intersection Related"",""Pedestrian""]",0,0,0,0,1,"[""Failure to Yield"",""No Contributing Factors""]",,Clear,Dry,Daylight,33.757534,-84.379417
7/14/20 15:07,Atlanta Police Department,Fulton,Atlanta,Hill St Se   Decatur St,Decatur St and Hill St Se   Decatur St,(O) No Injury,Angle (Other),,"[""Intersection Related"",""Pedestrian"",""Older Driver (55-64)"",""Improper Occupant Protection""]",0,0,0,0,1,,,Clear,Dry,Daylight,33.749767,-84.379526
7/9/20 9:28,Atlanta Police Department,Fulton,Atlanta,Bartram St,Garrett St and Bartram St,(B) Suspected Minor/Visible Injury,Angle (Other),,"[""Intersection Related"",""Bicycle""]",0,0,1,0,2,,,Clear,Dry,Daylight,33.740577,-84.357112
3/11/20 8:27,Gsp Post 00,Fulton,Atlanta,I 20,I 20 and Joseph E Lowery Blvd,(K) Fatal Injury,Not a Collision with Motor Vehicle,,"[""Pedestrian"",""Distracted Driver (Suspected)""]",1,0,0,0,1,,,Cloudy,Dry,Daylight,33.741701,-84.419393
1/5/20 16:41,Atlanta Police Department,Fulton,Atlanta,Moreland Ave Se   Ormewood Ave,Ormewood Ave and Moreland Ave Se   Ormewood Ave,(O) No Injury,Angle (Other),,"[""Intersection Related"",""Pedestrian""]",0,0,0,0,1,"[""Failure to Yield"",""No Contributing Factors""]",,Clear,Dry,Daylight,33.734094,-84.349329
8/8/20 20:45,Atlanta Police Department,Fulton,Atlanta,988 Trestletree Ct,,(O) No Injury,Head On,,"[""Roadway Departure"",""Pedestrian"",""Distracted Driver (Suspected)""]",0,0,0,0,1,"[""No Contributing Factors"",""No Contributing Factors""]",,Clear,Dry,Dark-Lighted,33.728454,-84.362378
2/2/20 20:28,Atlanta Police Department,Fulton,Atlanta,Harwell Rd,Skipper Pl and Harwell Rd,(O) No Injury,Not a Collision with Motor Vehicle,,"[""Intersection Related"",""Hit & Run"",""Pedestrian"",""Impaired (Suspected)"",""Improper Occupant Protection""]",0,0,0,0,1,"[""Failure to Yield"",""Failure to Yield""]",,Clear,Dry,Dark-Lighted,33.782195,-84.493094
10/17/20 1:14,Atlanta Police Department,Fulton,Atlanta,Bennett St,Tula St and Bennett St,(O) No Injury,Not a Collision with Motor Vehicle,,"[""Pedestrian"",""Impaired Driving (Confirmed)"",""Improper Occupant Protection""]",0,0,0,0,1,"[""Driver Lost Control"",""No Contributing Factors""]",,Clear,Dry,Dark-Lighted,33.812284,-84.393386
11/7/20 22:45,Atlanta Police Department,Fulton,Atlanta,Ponce De Leon Ave Ne   Parkway Dr,Parkway Dr and Ponce De Leon Ave Ne   Parkway Dr,Unknown,Head On,,"[""Intersection Related"",""Pedestrian"",""Distracted Driver (Suspected)"",""Improper Occupant Protection""]",0,0,0,0,1,"[""No Contributing Factors"",""Other""]",,Clear,Dry,Dark-Lighted,33.773147,-84.372797
10/19/20 17:44,Atlanta Police Department,Fulton,Atlanta,749 Moreland Ave,,(O) No Injury,Not a Collision with Motor Vehicle,,Pedestrian,0,0,0,0,1,"[""Failure to Yield"",""No Contributing Factors"",""No Contributing Factors""]",,Clear,Dry,Daylight,33.733924,-84.349576
10/18/20 20:22,Atlanta Police Department,Fulton,Atlanta,James Jackson Pkwy Nw   Bolton Rd,Bolton Rd and James Jackson Pkwy Nw   Bolton Rd,(O) No Injury,Not a Collision with Motor Vehicle,,"[""Intersection Related"",""Hit & Run"",""Pedestrian"",""Distracted Driver (Suspected)""]",0,0,0,0,1,"[""No Contributing Factors"",""No Contributing Factors"",""Other""]",,Clear,Dry,Dark-Lighted,33.810832,-84.476456
7/13/20 22:09,Atlanta Police Department,Fulton,Atlanta,964 Mayson Turner Rd,Michigan Ave and 964 Mayson Turner Rd,(O) No Injury,Not a Collision with Motor Vehicle,,"[""Hit & Run"",""Pedestrian"",""Impaired (Suspected)""]",0,0,0,0,1,,,Clear,Dry,Dark-Lighted,33.759204,-84.418366
1/6/20 15:06,Dekalb Co Police Department,DeKalb,Atlanta,Memorial Dr,Warren St and Memorial Dr,(A) Suspected Serious Injury,Not a Collision with Motor Vehicle,,"[""Intersection Related"",""Hit & Run"",""Pedestrian"",""Impaired (Suspected)"",""Improper Occupant Protection""]",0,1,0,0,1,,,Clear,Dry,Daylight,33.747432,-84.326373
10/5/20 13:00,Atlanta Police Department,Fulton,Atlanta,Donald Lee Hollowell Pkwy,Center Hill Ave and Donald Lee Hollowell Pkwy,(O) No Injury,Not a Collision with Motor Vehicle,,"[""Hit & Run"",""Pedestrian"",""Distracted Driver (Suspected)""]",0,0,0,0,1,"[""No Contributing Factors"",""Other""]",,Clear,Dry,Daylight,33.778475,-84.463199
11/7/20 19:35,Atlanta Police Department,Fulton,Atlanta,627 Holderness St,548 W End Pl and 627 Holderness St,(O) No Injury,Head On,,"[""Pedestrian"",""Distracted Driver (Suspected)""]",0,0,0,0,1,"[""No Contributing Factors"",""No Contributing Factors""]",,Clear,Dry,Daylight,33.738054,-84.428066
5/7/20 13:09,Atlanta Police Department,Fulton,Atlanta,4Th St Ne   W Peachtree St,W Peachtree St and 4Th St Ne   W Peachtree St,Unknown,Sideswipe-Same Direction,,"[""Intersection Related"",""Older Driver (65+)"",""Pedestrian""]",0,0,0,0,1,"[""Driver Condition"",""No Contributing Factors""]",,Clear,Dry,Daylight,33.775084,-84.387321
1/25/20 14:14,Atlanta Police Department,Fulton,Atlanta,James Jackson Pkwy Nw   Donald Lee Hollo Pkwy,Donald Lee Hollowell Pkwy and James Jackson Pkwy Nw   Donald Lee Hollo Pkwy,(O) No Injury,Head On,,"[""Intersection Related"",""Pedestrian"",""Distracted Driver (Suspected)""]",0,0,0,0,1,"[""No Contributing Factors"",""Other""]",,Cloudy,Dry,Daylight,33.776321,-84.47374
8/18/20 6:26,Atlanta Police Department,Fulton,Atlanta,2788 Forrest Hills Dr,,(B) Suspected Minor/Visible Injury,Sideswipe-Same Direction,,"[""Bicycle"",""Improper Occupant Protection""]",0,0,1,0,2,,,Clear,Dry,Daylight,33.678913,-84.399316
2/13/20 7:57,Atlanta Police Department,Fulton,Atlanta,1385 N Highland Ave,University Dr and 1385 N Highland Ave,(O) No Injury,Angle (Other),,Pedestrian,0,0,0,0,1,,,Rain,Wet,Dark-Lighted,33.792365,-84.352586
11/21/20 3:19,Atlanta Police Department,Fulton,Atlanta,Lindbergh Dr,Lindbergh Dr and Cheshire Bridge Rd,(O) No Injury,Not a Collision with Motor Vehicle,,"[""Intersection Related"",""Pedestrian"",""Distracted Driver (Suspected)""]",0,0,0,0,1,,,Clear,Dry,Dark-Lighted,33.818424,-84.351648
1/10/20 15:39,Atlanta Police Department,Fulton,Atlanta,740 Sidney Marcus Blvd,Adina Dr and 740 Sidney Marcus Blvd,Unknown,Head On,,"[""Pedestrian"",""Distracted Driver (Suspected)""]",0,0,0,0,1,"[""No Contributing Factors"",""No Contributing Factors""]",,Clear,Dry,Daylight,33.826544,-84.363696
11/1/20 1:01,Atlanta Police Department,Fulton,Atlanta,Campbellton Rd,Fairburn Rd and Campbellton Rd,Unknown,Not a Collision with Motor Vehicle,,"[""Intersection Related"",""Pedestrian"",""Young Adult Driver (Age 20-24)""]",0,0,0,0,1,"[""No Contributing Factors"",""Not Visible (Object, Person, or Vehicle)""]",,Rain,Dry,Dark-Lighted,33.690622,-84.511444
7/16/20 16:35,Atlanta Police Department,Fulton,Atlanta,497 Bolton Rd,Fairlane Dr and 497 Bolton Rd,(O) No Injury,Not a Collision with Motor Vehicle,,"[""Pedestrian"",""Distracted Driver (Suspected)"",""Older Driver (55-64)""]",0,0,0,0,1,,,Clear,Dry,Daylight,33.768022,-84.508892
7/4/20 14:04,Atlanta Police Department,Fulton,Atlanta,479 Stonewall St,Northside Dr and 479 Stonewall St,(O) No Injury,Not a Collision with Motor Vehicle,,"[""Distracted Driver (Confirmed)"",""Pedestrian""]",0,0,0,0,1,,,Clear,Dry,Daylight,33.749716,-84.403097
2/4/20 8:46,Atlanta Police Department,Fulton,Atlanta,207 Ralph David Abernathy Blvd,Pryor St and 207 Ralph David Abernathy Blvd,(O) No Injury,Rear End,,"[""Intersection Related"",""Motorcycle"",""Pedestrian"",""Distracted Driver (Suspected)""]",0,0,0,0,1,"[""Following Too Close"",""No Contributing Factors""]",,Cloudy,Dry,Daylight,33.736834,-84.394607
2/23/20 2:19,Atlanta Police Department,Fulton,Atlanta,2284 Cheshire Bridge Rd,,(O) No Injury,(None),,"[""Hit & Run"",""Pedestrian""]",0,0,0,0,1,,,Clear,Dry,Dark-Lighted,33.817541,-84.351971
6/8/20 22:20,Atlanta Police Department,Fulton,Atlanta,1892 Howell Mill Rd,Beck St and 1892 Howell Mill Rd,(O) No Injury,Not a Collision with Motor Vehicle,,"[""Distracted Driver (Confirmed)"",""Hit & Run"",""Pedestrian""]",0,0,0,0,1,"[""Inattentive or Other Distraction (Distracted)"",""No Contributing Factors""]",,Rain,Wet,Dark-Not Lighted,33.806724,-84.413156
9/20/20 14:56,Atlanta Police Department,Fulton,Atlanta,Oakland Ln,Oakland Ln and Brewster St,Unknown,Not a Collision with Motor Vehicle,,Pedestrian,0,0,0,0,1,"[""No Contributing Factors"",""Not Visible (Object, Person, or Vehicle)"",""Vision Obscured""]",,Clear,Dry,Daylight,33.719402,-84.425939
7/22/20 11:35,Atlanta Police Department,Fulton,Atlanta,650 Cleveland Ave Sw Aps Hutchinson Es,Metropolitan Pkwy and 650 Cleveland Ave Sw Aps Hutchinson Es,(O) No Injury,Not a Collision with Motor Vehicle,,"[""Pedestrian"",""Distracted Driver (Suspected)"",""Older Driver (55-64)""]",0,0,0,0,1,,,Clear,Dry,Daylight,33.681295,-84.408335
12/28/20 15:54,Atlanta Police Department,Fulton,Atlanta,5 Claire Dr,5 Claire Dr and Lakewood Ave,(O) No Injury,Not a Collision with Motor Vehicle,,"[""Pedestrian"",""Distracted Driver (Suspected)""]",0,0,0,0,1,"[""Changed Lanes Improperly"",""No Contributing Factors""]",,Cloudy,Dry,Daylight,33.704754,-84.388166
7/13/20 14:39,Atlanta Police Department,Fulton,Atlanta,375 Oakland Ave,Woodward Ave and 375 Oakland Ave,(O) No Injury,Angle (Other),,"[""Roadway Departure"",""Hit & Run"",""Pedestrian""]",0,0,0,0,1,,,Clear,Dry,Daylight,33.744343,-84.374867
9/3/20 18:42,Atlanta Police Department,Fulton,Atlanta,Willoughby Way Ne   Ashley Ave,Ashley Ave and Willoughby Way Ne   Ashley Ave,(O) No Injury,Not a Collision with Motor Vehicle,,"[""Intersection Related"",""Pedestrian"",""Distracted Driver (Suspected)"",""Improper Occupant Protection""]",0,0,0,0,1,"[""No Contributing Factors"",""Wrong Side of Road""]",,Clear,Dry,Daylight,33.763946,-84.363696
10/18/20 13:53,Atlanta Police Department,Fulton,Atlanta,3 Fairburn Rd,,(O) No Injury,Not a Collision with Motor Vehicle,,"[""Intersection Related"",""Hit & Run"",""Pedestrian"",""Distracted Driver (Suspected)""]",0,0,0,0,1,"[""No Contributing Factors"",""No Contributing Factors""]",,Clear,Dry,Daylight,33.759272,-84.505571
11/21/20 19:08,Atlanta Police Department,Fulton,Atlanta,3650 Martin L King Jr Dr,Adamsville Dr and 3650 Martin L King Jr Dr,(K) Fatal Injury,Not a Collision with Motor Vehicle,,"[""Intersection Related"",""Hit & Run"",""Pedestrian"",""Distracted Driver (Suspected)""]",1,0,0,0,1,,,Clear,Dry,Dark-Lighted,33.761693,-84.507766
3/1/20 11:53,Atlanta Police Department,Fulton,Atlanta,Garibaldi,,(O) No Injury,Sideswipe-Same Direction,,"[""Hit & Run"",""Pedestrian"",""Improper Occupant Protection""]",0,0,0,0,5,,,Clear,Dry,Daylight,33.735225,-84.399149
1/1/21 21:49,Atlanta Police Department,DeKalb,Atlanta,Hutchinson St Ne   Hosea L Williams Dr,Hosea L Williams Dr and Hutchinson St Ne   Hosea L Williams Dr,(O) No Injury,Angle (Other),,"[""Intersection Related"",""Hit & Run"",""Pedestrian"",""Improper Occupant Protection""]",0,0,0,0,1,,,Rain,Wet,Dark-Not Lighted,33.753424,-84.340736
7/8/21 19:55,Atlanta Police Department,Fulton,Atlanta,Decatur St Se,Grant St Se and Decatur St Se,(O) No Injury,Not a Collision with Motor Vehicle,,"[""Intersection Related"",""Bicycle"",""Impaired (Suspected)"",""Improper Occupant Protection""]",0,0,0,0,1,,,Clear,Dry,Daylight,33.750167,-84.376723
8/5/21 12:40,Atlanta Police Department,Fulton,Atlanta,Eloise St Se,Mercer St Se and Eloise St Se,(B) Suspected Minor/Visible Injury,Not a Collision with Motor Vehicle,,"[""Intersection Related"",""Older Driver (65+)"",""Bicycle"",""Distracted Driver (Suspected)""]",0,0,1,0,1,,,Clear,Dry,Daylight,33.735472,-84.362865
2/17/21 16:33,Atlanta Police Department,Fulton,Atlanta,1677 Lakewood Ave,Jonesboro Rd and 1677 Lakewood Ave,(O) No Injury,Angle (Other),,"[""Bicycle"",""Older Driver (55-64)""]",0,0,0,0,2,,,Clear,Dry,Daylight,33.708494,-84.380416
7/11/21 22:58,Atlanta Police Department,Fulton,Atlanta,Ga-403,Ga-403 and Courtland St,(C) Possible Injury / Complaint,Rear End,,"[""Pedestrian"",""Secondary Crash"",""Young Adult Driver (Age 20-24)"",""Distracted Driver (Suspected)""]",0,0,0,1,2,,,Clear,Dry,Dark-Lighted,33.765971,-84.386783
5/27/21 18:00,Atlanta Police Department,Fulton,Atlanta,Euclid Ave Ne,Euclid Ave Ne and Colquitt Ave Ne,(C) Possible Injury / Complaint,Not a Collision with Motor Vehicle,,"[""Bicycle"",""Improper Occupant Protection""]",0,0,0,1,1,,,Clear,Dry,Daylight,33.763974,-84.351058
11/8/21 17:00,Atlanta Police Department,Fulton,Atlanta,Edgewood Ave Se,Edgewood Ave Se and Jesse Hill Jr Dr Ne,(B) Suspected Minor/Visible Injury,Not a Collision with Motor Vehicle,,"[""Intersection Related"",""Pedestrian"",""Secondary Crash"",""Improper Occupant Protection""]",0,0,1,0,1,,,Clear,Dry,Daylight,33.754388,-84.380292
12/31/21 19:58,Atlanta Police Department,Fulton,Atlanta,8Th St Ne,8Th St Ne and W Peachtree St Nw,(B) Suspected Minor/Visible Injury,Not a Collision with Motor Vehicle,,"[""Intersection Related"",""Pedestrian"",""Improper Occupant Protection""]",0,0,1,0,1,,,Clear,Dry,Dark-Lighted,33.779514,-84.387275
10/30/21 2:20,Atlanta Police Department,Fulton,Atlanta,Howell Mill Rd Nw,17Th St Nw and Howell Mill Rd Nw,(C) Possible Injury / Complaint,Not a Collision with Motor Vehicle,,"[""Intersection Related"",""Aggressive Driving"",""Pedestrian"",""Young Driver (Age 15-19)"",""Impaired Driving (Confirmed)"",""Improper Occupant Protection""]",0,0,0,4,1,,,Cloudy,Wet,Dark-Lighted,33.790403,-84.412049
11/6/21 18:31,Atlanta Police Department,Fulton,Atlanta,Peachtree Rd Ne,Lenox Rd Ne and Peachtree Rd Ne,(O) No Injury,Not a Collision with Motor Vehicle,,"[""Intersection Related"",""Roadway Departure"",""Distracted Driver (Confirmed)"",""Hit & Run"",""Pedestrian"",""Impaired (Suspected)""]",0,0,0,0,1,,,Clear,Dry,Daylight,33.850359,-84.362173
10/30/21 10:00,Atlanta Police Department,Fulton,Atlanta,Hollywood Rd Nw,Hollywood Rd Nw and Donald Lee Hollowell Pkwy Nw,(B) Suspected Minor/Visible Injury,Not a Collision with Motor Vehicle,,"[""Intersection Related"",""Older Driver (65+)"",""Bicycle"",""Impaired (Suspected)"",""Improper Occupant Protection""]",0,0,1,0,1,,,Clear,Dry,Daylight,33.776645,-84.44969
10/6/21 0:00,Atlanta Police Department,Fulton,Atlanta,Donnelly Ave Sw,Bernice St Sw and Donnelly Ave Sw,(C) Possible Injury / Complaint,Not a Collision with Motor Vehicle,,"[""Pedestrian"",""Young Adult Driver (Age 20-24)"",""Distracted Driver (Suspected)"",""Improper Occupant Protection""]",0,0,0,1,1,,,Cloudy,Wet,Dark-Lighted,33.736269,-84.432208
6/20/21 23:23,Atlanta Police Department,Fulton,Atlanta,Fulton St Sw,Fulton St Sw and Mcdaniel St Sw,(B) Suspected Minor/Visible Injury,Sideswipe-Same Direction,,"[""Intersection Related"",""Aggressive Driving"",""Hit & Run"",""Pedestrian"",""Impaired (Suspected)"",""Improper Occupant Protection""]",0,0,1,0,2,,,Clear,Dry,Dark-Lighted,33.741757,-84.40258
7/11/21 2:15,Atlanta Police Department,Fulton,Atlanta,Unnamed Road,,(A) Suspected Serious Injury,Not a Collision with Motor Vehicle,,"[""Hit & Run"",""Pedestrian"",""Impaired (Suspected)""]",0,1,0,0,1,,,Clear,Dry,Dark-Lighted,33.825904,-84.363708
3/31/21 11:03,Gsp Post 00,Fulton,Atlanta,I 85,I 85 and N Of Cleveland Ave,(C) Possible Injury / Complaint,Angle (Other),,"[""Aggressive Driving"",""Roadway Departure"",""Pedestrian"",""Speed Related""]",0,0,0,3,2,,,Clear,Dry,Daylight,33.683533,-84.409699
6/21/21 5:29,Atlanta Police Department,Fulton,Atlanta,Peachtree St,Peachtree St and Brookwood Valley Cir Ne,(A) Suspected Serious Injury,Not a Collision with Motor Vehicle,,"[""Hit & Run"",""Pedestrian"",""Impaired (Suspected)"",""Distracted Driver (Suspected)""]",0,1,0,0,1,,,Clear,Dry,Dark-Lighted,33.810013,-84.392878
7/25/21 19:00,Atlanta Police Department,Fulton,Atlanta,Bass St Sw,Pryor Rd and Bass St Sw,(A) Suspected Serious Injury,Not a Collision with Motor Vehicle,,"[""Intersection Related"",""Bicycle"",""Improper Occupant Protection""]",0,1,0,0,1,,,Clear,Dry,Daylight,33.735609,-84.394626
2/10/21 11:00,Atlanta Police Department,Fulton,Atlanta,Ponce De Leon Ave,Parkway Dr and Ponce De Leon Ave,(O) No Injury,Angle (Other),,"[""Intersection Related"",""Pedestrian""]",0,0,0,0,1,,,Clear,Dry,Daylight,33.773156,-84.372761
3/1/21 14:30,Atlanta Police Department,Fulton,Atlanta,Garibaldi St Sw,Arthur St Sw and Garibaldi St Sw,(B) Suspected Minor/Visible Injury,Not a Collision with Motor Vehicle,,"[""Pedestrian"",""Distracted Driver (Suspected)""]",0,0,2,0,1,,,Clear,Dry,Daylight,33.728337,-84.399221
3/13/21 22:14,Atlanta Police Department,Fulton,Atlanta,Moreland Ave Se,Custer Ave and Moreland Ave Se,(K) Fatal Injury,Not a Collision with Motor Vehicle,,"[""Older Driver (65+)"",""Pedestrian"",""Impaired (Suspected)"",""Distracted Driver (Suspected)"",""Improper Occupant Protection""]",1,0,0,0,1,,,Clear,Dry,Dark-Lighted,33.713368,-84.34953
4/4/21 14:00,Atlanta Police Department,Fulton,Atlanta,Walker St Sw,Chapel St Sw and Walker St Sw,(C) Possible Injury / Complaint,Not a Collision with Motor Vehicle,,"[""Intersection Related"",""Distracted Driver (Confirmed)"",""Pedestrian"",""Young Adult Driver (Age 20-24)""]",0,0,0,1,1,,,Clear,Dry,Daylight,33.752327,-84.399114
1/11/21 21:13,Atlanta Police Department,Fulton,Atlanta,Joseph E Lowery Blvd Sw   W End Ave,W End Ave and Joseph E Lowery Blvd Sw   W End Ave,(O) No Injury,Not a Collision with Motor Vehicle,,"[""Intersection Related"",""Pedestrian"",""Distracted Driver (Suspected)""]",0,0,0,0,1,,,Rain,Wet,Dark-Lighted,33.744474,-84.417553
5/8/21 17:20,Atlanta Police Department,Fulton,Atlanta,Us-78,,(B) Suspected Minor/Visible Injury,Angle (Other),,"[""Intersection Related"",""Older Driver (65+)"",""Pedestrian"",""Impaired (Suspected)"",""Improper Occupant Protection""]",0,0,2,1,2,,,Clear,Dry,Daylight,33.773042,-84.41736
8/8/21 4:57,Atlanta Police Department,Fulton,Atlanta,Cheshire Bridge Rd Ne,,(C) Possible Injury / Complaint,Not a Collision with Motor Vehicle,,"[""Intersection Related"",""Aggressive Driving"",""Hit & Run"",""Pedestrian"",""Impaired (Suspected)""]",0,0,0,1,1,,,Clear,Dry,Dark-Lighted,33.817009,-84.352157
7/31/21 23:30,Atlanta Police Department,Fulton,Atlanta,University Ave,University Ave and Metropolitan Pkwy Sw,(B) Suspected Minor/Visible Injury,Not a Collision with Motor Vehicle,,"[""Intersection Related"",""Roadway Departure"",""Hit & Run"",""Pedestrian"",""Young Driver (Age 15-19)"",""Impaired (Suspected)"",""Distracted Driver (Suspected)"",""Improper Occupant Protection""]",0,0,1,0,1,,,Clear,Dry,Dark-Lighted,33.722188,-84.407816
10/17/21 2:50,Atlanta Police Department,Fulton,Atlanta,E Paces Ferry Rd Ne,Piedmont Rd Ne and E Paces Ferry Rd Ne,(C) Possible Injury / Complaint,Not a Collision with Motor Vehicle,,"[""Intersection Related"",""Pedestrian"",""Impaired (Suspected)""]",0,0,0,1,1,,,Clear,Dry,Dark-Lighted,33.839461,-84.369264
10/2/21 15:53,Atlanta Police Department,Fulton,Atlanta,Marietta St,Marietta St and Northside Pkwy Nw,(C) Possible Injury / Complaint,Not a Collision with Motor Vehicle,,"[""Hit & Run"",""Bicycle"",""Impaired (Suspected)"",""Distracted Driver (Suspected)""]",0,0,0,1,1,,,Cloudy,Dry,Daylight,33.776206,-84.407309
12/27/21 3:50,Atlanta Police Department,Fulton,Atlanta,Piedmont Rd Ne,Piedmont Rd Ne and Lindbergh Way Ne,(A) Suspected Serious Injury,Not a Collision with Motor Vehicle,,"[""Intersection Related"",""Aggressive Driving"",""Hit & Run"",""Pedestrian"",""Impaired (Suspected)""]",0,1,0,0,1,,,Clear,Dry,Dark-Lighted,33.82059,-84.367555
8/7/21 17:00,Atlanta Police Department,Fulton,Atlanta,Ga-237,,(A) Suspected Serious Injury,Not a Collision with Motor Vehicle,,"[""Hit & Run"",""Pedestrian""]",0,1,0,0,1,,,Cloudy,Water (standing or moving),Daylight,33.846115,-84.372622
3/5/21 6:30,Atlanta Police Department,Fulton,Atlanta,Moreland Ave,Vickers St and Moreland Ave,(O) No Injury,Not a Collision with Motor Vehicle,,"[""Intersection Related"",""Pedestrian"",""Distracted Driver (Suspected)"",""Older Driver (55-64)""]",0,0,0,0,1,,,Clear,Dry,Dark-Lighted,33.721804,-84.349479
5/22/21 18:00,Atlanta Police Department,Fulton,Atlanta,Railroad Ave Ne,Lenox Rd and Railroad Ave Ne,(B) Suspected Minor/Visible Injury,Not a Collision with Motor Vehicle,,"[""Intersection Related"",""Roadway Departure"",""Pedestrian"",""Young Adult Driver (Age 20-24)"",""Improper Occupant Protection""]",0,0,1,0,1,,,Clear,Dry,Daylight,33.845564,-84.358574
1/10/21 15:17,Atlanta Police Department,Fulton,Atlanta,Perry Blvd Nw   Mary George Ave,Mary George Ave and Perry Blvd Nw   Mary George Ave,(O) No Injury,Angle (Other),,"[""Intersection Related"",""Pedestrian""]",0,0,0,0,2,,,Clear,Dry,Daylight,33.805775,-84.464621
10/23/21 17:30,Atlanta Police Department,Fulton,Atlanta,Wellbourne Dr Ne,Wildwood Rd Ne and Wellbourne Dr Ne,(B) Suspected Minor/Visible Injury,Not a Collision with Motor Vehicle,,"[""Pedestrian"",""Distracted Driver (Suspected)""]",0,0,1,0,2,,,Clear,Dry,Daylight,33.80379,-84.36008
3/1/21 6:38,Atlanta Police Department,Fulton,Atlanta,2470 Cheshire Bridge Rd,I 85 and 2470 Cheshire Bridge Rd,(O) No Injury,Not a Collision with Motor Vehicle,,"[""Pedestrian"",""Older Driver (55-64)""]",0,0,0,0,1,,,Rain,Wet,Dark-Not Lighted,33.823363,-84.351866
5/25/21 17:08,Atlanta Police Department,Fulton,Atlanta,Pharr Rd Nw,Pharr Rd Nw and Peachtree St Nw,(B) Suspected Minor/Visible Injury,Not a Collision with Motor Vehicle,,"[""Intersection Related"",""Pedestrian"",""Impaired (Suspected)"",""Distracted Driver (Suspected)"",""Improper Occupant Protection""]",0,0,1,0,1,,,Cloudy,Dry,Daylight,33.837254,-84.381337
8/30/21 20:10,Atlanta Police Department,Fulton,Atlanta,Peachtree St,11Th St Ne and Peachtree St,(C) Possible Injury / Complaint,Not a Collision with Motor Vehicle,,"[""Intersection Related"",""Distracted Driver (Confirmed)"",""Pedestrian"",""Improper Occupant Protection""]",0,0,0,1,1,,,Rain,Water (standing or moving),Dark-Lighted,33.783032,-84.383667
5/8/21 14:17,Atlanta Police Department,Fulton,Atlanta,14Th St Nw,14Th St Nw and W Peachtree St Nw,(A) Suspected Serious Injury,Angle (Other),,"[""Intersection Related"",""Pedestrian"",""Young Adult Driver (Age 20-24)"",""Improper Occupant Protection""]",0,1,0,0,2,,,Clear,Dry,Daylight,33.786593,-84.387808
11/28/21 4:10,Atlanta Police Department,Fulton,Atlanta,Piedmont Ave Ne,North Ave Ne and Piedmont Ave Ne,(A) Suspected Serious Injury,Not a Collision with Motor Vehicle,,"[""Intersection Related"",""Distracted Driver (Confirmed)"",""Pedestrian"",""Impaired (Suspected)"",""Improper Occupant Protection""]",0,1,0,0,1,,,Clear,Dry,Dark-Lighted,33.771279,-84.381876