Date and Time,Agency Name (Crash Level) ,Area: County,Area: City,Roadway (From Crash Report),Intersection Name (from Crash Report),KABCO Severity,Manner of Collision (Crash Level) ,First Harmful Event (Crash Level) ,SHSP Emphasis Areas,# of Fatalities (Person Table),# Serious Injuries,# Visible Injuries,# Complaint Injuries,# of Vehicles,Operator / Driver Contributing Factor -old,Roadway Contributing Factors (Crash Level) ,Weather Conditions (Crash Level),Surface Condition (Crash Level) ,Light Conditions (Crash Level),Latitude ,Longitude
12/11/21 20:00,Atlanta Police Department,Fulton,Atlanta,Memorial Dr Se,Memorial Dr Se and Atlanta Beltline Eastside,(B) Suspected Minor/Visible Injury,Not a Collision with Motor Vehicle,,"[""Intersection Related"",""Pedestrian"",""Older Driver (55-64)"",""Improper Occupant Protection""]",0,0,1,0,1,,,Clear,Wet,Dark-Lighted,33.746592,-84.358166
3/9/21 14:47,Atlanta Police Department,Fulton,Atlanta,Stonemont Dr Nw   E Andrews Dr,E Andrews Dr and Stonemont Dr Nw   E Andrews Dr,(O) No Injury,Angle (Other),,Pedestrian,0,0,0,0,2,,,Clear,Dry,Daylight,33.843074,-84.383357
1/4/21 16:06,Atlanta Police Department,Fulton,Atlanta,Moreland Ave Ne   Seaboard Ave,Seaboard Ave and Moreland Ave Ne   Seaboard Ave,(O) No Injury,Angle (Other),,"[""Intersection Related"",""Pedestrian""]",0,0,0,0,1,,,Clear,Dry,Daylight,33.758434,-84.349185
6/8/21 10:30,Atlanta Police Department,Fulton,Atlanta,North Ave Ne,Boulevard Ne and North Ave Ne,(C) Possible Injury / Complaint,Not a Collision with Motor Vehicle,,"[""Intersection Related"",""Hit & Run"",""Pedestrian"",""Impaired (Suspected)"",""Distracted Driver (Suspected)"",""Improper Occupant Protection""]",0,0,0,1,1,,,Cloudy,Wet,Dark-Lighted,33.771169,-84.371774
3/20/21 21:09,Atlanta Police Department,Fulton,Atlanta,Pryor Rd,Pryor Rd and Trinity Ave Sw,(C) Possible Injury / Complaint,Not a Collision with Motor Vehicle,,"[""Intersection Related"",""Hit & Run"",""Bicycle"",""Impaired (Suspected)""]",0,0,0,1,1,,,Clear,Dry,Dark-Lighted,33.749185,-84.392716
10/4/15 0:47,Atlanta Police Department,Fulton,Atlanta,I 20,I 20 and I 7585,(K) Fatal Injury,Angle (Other),,"[""Aggressive Driving"",""Pedestrian"",""Speed Related"",""Improper Occupant Protection""]",1,1,0,0,1,"[""Driver Lost Control"",""No Contributing Factors""]",,Rain,Wet,Dark-Not Lighted,33.74462,-84.399332
1/2/15 16:00,Atlanta Police Department,Fulton,Atlanta,1776 Peachtree,,(C) Possible Injury / Complaint,Sideswipe-Same Direction,,"[""Hit & Run"",""Pedestrian""]",0,0,0,1,1,"[""No Contributing Factors"",""No Contributing Factors""]",,Clear,Dry,Daylight,33.803295,-84.393066
9/3/15 10:39,Atlanta Police Department,Fulton,Atlanta,Piedmont Ave,Linden Ave and Piedmont Ave,(B) Suspected Minor/Visible Injury,Not a Collision with Motor Vehicle,,"[""Intersection Related"",""Pedestrian"",""Distracted Driver (Suspected)"",""Older Driver (55-64)""]",0,0,1,0,1,"[""No Contributing Factors"",""Other""]",,Cloudy,Dry,Daylight,33.769864,-84.382174
11/6/15 19:31,Atlanta Police Department,Fulton,Atlanta,761 761 Sidney Marcus Blvd Ne Blvd,400 and 761 761 Sidney Marcus Blvd Ne Blvd,(C) Possible Injury / Complaint,Not a Collision with Motor Vehicle,,"[""Hit & Run"",""Pedestrian"",""Distracted Driver (Suspected)""]",0,0,0,2,2,"[""No Contributing Factors"",""No Contributing Factors""]",,Cloudy,Dry,Dark-Lighted,33.82571,-84.362528
2/22/15 1:37,Atlanta Police Department,Fulton,Atlanta,3235 Roswell Rd,E Andrews Rd and 3235 Roswell Rd,(B) Suspected Minor/Visible Injury,Not a Collision with Motor Vehicle,,"[""Intersection Related"",""Distracted Driver (Confirmed)"",""Hit & Run"",""Pedestrian"",""Older Driver (55-64)""]",0,0,2,0,2,"[""Inattentive or Other Distraction (Distracted)"",""No Contributing Factors""]",,Rain,Wet,Dark-Lighted,33.843478,-84.379233
9/8/15 3:50,Atlanta Police Department,Fulton,Atlanta,Donald Lee Hollowell Pkwy,Church St and Donald Lee Hollowell Pkwy,(C) Possible Injury / Complaint,Not a Collision with Motor Vehicle,,"[""Intersection Related"",""Pedestrian"",""Distracted Driver (Suspected)""]",0,0,0,1,1,"[""No Contributing Factors"",""Other""]",,Clear,Dry,Dark-Lighted,33.775761,-84.468031
8/19/15 20:01,Atlanta Police Department,Fulton,Atlanta,Peachtree St,Peachtree Pl and Peachtree St,(C) Possible Injury / Complaint,Rear End,,"[""Intersection Related"",""Hit & Run"",""Bicycle"",""Distracted Driver (Suspected)"",""Older Driver (55-64)"",""Improper Occupant Protection""]",0,0,0,1,2,"[""Following Too Close"",""No Contributing Factors""]",,Rain,Dry,Dark-Lighted,33.780743,-84.384097
7/25/15 13:58,Atlanta Police Department,Fulton,Atlanta,1133 Huff Rd,1133 Huff Rd and Ellsworth Ind Blvd,(C) Possible Injury / Complaint,Angle (Other),,"[""Hit & Run"",""Pedestrian""]",0,0,0,1,3,"[""Failure to Yield"",""No Contributing Factors"",""No Contributing Factors""]",,Clear,Dry,Daylight,33.788948,-84.425604
2/2/15 10:00,Atlanta Police Department,Fulton,Atlanta,199 Cleveland Ave,Steele Ave and 199 Cleveland Ave,(O) No Injury,Not a Collision with Motor Vehicle,,"[""Roadway Departure"",""Pedestrian""]",0,0,0,0,1,"[""Misjudged Clearance"",""No Contributing Factors""]",,Cloudy,Dry,Daylight,33.681414,-84.395546
4/29/15 10:30,Atlanta Police Department,Fulton,Atlanta,1352 Avon Ave,Lorenzo Dr and 1352 Avon Ave,(C) Possible Injury / Complaint,Angle (Other),,"[""Intersection Related"",""Pedestrian""]",0,0,0,1,1,"[""Other"",""Other""]",,Rain,Wet,Daylight,33.722406,-84.432536
2/21/15 20:35,Atlanta Police Department,Fulton,Atlanta,W Peachtree St Ne   N Ave,N Ave and W Peachtree St Ne   N Ave,(O) No Injury,Angle (Other),,"[""Intersection Related"",""Pedestrian"",""Older Driver (55-64)""]",0,0,0,0,1,"[""No Contributing Factors"",""No Contributing Factors""]",,Rain,Dry,Dark-Lighted,33.771262,-84.387455
9/11/15 14:42,Atlanta Police Department,Fulton,Atlanta,Ellis St,Ellis St and Peachtree St,(C) Possible Injury / Complaint,Not a Collision with Motor Vehicle,,"[""Distracted Driver (Confirmed)"",""Pedestrian""]",0,0,0,1,1,"[""Inattentive or Other Distraction (Distracted)"",""No Contributing Factors""]",,Clear,Dry,Daylight,33.758428,-84.387179
11/28/15 1:55,Atlanta Police Department,Fulton,Atlanta,49 Boulevard Se Blvd,Gartrell St and 49 Boulevard Se Blvd,(B) Suspected Minor/Visible Injury,Not a Collision with Motor Vehicle,,"[""Intersection Related"",""Hit & Run"",""Pedestrian"",""Distracted Driver (Suspected)""]",0,0,1,0,1,"[""Other"",""Other""]",,Clear,Dry,Dark-Lighted,33.779963,-84.455181
1/1/15 1:15,Atlanta Police Department,Fulton,Atlanta,414 Ponce De Leon Ave,Argonne St and 414 Ponce De Leon Ave,(O) No Injury,Not a Collision with Motor Vehicle,,"[""Hit & Run"",""Pedestrian"",""Distracted Driver (Suspected)""]",0,0,0,0,1,"[""No Contributing Factors"",""No Contributing Factors""]",,Clear,Dry,Dark-Lighted,33.772856,-84.373756
4/27/15 21:23,Atlanta Police Department,Fulton,Atlanta,2563 Martin L King Jr Dr,,(A) Suspected Serious Injury,Head On,,"[""Hit & Run"",""Pedestrian"",""Distracted Driver (Suspected)""]",0,1,0,0,1,"[""No Contributing Factors"",""Other""]",,Clear,Dry,Dark-Lighted,33.753419,-84.471883
6/13/15 11:00,Atlanta Police Department,Fulton,Atlanta,3869 Branch Dr,Line Rd and 3869 Branch Dr,(C) Possible Injury / Complaint,Angle (Other),,Pedestrian,0,0,0,1,1,"[""No Contributing Factors"",""No Contributing Factors""]",,Clear,Dry,Daylight,33.750011,-84.514442
10/3/15 1:16,Gsp Post 00,Fulton,Atlanta,400 N Sidney Marcus Blvd Onl,,(B) Suspected Minor/Visible Injury,Rear End,,"[""Hit & Run"",""Pedestrian"",""Young Adult Driver (Age 20-24)"",""Distracted Driver (Suspected)""]",0,0,1,0,1,"[""No Contributing Factors"",""No Contributing Factors"",""No Contributing Factors""]",,Cloudy,Wet,Dark-Not Lighted,33.831161,-84.360008
11/20/15 19:35,Atlanta Police Department,Fulton,Atlanta,1905 1905 Piedmont Cir Ne Cir,,(A) Suspected Serious Injury,Head On,,"[""Hit & Run"",""Pedestrian"",""Distracted Driver (Suspected)""]",0,1,0,0,1,"[""Other"",""Other""]",,Clear,Dry,Dark-Not Lighted,33.808706,-84.366552
8/12/15 13:20,Gsp Post 00,Fulton,Atlanta,895 Ralph David Abernathy,,(B) Suspected Minor/Visible Injury,Not a Collision with Motor Vehicle,,"[""Intersection Related"",""Pedestrian""]",0,0,2,0,1,"[""Failure to Yield"",""No Contributing Factors"",""No Contributing Factors""]",,Clear,Dry,Daylight,33.738006,-84.417696
10/7/15 8:54,Atlanta Police Department,Fulton,Atlanta,3040 3040 Peachtree Rd Ne Rd,Buckhead Ave and 3040 3040 Peachtree Rd Ne Rd,(B) Suspected Minor/Visible Injury,Angle (Other),,"[""Intersection Related"",""Pedestrian""]",0,0,1,0,1,"[""Failure to Yield"",""No Contributing Factors""]",,Clear,Dry,Daylight,33.838271,-84.380833
2/28/15 23:18,Atlanta Police Department,Fulton,Atlanta,2646 Peyton Rd,,(C) Possible Injury / Complaint,Not a Collision with Motor Vehicle,,"[""Hit & Run"",""Pedestrian"",""Distracted Driver (Suspected)""]",0,0,0,1,1,"[""No Contributing Factors"",""Other""]",,Cloudy,Dry,Dark-Not Lighted,33.808035,-84.474693
2/26/15 13:21,Atlanta Police Department,Fulton,Atlanta,3050 Mlk,,(C) Possible Injury / Complaint,Not a Collision with Motor Vehicle,,"[""Intersection Related"",""Distracted Driver (Confirmed)"",""Older Driver (65+)"",""Pedestrian""]",0,0,0,1,1,"[""Inattentive or Other Distraction (Distracted)"",""No Contributing Factors""]",,Cloudy,Dry,Daylight,33.751421,-84.488067
3/27/15 12:15,Atlanta Police Department,Fulton,Atlanta,757 Cleveland Ave,I 85 and 757 Cleveland Ave,(B) Suspected Minor/Visible Injury,Not a Collision with Motor Vehicle,,"[""Pedestrian"",""Distracted Driver (Suspected)""]",0,0,1,0,1,"[""No Contributing Factors"",""Other""]",,Clear,Dry,Daylight,33.681128,-84.398381
8/19/15 19:09,Atlanta Police Department,Fulton,Atlanta,2841 Greenbriar Pkwy,The Fountainbleau and 2841 Greenbriar Pkwy,(B) Suspected Minor/Visible Injury,Not a Collision with Motor Vehicle,,"[""Intersection Related"",""Pedestrian"",""Distracted Driver (Suspected)"",""Older Driver (55-64)""]",0,0,1,0,1,"[""No Contributing Factors"",""Other""]",,Rain,Wet,Daylight,33.688146,-84.489733
3/27/15 17:10,Atlanta Police Department,Fulton,Atlanta,2625 Piedmont Rd,2625 Piedmont Rd and Sidney Marcus Blvd,(O) No Injury,Not a Collision with Motor Vehicle,,"[""Intersection Related"",""Pedestrian"",""Distracted Driver (Suspected)""]",0,0,0,0,1,"[""Improper Backing"",""No Contributing Factors""]",,Clear,Dry,Daylight,33.825843,-84.367144
1/17/15 17:15,Atlanta Police Department,Fulton,Atlanta,University Ave,I 7585 and University Ave,(C) Possible Injury / Complaint,Not a Collision with Motor Vehicle,,"[""Distracted Driver (Confirmed)"",""Pedestrian"",""Young Adult Driver (Age 20-24)""]",0,0,0,1,1,"[""Inattentive or Other Distraction (Distracted)"",""No Contributing Factors""]",,Clear,Dry,Dusk,33.722136,-84.395662
10/25/15 12:15,Atlanta Police Department,Fulton,Atlanta,Holly St Nw St,14Th St and Holly St Nw St,(B) Suspected Minor/Visible Injury,Not a Collision with Motor Vehicle,,"[""Intersection Related"",""Bicycle"",""Improper Occupant Protection""]",0,0,1,0,2,"[""Improper Turn"",""No Contributing Factors""]",,Cloudy,Dry,Daylight,33.786351,-84.395785
9/16/15 8:10,Atlanta Police Department,Fulton,Atlanta,2256 Barge Rd,,(A) Suspected Serious Injury,Not a Collision with Motor Vehicle,,"[""Intersection Related"",""Aggressive Driving"",""Distracted Driver (Confirmed)"",""Pedestrian"",""Young Adult Driver (Age 20-24)"",""Speed Related""]",0,1,0,0,1,"[""Driver Lost Control"",""No Contributing Factors""]",,Clear,Dry,Daylight,33.694326,-84.506218
10/4/15 2:23,Atlanta Police Department,DeKalb,Atlanta,486 486 Flat Shoals Ave Se Ave,,(B) Suspected Minor/Visible Injury,Not a Collision with Motor Vehicle,,"[""Hit & Run"",""Pedestrian""]",0,0,1,0,1,"[""Failure to Yield"",""No Contributing Factors""]",,Rain,Wet,Dark-Lighted,33.740817,-84.346111
11/14/15 18:04,Atlanta Police Department,Fulton,Atlanta,Hamilton E Holmes Dr,Baker Ridge Dr and Hamilton E Holmes Dr,(A) Suspected Serious Injury,Not a Collision with Motor Vehicle,,"[""Intersection Related"",""Hit & Run"",""Pedestrian"",""Distracted Driver (Suspected)""]",0,1,0,0,1,Other,,Clear,Dry,Dark-Not Lighted,33.770257,-84.473012
10/9/14 8:43,Gsp Post 00,Fulton,Atlanta,I 75,I 75 and S Of Peachtree Battle,(B) Suspected Minor/Visible Injury,Not a Collision with Motor Vehicle,,"[""CMV Related"",""Roadway Departure"",""Hit & Run"",""Pedestrian"",""Distracted Driver (Suspected)""]",0,0,1,2,1,"[""Changed Lanes Improperly"",""No Contributing Factors""]",,Clear,Dry,Daylight,33.82526,-84.424163
12/27/14 18:22,Atlanta Police Department,Fulton,Atlanta,Peachtree Rd,Peachtree Rd and Oak Valley Rd,(C) Possible Injury / Complaint,Angle (Other),,"[""Intersection Related"",""Older Driver (65+)"",""Pedestrian""]",0,0,0,1,1,"[""Other"",""Other""]",,Rain,Wet,Dark-Lighted,33.851627,-84.360773
7/30/14 21:11,Atlanta Police Department,Fulton,Atlanta,2035 Donald Lee Hollowell,Hollywood Rd and 2035 Donald Lee Hollowell,(O) No Injury,(None),,"[""Intersection Related"",""Roadway Departure"",""Pedestrian""]",0,0,0,0,1,"[""No Contributing Factors"",""Other""]",,(None),(None),(None),33.776598,-84.44961
7/16/14 8:15,Atlanta Police Department,Fulton,Atlanta,Peachtree St,15Th St and Peachtree St,(C) Possible Injury / Complaint,Head On,,"[""Intersection Related"",""Pedestrian"",""Distracted Driver (Suspected)"",""Older Driver (55-64)""]",0,0,0,1,1,"[""No Contributing Factors"",""Other""]",,Clear,Dry,Daylight,33.788448,-84.383866
8/16/14 22:36,Atlanta Police Department,Fulton,Atlanta,2110 Campbellton Rd,Delowe Dr and 2110 Campbellton Rd,(B) Suspected Minor/Visible Injury,Not a Collision with Motor Vehicle,,"[""Intersection Related"",""Hit & Run"",""Pedestrian"",""Impaired (Suspected)"",""Distracted Driver (Suspected)"",""Improper Occupant Protection""]",0,0,1,0,1,"[""No Contributing Factors"",""No Contributing Factors""]",,Clear,Dry,Dark-Not Lighted,33.70643,-84.457497
4/18/14 22:02,Atlanta Police Department,Fulton,Atlanta,Parkway Dr,N Ave and Parkway Dr,(B) Suspected Minor/Visible Injury,Not a Collision with Motor Vehicle,,"[""Intersection Related"",""Pedestrian"",""Distracted Driver (Suspected)""]",0,0,1,0,1,"[""No Contributing Factors"",""Other""]",,Rain,Wet,Dark-Lighted,33.771115,-84.372781
8/13/14 20:55,Atlanta Police Department,Fulton,Atlanta,Courtland St Necourtland St,Andrew Young Interna Blvd and Courtland St Necourtland St,(B) Suspected Minor/Visible Injury,Angle (Other),,"[""Intersection Related"",""Hit & Run"",""Pedestrian""]",0,0,2,0,2,"[""No Contributing Factors"",""No Contributing Factors"",""No Contributing Factors"",""Other""]",,Clear,Dry,Daylight,33.75966,-84.384199
9/27/14 18:25,Dekalb Co Police Department,DeKalb,Atlanta,1900 Flat Shoals Rd,1-20 Eb Exit Ramp and 1900 Flat Shoals Rd,(C) Possible Injury / Complaint,Not a Collision with Motor Vehicle,,"[""Pedestrian"",""Distracted Driver (Suspected)""]",0,0,0,1,1,"[""No Contributing Factors"",""No Contributing Factors""]",,Clear,Dry,Daylight,33.727214,-84.324534
2/5/14 18:43,Atlanta Police Department,Fulton,Atlanta,461 Moreland Ave,Metropolitan Ave and 461 Moreland Ave,(C) Possible Injury / Complaint,Angle (Other),,"[""Intersection Related"",""Pedestrian""]",0,0,0,1,1,"[""Improper Turn"",""No Contributing Factors""]",,Clear,Dry,Dark-Lighted,33.74142,-84.349256
9/12/14 8:00,Atlanta Police Department,Fulton,Atlanta,Lindbergh Dr,Plaster Ave and Lindbergh Dr,(C) Possible Injury / Complaint,Not a Collision with Motor Vehicle,,"[""Intersection Related"",""Pedestrian""]",0,0,0,1,1,"[""Failure to Yield"",""No Contributing Factors""]",,Cloudy,Wet,Daylight,33.822816,-84.383256
10/3/14 22:50,Atlanta Police Department,Fulton,Atlanta,1138 Sells Ave,,(B) Suspected Minor/Visible Injury,Not a Collision with Motor Vehicle,,"[""Pedestrian"",""Distracted Driver (Suspected)""]",0,0,1,0,1,"[""No Contributing Factors"",""Other""]",,Cloudy,Dry,Dark-Lighted,33.745262,-84.425019
3/17/14 7:50,Atlanta Police Department,Fulton,Atlanta,Ivan Allen Jr Blvd,Luckie St and Ivan Allen Jr Blvd,(A) Suspected Serious Injury,Not a Collision with Motor Vehicle,,"[""Intersection Related"",""Distracted Driver (Confirmed)"",""Pedestrian""]",0,1,0,0,1,Inattentive or Other Distraction (Distracted),,Rain,Wet,Daylight,33.764567,-84.395992
3/29/14 20:29,Atlanta Police Department,Fulton,Atlanta,520 Fulton St,Humphries St and 520 Fulton St,(C) Possible Injury / Complaint,Not a Collision with Motor Vehicle,,"[""Aggressive Driving"",""Hit & Run"",""Motorcycle"",""Pedestrian"",""Speed Related""]",0,0,0,1,1,"[""No Contributing Factors"",""Too Fast for Conditions""]",,Cloudy,Dry,Dark-Lighted,33.74073,-84.404891
4/3/14 18:04,Atlanta Police Department,Fulton,Atlanta,10Th St,10Th St and Northside Dr,(B) Suspected Minor/Visible Injury,Head On,,"[""Intersection Related"",""Pedestrian""]",0,0,2,0,2,"[""Failure to Yield"",""No Contributing Factors"",""No Contributing Factors""]",,Clear,Dry,Daylight,33.781553,-84.407419
7/8/14 14:29,Atlanta Police Department,Fulton,Atlanta,Piedmont Ave,Piedmont Ave and Ponce De Leon Ave,(C) Possible Injury / Complaint,Not a Collision with Motor Vehicle,,"[""Intersection Related"",""Pedestrian""]",0,0,0,1,1,"[""Failure to Yield"",""No Contributing Factors""]",,Clear,Dry,Daylight,33.772495,-84.381782
5/4/14 17:30,Atlanta Police Department,Fulton,Atlanta,Juniper St,Juniper St and Ponce De Leon Ave,(B) Suspected Minor/Visible Injury,Not a Collision with Motor Vehicle,,"[""Intersection Related"",""Pedestrian"",""Older Driver (55-64)""]",0,0,1,0,1,"[""Failure to Yield"",""No Contributing Factors""]",,Clear,Dry,Daylight,33.772425,-84.383286
1/17/14 18:40,Atlanta Police Department,Fulton,Atlanta,Barge Rd Sw   Campbellton Rd,Barge Rd and Barge Rd Sw   Campbellton Rd,(B) Suspected Minor/Visible Injury,Not a Collision with Motor Vehicle,,"[""Intersection Related"",""Older Driver (65+)"",""Pedestrian""]",0,0,1,0,1,"[""Failure to Yield"",""No Contributing Factors""]",,Clear,Dry,Dark-Lighted,33.690173,-84.506337
1/31/14 19:45,Atlanta Police Department,Fulton,Atlanta,680 Lee St,680 Lee St and Ralph David Abernathy Blvd,(O) No Injury,Head On,,"[""Intersection Related"",""Hit & Run"",""Pedestrian"",""Distracted Driver (Suspected)""]",0,0,0,0,1,"[""Other"",""Other""]",,Clear,Dry,Dark-Lighted,33.738246,-84.414083
10/27/14 13:15,Atlanta Police Department,Fulton,Atlanta,2980 Piedmont Rd,Pharr Rd and 2980 Piedmont Rd,(O) No Injury,Not a Collision with Motor Vehicle,,"[""Intersection Related"",""Hit & Run"",""Pedestrian"",""Improper Occupant Protection""]",0,0,0,0,1,"[""Failure to Yield"",""No Contributing Factors"",""No Contributing Factors"",""No Contributing Factors""]",,Clear,Dry,Daylight,33.836971,-84.368074
10/16/14 16:55,Atlanta Police Department,Fulton,Atlanta,3729 N Camp Creek Pkwy,,(A) Suspected Serious Injury,Angle (Other),,"[""Roadway Departure"",""Pedestrian"",""Young Adult Driver (Age 20-24)"",""Improper Occupant Protection""]",0,1,0,0,2,"[""No Contributing Factors"",""No Contributing Factors"",""No Contributing Factors""]",,Clear,Dry,Daylight,33.675145,-84.510442
11/5/14 11:00,Atlanta Police Department,Fulton,Atlanta,967 Dewey St,Mary St and 967 Dewey St,(B) Suspected Minor/Visible Injury,Not a Collision with Motor Vehicle,,"[""Distracted Driver (Confirmed)"",""Pedestrian"",""Older Driver (55-64)""]",0,0,1,0,1,"[""Inattentive or Other Distraction (Distracted)"",""No Contributing Factors""]",,Cloudy,Dry,Daylight,33.729353,-84.407664
4/21/14 19:20,Atlanta Police Department,DeKalb,Atlanta,Rocky Ford Rd,Rocky Ford Rd and Hosea L Williams Dr,(B) Suspected Minor/Visible Injury,Not a Collision with Motor Vehicle,,"[""Pedestrian"",""Young Driver (Age 15-19)"",""Distracted Driver (Suspected)""]",0,0,1,0,1,"[""No Contributing Factors"",""Other""]",,Clear,Dry,Dusk,33.751161,-84.316612
12/24/14 14:03,Atlanta Police Department,Fulton,Atlanta,Ponce De Leon Ave,Charles Allen Dr and Ponce De Leon Ave,(C) Possible Injury / Complaint,Head On,,"[""Intersection Related"",""Pedestrian""]",0,0,0,1,1,"[""Failure to Yield"",""No Contributing Factors""]",,Cloudy,Wet,Daylight,33.773146,-84.372799
8/18/14 8:44,Atlanta Police Department,Fulton,Atlanta,14Th St,14Th St and Atlantic Dr,(B) Suspected Minor/Visible Injury,Not a Collision with Motor Vehicle,,"[""Intersection Related"",""Pedestrian"",""Young Adult Driver (Age 20-24)""]",0,0,1,1,1,"[""Failure to Yield"",""No Contributing Factors""]",,Cloudy,Dry,Daylight,33.786188,-84.397673
8/28/14 15:30,Atlanta Police Department,Fulton,Atlanta,Martin L King Jr Dr,Central Ave and Martin L King Jr Dr,(B) Suspected Minor/Visible Injury,Not a Collision with Motor Vehicle,,"[""Intersection Related"",""Pedestrian""]",0,0,1,0,1,"[""Improper Turn"",""No Contributing Factors""]",,Clear,Dry,Daylight,33.750827,-84.389904
8/8/14 11:30,Atlanta Police Department,Fulton,Atlanta,Charles Allen Dr,Charles Allen Dr and Ponce De Leon Ave,(C) Possible Injury / Complaint,Angle (Other),,"[""Intersection Related"",""Pedestrian"",""Older Driver (55-64)""]",0,0,0,1,1,"[""Failure to Yield"",""No Contributing Factors""]",,Clear,Dry,Daylight,33.773156,-84.372764
10/11/14 19:15,Atlanta Police Department,Fulton,Atlanta,Monroe Dr,Monroe Dr and Greenwood Ave,(O) No Injury,Angle (Other),,Pedestrian,0,0,0,0,1,"[""No Contributing Factors"",""Other""]",,Clear,Dry,Dark-Lighted,33.776826,-84.370308
10/27/14 12:40,Atlanta Police Department,Fulton,Atlanta,Cleveland Ave Sw   I85 Rp,I 85 and Cleveland Ave Sw   I85 Rp,(B) Suspected Minor/Visible Injury,Angle (Other),,"[""Older Driver (65+)"",""Pedestrian""]",0,0,1,0,1,"[""Disregard Stop Sign/Signal"",""No Contributing Factors""]",,Clear,Dry,Daylight,33.681371,-84.412077
10/7/14 7:00,Atlanta Police Department,DeKalb,Atlanta,E Lake Blvd Se   Memorial Dr,Memorial Dr and E Lake Blvd Se   Memorial Dr,(B) Suspected Minor/Visible Injury,Not a Collision with Motor Vehicle,,"[""Intersection Related"",""Pedestrian"",""Older Driver (55-64)""]",0,0,1,0,1,"[""Failure to Yield"",""No Contributing Factors"",""No Contributing Factors""]",,Clear,Dry,Dark-Lighted,33.747345,-84.314556
5/30/14 16:00,Atlanta Police Department,Fulton,Atlanta,918 Donald Lee Hollowell Pkwy,,(C) Possible Injury / Complaint,Not a Collision with Motor Vehicle,,"[""Intersection Related"",""Pedestrian"",""Distracted Driver (Suspected)"",""Older Driver (55-64)""]",0,0,0,1,1,"[""Other"",""Other""]",,Rain,Wet,Daylight,33.773046,-84.41754
11/13/14 16:42,Atlanta Police Department,Fulton,Atlanta,2324 Donald Lee Hollowell,,(B) Suspected Minor/Visible Injury,Angle (Other),,"[""Roadway Departure"",""Older Driver (65+)"",""Pedestrian""]",0,0,1,1,2,"[""Driver Lost Control"",""No Contributing Factors"",""No Contributing Factors""]",,Clear,Dry,Daylight,33.777113,-84.461493
2/5/14 7:00,Atlanta Police Department,Fulton,Atlanta,E Freedom Pkwy,,(C) Possible Injury / Complaint,Not a Collision with Motor Vehicle,,"[""Intersection Related"",""Pedestrian"",""Older Driver (55-64)""]",0,0,0,1,1,"[""Failure to Yield"",""No Contributing Factors""]",,Rain,Wet,Dawn,33.76891,-84.352529
12/1/14 23:01,Atlanta Police Department,Fulton,Atlanta,1105 Euclid Ave,Colquitt Ave and 1105 Euclid Ave,(B) Suspected Minor/Visible Injury,Rear End,,"[""Distracted Driver (Confirmed)"",""Bicycle"",""Improper Occupant Protection""]",0,0,1,0,2,,,Clear,Dry,Dark-Lighted,33.764001,-84.351024
10/31/14 4:30,Atlanta Police Department,Fulton,Atlanta,8 Peachtree Battle,Peachtree Rd and 8 Peachtree Battle,(O) No Injury,Head On,,"[""Hit & Run"",""Pedestrian"",""Distracted Driver (Suspected)""]",0,0,0,0,1,"[""Driver Lost Control"",""No Contributing Factors""]",,Clear,Dry,Dark-Not Lighted,33.820046,-84.389891
2/25/14 8:40,Atlanta Police Department,Fulton,Atlanta,4005 Campbellton Rd,Butner Rd and 4005 Campbellton Rd,(B) Suspected Minor/Visible Injury,Not a Collision with Motor Vehicle,,"[""Intersection Related"",""Pedestrian"",""Distracted Driver (Suspected)""]",0,0,1,0,1,"[""No Contributing Factors"",""Other""]",,Rain,Wet,Daylight,33.693544,-84.518809
9/26/14 23:30,Atlanta Police Department,Fulton,Atlanta,479 Joseph E Boone Blvd,Northside Dr and 479 Joseph E Boone Blvd,(B) Suspected Minor/Visible Injury,Not a Collision with Motor Vehicle,,"[""Intersection Related"",""Pedestrian"",""Distracted Driver (Suspected)""]",0,0,1,0,1,"[""No Contributing Factors"",""Other"",""Other""]",,Clear,Dry,Dark-Lighted,33.763525,-84.402986
5/4/14 2:33,Atlanta Police Department,Fulton,Atlanta,Moreland Ave Ne   Euclid Ave,Euclid Ave and Moreland Ave Ne   Euclid Ave,(O) No Injury,Not a Collision with Motor Vehicle,,"[""Intersection Related"",""Hit & Run"",""Pedestrian"",""Impaired (Suspected)"",""Distracted Driver (Suspected)""]",0,0,0,0,1,Other,,Clear,Dry,Dark-Lighted,33.764964,-84.349224
12/4/14 17:56,Atlanta Police Department,Fulton,Atlanta,Sydney St,Sydney St and Cherokee Ave,(C) Possible Injury / Complaint,Angle (Other),,"[""Intersection Related"",""Older Driver (65+)"",""Pedestrian""]",0,0,0,1,1,"[""No Contributing Factors"",""Other""]",,Clear,Dry,Daylight,33.741625,-84.373369
11/18/14 20:20,Atlanta Police Department,Fulton,Atlanta,I 75,I 75 and Spring St,(B) Suspected Minor/Visible Injury,Not a Collision with Motor Vehicle,,"[""Pedestrian"",""Distracted Driver (Suspected)""]",0,0,1,0,1,"[""No Contributing Factors"",""Other""]",,Cloudy,Dry,Dark-Lighted,33.767552,-84.388747