Date and Time,Agency Name (Crash Level) ,Area: County,Area: City,Roadway (From Crash Report),Intersection Name (from Crash Report),KABCO Severity,Manner of Collision (Crash Level) ,First Harmful Event (Crash Level) ,SHSP Emphasis Areas,# of Fatalities (Person Table),# Serious Injuries,# Visible Injuries,# Complaint Injuries,# of Vehicles,Operator / Driver Contributing Factor -old,Roadway Contributing Factors (Crash Level) ,Weather Conditions (Crash Level),Surface Condition (Crash Level) ,Light Conditions (Crash Level),Latitude ,Longitude
2/20/17 16:41,Atlanta Police Department,DeKalb,Atlanta,Oakdale Rd,Oakdale Rd and Fairview Rd,(B) Suspected Minor/Visible Injury,Angle (Other),,"[""Intersection Related"",""Bicycle""]",0,0,1,0,2,"[""Failure to Yield"",""No Contributing Factors""]",,Clear,Dry,Daylight,33.772833,-84.341633
6/17/17 1:10,Atlanta Police Department,Fulton,Atlanta,Northside Dr Nw   Cameron M Alexander Blvd,Cameron M Alexander Blvd and Northside Dr Nw   Cameron M Alexander Blvd,(A) Suspected Serious Injury,Not a Collision with Motor Vehicle,,"[""Intersection Related"",""Hit & Run"",""Pedestrian""]",0,1,0,0,1,"[""Improper Turn"",""No Contributing Factors""]",,(None),Dry,Dark-Lighted,33.76819,-84.404837
8/20/17 17:22,Atlanta Police Department,Fulton,Atlanta,2034 Metropolitan Pkwy,,(B) Suspected Minor/Visible Injury,Not a Collision with Motor Vehicle,,"[""Older Driver (65+)"",""Pedestrian"",""Distracted Driver (Suspected)""]",0,0,1,0,1,"[""No Contributing Factors"",""Other""]",,Clear,Dry,Daylight,33.698853,-84.408097
9/19/17 12:52,Atlanta Police Department,Fulton,Atlanta,Central Ave Sw   Trinity Ave,Trinity Ave and Central Ave Sw   Trinity Ave,(A) Suspected Serious Injury,Not a Collision with Motor Vehicle,,"[""Intersection Related"",""Pedestrian"",""Young Adult Driver (Age 20-24)"",""Distracted Driver (Suspected)""]",0,1,0,0,1,"[""No Contributing Factors"",""Other""]",,Clear,Dry,Daylight,33.748588,-84.391611
7/8/17 21:40,Atlanta Police Department,Fulton,Atlanta,Joseph E Lowery Blvd Nw   Harwell St,Harwell St and Joseph E Lowery Blvd Nw   Harwell St,(A) Suspected Serious Injury,Head On,,"[""Intersection Related"",""Hit & Run"",""Pedestrian""]",0,1,0,0,1,"[""Failure to Yield"",""Failure to Yield""]",,Clear,Dry,Dark-Lighted,33.755561,-84.417551
8/17/18 18:36,Atlanta Police Department,Fulton,Atlanta,Sims St Sw   Fletcher St,Fletcher St and Sims St Sw   Fletcher St,(O) No Injury,Angle (Other),,"[""Intersection Related"",""Pedestrian""]",0,0,0,0,1,"[""No Contributing Factors"",""Other""]",,Clear,Dry,Daylight,33.725691,-84.40319
11/18/18 23:33,Atlanta Police Department,Fulton,Atlanta,2275 Joseph E Boone Blvd Nw Lincoln Cemetary,Sewanee Ave and 2275 Joseph E Boone Blvd Nw Lincoln Cemetary,(O) No Injury,Rear End,,"[""Distracted Driver (Confirmed)"",""Hit & Run"",""Pedestrian""]",0,0,0,0,1,,,Clear,(None),Dark-Not Lighted,33.763588,-84.464092
12/29/18 22:37,Atlanta Police Department,Fulton,Atlanta,2080 Donald Lee Hollowell Pkwy,N Eugenia Pl and 2080 Donald Lee Hollowell Pkwy,(K) Fatal Injury,Not a Collision with Motor Vehicle,,"[""Pedestrian"",""Young Driver (Age 15-19)"",""Impaired (Suspected)""]",1,0,0,0,1,,,Clear,Dry,Dark-Lighted,33.776682,-84.45354
6/7/18 14:42,Atlanta Police Department,DeKalb,Atlanta,Memorial Dr,E Lake Blvd and Memorial Dr,(O) No Injury,Not a Collision with Motor Vehicle,,"[""Intersection Related"",""Pedestrian"",""Older Driver (55-64)""]",0,0,0,0,1,"[""Improper Turn"",""Improper Turn""]",,Clear,Dry,Daylight,33.747313,-84.314505
3/9/18 9:24,Hapeville Police Department,Fulton,Atlanta,I 85,I 85 and Sylvan Rd,(B) Suspected Minor/Visible Injury,Not a Collision with Motor Vehicle,,"[""Pedestrian"",""Secondary Crash"",""Distracted Driver (Suspected)""]",0,0,1,0,1,No Contributing Factors,,Clear,Dry,Daylight,33.678522,-84.412574
1/22/18 18:24,Atlanta Police Department,Fulton,Atlanta,11Th St Ne  Peachtree St,,(O) No Injury,Not a Collision with Motor Vehicle,,"[""Intersection Related"",""CMV Related"",""Pedestrian"",""Distracted Driver (Suspected)""]",0,0,0,0,1,No Contributing Factors,,Rain,Wet,Dark-Lighted,33.78319,-84.383847
9/9/18 23:05,Atlanta Police Department,Fulton,Atlanta,Courtland St,Auburn Ave and Courtland St,(O) No Injury,Not a Collision with Motor Vehicle,,"[""Hit & Run"",""Pedestrian""]",0,0,0,0,1,"[""Failure to Yield"",""No Contributing Factors""]",,Cloudy,Dry,Dark-Lighted,33.757552,-84.384234
2/17/18 23:25,Atlanta Police Department,Fulton,Atlanta,3247 Roswell Rd,E Andrews Dr and 3247 Roswell Rd,(O) No Injury,Not a Collision with Motor Vehicle,,"[""Pedestrian"",""Distracted Driver (Suspected)""]",0,0,0,0,1,No Contributing Factors,,Rain,Wet,Dark-Lighted,33.843754,-84.378936
9/16/18 17:40,Atlanta Police Department,Fulton,Atlanta,1247 Joseph E Boone Blvd,Mayson Turner Rd and 1247 Joseph E Boone Blvd,(O) No Injury,Head On,,"[""Pedestrian"",""Distracted Driver (Suspected)""]",0,0,0,0,1,"[""No Contributing Factors"",""Other""]",,Clear,Dry,Daylight,33.764264,-84.428666
6/14/18 13:18,Atlanta Police Department,Fulton,Atlanta,3275 Peachtree Rd,,(O) No Injury,Not a Collision with Motor Vehicle,,"[""Intersection Related"",""Hit & Run"",""Older Driver (65+)"",""Pedestrian""]",0,0,0,0,1,"[""Misjudged Clearance"",""No Contributing Factors""]",,Clear,Dry,Daylight,33.843054,-84.371756
10/25/18 13:25,Atlanta Police Department,Fulton,Atlanta,14Th St,14Th St and Northside Dr,(O) No Injury,Angle (Other),,"[""Intersection Related"",""Pedestrian""]",0,0,0,0,1,"[""Failure to Yield"",""No Contributing Factors""]",,Cloudy,Dry,Daylight,33.786193,-84.407445
9/23/18 15:15,Atlanta Police Department,Fulton,Atlanta,Northside Dr Sw   Markham St,Markham St and Northside Dr Sw   Markham St,(O) No Injury,Not a Collision with Motor Vehicle,,"[""Intersection Related"",""Hit & Run"",""Pedestrian"",""Distracted Driver (Suspected)""]",0,0,0,0,1,"[""No Contributing Factors"",""Other""]",,Clear,Dry,Daylight,33.752879,-84.402815
5/28/18 17:14,Atlanta Police Department,Fulton,Atlanta,2650 Donald Lee Hollowell Pkwy,Regina Dr and 2650 Donald Lee Hollowell Pkwy,(K) Fatal Injury,Not a Collision with Motor Vehicle,,"[""Intersection Related"",""Pedestrian"",""Impaired Driving (Confirmed)""]",1,0,0,0,1,"[""Failure to Yield"",""No Contributing Factors""]",,Cloudy,Dry,Daylight,33.775952,-84.473065
2/8/18 22:45,Atlanta Police Department,Fulton,Atlanta,938 New Town Cir,,(O) No Injury,Not a Collision with Motor Vehicle,,"[""Hit & Run"",""Pedestrian"",""Distracted Driver (Suspected)"",""Improper Occupant Protection""]",0,0,0,0,1,,,Clear,Dry,Dark-Lighted,33.708441,-84.359217
8/30/18 11:38,Atlanta Police Department,Fulton,Atlanta,Courtland St Ne   Andrew Young Interna Blvd,Andrew Young Interna Blvd and Courtland St Ne   Andrew Young Interna Blvd,(C) Possible Injury / Complaint,Angle (Other),,"[""Intersection Related"",""Pedestrian"",""Young Adult Driver (Age 20-24)""]",0,0,0,2,3,"[""Disregard Stop Sign/Signal"",""Disregard Stop Sign/Signal"",""No Contributing Factors"",""No Contributing Factors""]",,Clear,Dry,Daylight,33.759654,-84.384199
11/27/18 17:03,Atlanta Police Department,Fulton,Atlanta,3001 Martin L King Jr Dr,,Unknown,Not a Collision with Motor Vehicle,,Pedestrian,0,0,0,0,1,,,Clear,Dry,Daylight,33.752817,-84.486106
1/26/18 21:33,Atlanta Police Department,Fulton,Atlanta,3208 Martin L King Jr Dr,,(B) Suspected Minor/Visible Injury,Head On,,"[""Intersection Related"",""Pedestrian"",""Young Adult Driver (Age 20-24)"",""Distracted Driver (Suspected)""]",0,0,1,0,1,Other,,Cloudy,Dry,Dark-Lighted,33.752466,-84.492845
10/30/18 7:09,Atlanta Police Department,DeKalb,Atlanta,Ridgecrest Rd,Dekalb Ave and Ridgecrest Rd,Unknown,Not a Collision with Motor Vehicle,,"[""Intersection Related"",""Pedestrian"",""Distracted Driver (Suspected)""]",0,0,0,0,1,,,Clear,Dry,Dark-Not Lighted,33.764612,-84.317042
11/11/18 18:51,Atlanta Police Department,Fulton,Atlanta,400 Fairburn Rd,400 Fairburn Rd and Benjamin E Mays Rd,(O) No Injury,Not a Collision with Motor Vehicle,,"[""Pedestrian"",""Distracted Driver (Suspected)""]",0,0,0,0,1,"[""No Contributing Factors"",""No Contributing Factors"",""No Contributing Factors""]",,Clear,Dry,Dark-Lighted,33.743414,-84.508656
5/26/18 8:39,Atlanta Police Department,Fulton,Atlanta,2095 Barge Rd,,(O) No Injury,Not a Collision with Motor Vehicle,,"[""Hit & Run"",""Pedestrian"",""Impaired (Suspected)"",""Distracted Driver (Suspected)"",""Improper Occupant Protection""]",0,0,0,0,1,No Contributing Factors,,Clear,Dry,Daylight,33.697294,-84.506636
7/9/18 12:30,Gsp Post 00,Fulton,Atlanta,Sr 400,I 85 and Sr 400,(C) Possible Injury / Complaint,Not a Collision with Motor Vehicle,,"[""Roadway Departure"",""Pedestrian"",""Distracted Driver (Suspected)""]",0,0,0,1,1,"[""No Contributing Factors"",""Other""]",,Clear,Dry,Daylight,33.841555,-84.360375
10/22/18 12:37,Atlanta Police Department,Fulton,Atlanta,Courtland St Ne   Ellis St,Ellis St and Courtland St Ne   Ellis St,Unknown,Not a Collision with Motor Vehicle,,"[""Intersection Related"",""Pedestrian""]",0,0,0,0,1,"[""Failure to Yield"",""No Contributing Factors""]",,Clear,Dry,Daylight,33.758382,-84.38422
5/17/18 13:00,Emory Police Department,DeKalb,Atlanta,Lowergate Dr Ne,Clifton Rd Ne and Lowergate Dr Ne,(C) Possible Injury / Complaint,Not a Collision with Motor Vehicle,,"[""Bicycle"",""Distracted Driver (Suspected)"",""Older Driver (55-64)"",""Improper Occupant Protection""]",0,0,0,1,1,"[""No Contributing Factors"",""Other""]",,Cloudy,Dry,Daylight,33.791875,-84.320965
11/30/18 2:17,Atlanta Police Department,Fulton,Atlanta,Campbellton Rd   Barge Rd,Barge Rd and Campbellton Rd   Barge Rd,(B) Suspected Minor/Visible Injury,Rear End,,"[""Intersection Related"",""Pedestrian""]",0,0,1,0,1,,,Cloudy,Wet,Dark-Not Lighted,33.690186,-84.506236
11/6/18 12:04,Atlanta Police Department,Fulton,Atlanta,77 W Paces Ferry Rd,W Paces Ferry Rd and 77 W Paces Ferry Rd,(O) No Injury,Angle (Other),,Pedestrian,0,0,0,0,1,,,Cloudy,Dry,Daylight,33.840225,-84.381881
11/17/18 1:35,Atlanta Police Department,Fulton,Atlanta,I 85,I 85 and Lenox Rd,(K) Fatal Injury,Not a Collision with Motor Vehicle,,Pedestrian,1,0,0,0,1,,,Clear,Dry,Dark-Not Lighted,33.825323,-84.348703
9/4/18 21:00,Atlanta Police Department,Fulton,Atlanta,38 Piedmont Ave,Auburn Ave and 38 Piedmont Ave,(O) No Injury,Not a Collision with Motor Vehicle,,"[""Intersection Related"",""Aggressive Driving"",""Pedestrian""]",0,0,0,0,1,"[""No Contributing Factors"",""Reckless Driving""]",,Clear,Dry,Dark-Lighted,33.755544,-84.382253
10/29/18 18:11,Atlanta Police Department,Fulton,Atlanta,Bolton Rd,Bolton Rd and Moores Mill Rd,(O) No Injury,Not a Collision with Motor Vehicle,,"[""Intersection Related"",""Pedestrian""]",0,0,0,0,1,"[""Failure to Yield"",""No Contributing Factors""]",,Clear,Dry,Daylight,33.820601,-84.451155
10/13/18 14:13,Atlanta Police Department,Fulton,Atlanta,650 Ponce De Leon Ave,,(O) No Injury,Not a Collision with Motor Vehicle,,"[""Distracted Driver (Confirmed)"",""Pedestrian""]",0,0,0,0,1,,,Clear,Dry,Daylight,33.773368,-84.365623
10/17/18 0:51,Atlanta Police Department,Fulton,Atlanta,140 Mount Zion Rd,Embry Way and 140 Mount Zion Rd,(O) No Injury,Not a Collision with Motor Vehicle,,"[""Hit & Run"",""Pedestrian"",""Distracted Driver (Suspected)""]",0,0,0,0,1,"[""Other"",""Other""]",,Clear,Dry,Dark-Not Lighted,33.673444,-84.383956
7/26/18 15:25,Atlanta Police Department,Fulton,Atlanta,Alabama St Sw   Broad St,Broad St and Alabama St Sw   Broad St,(O) No Injury,Not a Collision with Motor Vehicle,,"[""Intersection Related"",""Pedestrian"",""Distracted Driver (Suspected)"",""Older Driver (55-64)""]",0,0,0,0,1,"[""No Contributing Factors"",""Other""]",,Clear,Dry,Daylight,33.753547,-84.391935
4/4/18 4:54,Atlanta Police Department,Fulton,Atlanta,Jonesboro Rd,I 285 and Jonesboro Rd,(O) No Injury,Not a Collision with Motor Vehicle,,"[""Hit & Run"",""Pedestrian"",""Impaired (Suspected)""]",0,0,0,0,1,"Not Visible (Object, Person, or Vehicle)",,Rain,Wet,Dark-Not Lighted,33.651985,-84.366999
9/23/18 17:21,Atlanta Police Department,Fulton,Atlanta,Westview Dr,Westview Dr and Ralph David Abernathy,(O) No Injury,Head On,,"[""Intersection Related"",""Pedestrian"",""Improper Occupant Protection""]",0,0,0,0,1,,,Clear,Dry,Daylight,33.747413,-84.441845
8/29/18 16:28,Atlanta Police Department,Fulton,Atlanta,2426 Bellview Ave,,Unknown,Angle (Other),,"[""Pedestrian"",""Improper Occupant Protection""]",0,0,0,0,1,"[""No Contributing Factors"",""Other""]",,Clear,Dry,Daylight,33.777451,-84.466548
7/22/18 3:09,Atlanta Police Department,Fulton,Atlanta,2201 Martin L King Jr Dr,,(K) Fatal Injury,Not a Collision with Motor Vehicle,,"[""Aggressive Driving"",""Roadway Departure"",""Pedestrian"",""Impaired Driving (Confirmed)"",""Speed Related""]",1,0,0,0,1,"[""Driver Lost Control"",""No Contributing Factors""]",,Clear,Dry,Dark-Lighted,33.752494,-84.464216
9/2/18 12:31,Atlanta Police Department,Fulton,Atlanta,156 Dahlia Ave,,(O) No Injury,Not a Collision with Motor Vehicle,,"[""Aggressive Driving"",""Hit & Run"",""Pedestrian""]",0,0,0,0,1,"[""No Contributing Factors"",""Reckless Driving""]",,Clear,Dry,Daylight,33.758412,-84.462183
8/10/18 7:36,Atlanta Police Department,Fulton,Atlanta,Moores Mill Rd Nw   Ivanhoe Dr,Ivanhoe Dr and Moores Mill Rd Nw   Ivanhoe Dr,(O) No Injury,Not a Collision with Motor Vehicle,,"[""Aggressive Driving"",""Hit & Run"",""Pedestrian"",""Impaired (Suspected)""]",0,0,0,0,1,"[""No Contributing Factors"",""Reckless Driving""]",,Cloudy,Dry,Daylight,33.843393,-84.411238
3/22/18 19:47,Atlanta Police Department,Fulton,Atlanta,Memorial Dr Se   Fraser St,Fraser St and Memorial Dr Se   Fraser St,(K) Fatal Injury,Not a Collision with Motor Vehicle,,"[""Intersection Related"",""Hit & Run"",""Pedestrian"",""Distracted Driver (Suspected)""]",1,0,0,0,1,Other,,Clear,Dry,Daylight,33.746912,-84.386317
3/24/18 19:45,Atlanta Police Department,Fulton,Atlanta,Peathtee St,Brotherton and Peathtee St,(O) No Injury,Not a Collision with Motor Vehicle,,"[""Intersection Related"",""Bicycle"",""Older Driver (55-64)""]",0,0,0,0,2,"[""Disregard Other Traffic Control"",""No Contributing Factors""]",,Cloudy,Dry,Daylight,33.747701,-84.395583
2/10/18 22:41,Atlanta Police Department,Fulton,Atlanta,414 Delevan St,Mcdaniel St and 414 Delevan St,(O) No Injury,Head On,,"[""Intersection Related"",""Hit & Run"",""Pedestrian"",""Distracted Driver (Suspected)""]",0,0,0,0,1,No Contributing Factors,,Cloudy,Wet,Dark-Lighted,33.726888,-84.401641
8/7/18 16:05,Atlanta Police Department,Fulton,Atlanta,Pryor Rd,Pryor Rd and Manford Rd,Unknown,Not a Collision with Motor Vehicle,,"[""Intersection Related"",""Pedestrian"",""Distracted Driver (Suspected)""]",0,0,0,0,1,"[""No Contributing Factors"",""Other""]",,Clear,Dry,Daylight,33.718494,-84.393418
7/25/18 21:28,Atlanta Police Department,Fulton,Atlanta,2362 Herring Rd,,(O) No Injury,Head On,,"[""Hit & Run"",""Pedestrian"",""Distracted Driver (Suspected)""]",0,0,0,0,1,"[""No Contributing Factors"",""Other""]",,Clear,Dry,Dark-Lighted,33.724824,-84.462786
5/10/18 1:42,Atlanta Police Department,Fulton,Atlanta,I 20,I 20 and Capitol Ave,(K) Fatal Injury,Not a Collision with Motor Vehicle,,"[""Pedestrian"",""Distracted Driver (Suspected)""]",1,0,0,0,1,Other,,Clear,Dry,Dark-Lighted,33.744086,-84.387452
9/27/18 16:53,Atlanta Police Department,Fulton,Atlanta,Williams St,Williams St and John Portman Blvd,(O) No Injury,Not a Collision with Motor Vehicle,,"[""Intersection Related"",""Pedestrian""]",0,0,0,0,1,"[""Failure to Yield"",""No Contributing Factors""]",,Rain,Wet,Daylight,33.760974,-84.390554
1/8/18 18:27,Atlanta Police Department,Fulton,Atlanta,Peachtree St,Deering Rd and Peachtree St,(B) Suspected Minor/Visible Injury,Not a Collision with Motor Vehicle,,"[""Intersection Related"",""Pedestrian"",""Older Driver (55-64)""]",0,0,1,0,1,"[""Failure to Yield"",""No Contributing Factors""]",,Rain,Wet,Dark-Lighted,33.799834,-84.392361
3/30/18 18:41,Georgia Tech Police Department,Fulton,Atlanta,10Th St,10Th St and Atlantic Dr,(O) No Injury,Not a Collision with Motor Vehicle,,"[""Intersection Related"",""Aggressive Driving"",""Pedestrian"",""Bicycle"",""Speed Related"",""Improper Occupant Protection""]",0,0,0,0,1,"[""Distracted"",""No Contributing Factors""]",,Clear,Dry,Daylight,33.781508,-84.397711
1/12/18 17:28,Atlanta Police Department,Fulton,Atlanta,2135 Piedmont Rd,Lakeshore Dr and 2135 Piedmont Rd,(K) Fatal Injury,Not a Collision with Motor Vehicle,,"[""Intersection Related"",""Bicycle"",""Secondary Crash"",""Distracted Driver (Suspected)"",""Older Driver (55-64)"",""Improper Occupant Protection""]",1,0,0,0,2,No Contributing Factors,,Clear,Dry,Dark-Lighted,33.815836,-84.366619
9/22/18 19:51,Atlanta Police Department,Fulton,Atlanta,682 Blvd,682 Blvd and Ponce De Leon Ave,(O) No Injury,Angle (Other),,Pedestrian,0,0,0,0,1,"[""Failure to Yield"",""No Contributing Factors""]",,Clear,Dry,Dark-Not Lighted,33.773447,-84.371701
5/6/18 1:49,Atlanta Police Department,Fulton,Atlanta,Roswell Rd Ne   Sardis Way,Sardis Way and Roswell Rd Ne   Sardis Way,(O) No Injury,Not a Collision with Motor Vehicle,,"[""Intersection Related"",""Hit & Run"",""Pedestrian"",""Distracted Driver (Suspected)""]",0,0,0,0,1,"[""No Contributing Factors"",""No Contributing Factors""]",,Clear,Dry,Dark-Lighted,33.840605,-84.379313
8/12/18 14:43,Atlanta Police Department,Fulton,Atlanta,2625 Piedmont Rd,2625 Piedmont Rd and Sydney Marcus Blvd,(O) No Injury,Head On,,"[""Distracted Driver (Confirmed)"",""Older Driver (65+)"",""Pedestrian""]",0,0,0,0,1,"[""Inattentive or Other Distraction (Distracted)"",""No Contributing Factors""]",,Clear,Dry,Daylight,33.827051,-84.367106
2/7/18 8:41,Atlanta Police Department,Fulton,Atlanta,Peachtree St Ne   Ivan Allen Jr Blvd,Ivan Allen Jr Blvd and Peachtree St Ne   Ivan Allen Jr Blvd,(O) No Injury,Angle (Other),,"[""Intersection Related"",""Pedestrian""]",0,0,0,0,1,No Contributing Factors,,Rain,Wet,Daylight,33.764543,-84.385748
10/30/18 17:30,Atlanta Police Department,Fulton,Atlanta,Parkway Dr,N Ave and Parkway Dr,Unknown,Not a Collision with Motor Vehicle,,"[""Intersection Related"",""Pedestrian"",""Secondary Crash"",""Distracted Driver (Suspected)""]",0,0,0,0,1,,,Clear,Dry,Daylight,33.77118,-84.372776
8/12/18 18:23,Atlanta Police Department,Fulton,Atlanta,17Th St,I 85 and 17Th St,(O) No Injury,Angle (Other),,"[""Roadway Departure"",""Pedestrian"",""Impaired (Suspected)""]",0,0,0,0,1,"[""No Contributing Factors"",""Under the Influence (U.I.)""]",,Clear,Dry,Daylight,33.791853,-84.390578
5/15/18 12:41,Atlanta Police Department,Fulton,Atlanta,754 Penn Ave Ne 4Th St,4Th St and 754 Penn Ave Ne 4Th St,(O) No Injury,Sideswipe-Same Direction,,"[""Pedestrian"",""Improper Occupant Protection""]",0,0,0,0,2,No Contributing Factors,,(None),Dry,Daylight,33.77517,-84.37879
10/3/18 12:52,Atlanta Police Department,Fulton,Atlanta,303 Peachtree St,Baker St and 303 Peachtree St,Unknown,Not a Collision with Motor Vehicle,,Pedestrian,0,0,0,0,1,"[""Failure to Yield"",""No Contributing Factors""]",,Clear,Dry,Daylight,33.762644,-84.386476
3/30/18 12:49,Atlanta Police Department,Fulton,Atlanta,324 Edgewood Ave,Fort St and 324 Edgewood Ave,Unknown,Not a Collision with Motor Vehicle,,"[""Intersection Related"",""Roadway Departure"",""Distracted Driver (Confirmed)"",""Pedestrian""]",0,0,0,0,1,Other Exterior Distraction (Distracted),,Clear,(None),Daylight,33.754375,-84.376877
11/8/18 21:09,Atlanta Police Department,Fulton,Atlanta,1058 Howell Mill Rd,,(O) No Injury,Sideswipe-Same Direction,,"[""Distracted Driver (Confirmed)"",""Pedestrian""]",0,0,0,0,1,"[""No Contributing Factors"",""Other Exterior Distraction (Distracted)""]",,Cloudy,Dry,Dusk,33.783462,-84.411791
3/30/18 7:00,Atlanta Police Department,Fulton,Atlanta,Fulton Industrial Blvd,Amber Rd and Fulton Industrial Blvd,(O) No Injury,Not a Collision with Motor Vehicle,,"[""Pedestrian"",""Impaired (Suspected)"",""Distracted Driver (Suspected)""]",0,0,0,0,1,Other,,Clear,Dry,Dark-Not Lighted,33.776048,-84.512886
9/26/18 19:22,Atlanta Police Department,Fulton,Atlanta,Peachtree St,Peachtree St and John Portman Blvd,Unknown,Not a Collision with Motor Vehicle,,"[""Intersection Related"",""Pedestrian"",""Distracted Driver (Suspected)"",""Older Driver (55-64)""]",0,0,0,0,1,"[""No Contributing Factors"",""No Contributing Factors""]",,Rain,Wet,Dark-Lighted,33.760986,-84.387556
10/27/18 20:30,Atlanta Police Department,Fulton,Atlanta,Baker St,Baker St and Marietta St,(O) No Injury,Angle (Other),,"[""Intersection Related"",""Pedestrian""]",0,0,0,0,1,"[""Improper Turn"",""No Contributing Factors""]",,(None),Dry,Dark-Lighted,33.76132,-84.395995
8/26/18 22:12,Dekalb Co Police Department,Fulton,Atlanta,Moreland Ave,Woodstock Rd and Moreland Ave,(K) Fatal Injury,Not a Collision with Motor Vehicle,,"[""Intersection Related"",""Pedestrian"",""Impaired (Suspected)"",""Improper Occupant Protection""]",1,0,0,0,1,,,Clear,Dry,Dark-Not Lighted,33.690252,-84.349302
8/19/18 19:21,Atlanta Police Department,Fulton,Atlanta,355 Blair Villa Dr,Ruby Harper Blvd and 355 Blair Villa Dr,(O) No Injury,Not a Collision with Motor Vehicle,,"[""Hit & Run"",""Pedestrian"",""Distracted Driver (Suspected)"",""Improper Occupant Protection""]",0,0,0,0,1,"[""No Contributing Factors"",""Other""]",,Clear,Dry,Daylight,33.657904,-84.379426
7/21/18 12:42,Atlanta Police Department,Fulton,Atlanta,Forsyth St,Luckie St and Forsyth St,Unknown,Not a Collision with Motor Vehicle,,"[""Intersection Related"",""Pedestrian"",""Distracted Driver (Suspected)""]",0,0,0,0,1,"[""No Contributing Factors"",""No Contributing Factors""]",,Clear,Dry,Daylight,33.756847,-84.389052
8/6/18 13:27,Atlanta Police Department,Fulton,Atlanta,Park Avenue W Nw   Marietta St,Marietta St and Park Avenue W Nw   Marietta St,(O) No Injury,Angle (Other),,"[""Intersection Related"",""Pedestrian""]",0,0,0,0,1,"[""Failure to Yield"",""No Contributing Factors""]",,Cloudy,Dry,Daylight,33.760094,-84.394935
4/2/18 19:20,Atlanta Police Department,Fulton,Atlanta,Peachtree Rd,Peachtree Rd and Peachtree Valley Rd,(O) No Injury,Not a Collision with Motor Vehicle,,"[""Intersection Related"",""Pedestrian"",""Distracted Driver (Suspected)""]",0,0,0,0,1,No Contributing Factors,,Clear,Dry,Daylight,33.810936,-84.392504
8/27/18 15:44,Atlanta Police Department,Fulton,Atlanta,W Peachtree St Ne   Linden Ave,Linden Ave and W Peachtree St Ne   Linden Ave,Unknown,Not a Collision with Motor Vehicle,,"[""Intersection Related"",""Distracted Driver (Confirmed)"",""Pedestrian""]",0,0,0,0,1,"[""Disregard Other Traffic Control"",""No Contributing Factors""]",,Clear,Dry,Daylight,33.769769,-84.387438
4/30/18 12:23,Atlanta Police Department,Fulton,Atlanta,Rickenbacker Way,Wieuca Rd and Rickenbacker Way,(O) No Injury,Not a Collision with Motor Vehicle,,"[""Intersection Related"",""Hit & Run"",""Pedestrian"",""Impaired (Suspected)"",""Distracted Driver (Suspected)""]",0,0,0,0,1,No Contributing Factors,,Clear,Dry,Daylight,33.873144,-84.376519
4/13/18 15:21,Atlanta Police Department,Fulton,Atlanta,794 Marietta St,Bankhead Ave and 794 Marietta St,(O) No Injury,Not a Collision with Motor Vehicle,,"[""Intersection Related"",""Hit & Run"",""Pedestrian"",""Distracted Driver (Suspected)""]",0,0,0,0,1,No Contributing Factors,,Clear,Dry,Daylight,33.77556,-84.406809
7/29/18 1:37,Atlanta Police Department,Fulton,Atlanta,3155 Roswell Rd,,Unknown,Not a Collision with Motor Vehicle,,"[""Pedestrian"",""Impaired Driving (Confirmed)""]",0,0,0,0,1,"[""No Contributing Factors"",""Other""]",,(None),(None),Dark-Not Lighted,33.841184,-84.378516
3/14/18 10:44,Atlanta Police Department,Fulton,Atlanta,Highland Ave,Blvd and Highland Ave,Unknown,Angle (Other),,"[""Intersection Related"",""Pedestrian"",""Older Driver (55-64)""]",0,0,0,0,1,No Contributing Factors,,Clear,Dry,Daylight,33.76135,-84.372027
9/27/18 14:20,Atlanta Police Department,Fulton,Atlanta,440 Markham,,(O) No Injury,Rear End,,"[""Hit & Run"",""Pedestrian"",""Distracted Driver (Suspected)""]",0,0,0,0,1,"[""Improper Backing"",""No Contributing Factors""]",,Cloudy,Dry,Daylight,33.752614,-84.402266
4/9/18 19:01,Atlanta Police Department,Fulton,Atlanta,W Peachtree St,W Peachtree St and Ivan Allen Jr Blvd,(O) No Injury,Not a Collision with Motor Vehicle,,"[""Intersection Related"",""Pedestrian"",""Distracted Driver (Suspected)"",""Older Driver (55-64)""]",0,0,0,0,1,No Contributing Factors,,Clear,Dry,Daylight,33.764543,-84.385748
12/4/18 12:29,Atlanta Police Department,Fulton,Atlanta,Montgomery Ferry Rd Ne   Monroe Dr,Monroe Dr and Montgomery Ferry Rd Ne   Monroe Dr,(O) No Injury,Not a Collision with Motor Vehicle,,"[""Intersection Related"",""Pedestrian"",""Older Driver (55-64)""]",0,0,0,0,1,,,Clear,Dry,Daylight,33.801837,-84.372302
7/16/18 9:36,Atlanta Police Department,Fulton,Atlanta,411 Ponce De Leon Ave,,Unknown,Not a Collision with Motor Vehicle,,"[""Older Driver (65+)"",""Pedestrian""]",0,0,0,0,1,"[""Failure to Yield"",""No Contributing Factors""]",,Clear,Dry,Daylight,33.772364,-84.373796
3/16/18 21:15,Atlanta Police Department,Fulton,Atlanta,1920 Howell Mill Rd,Channing Dr and 1920 Howell Mill Rd,(O) No Injury,Not a Collision with Motor Vehicle,,"[""Pedestrian"",""Distracted Driver (Suspected)"",""Older Driver (55-64)""]",0,0,0,0,1,Other,,Clear,Dry,Dark-Lighted,33.807313,-84.412739
9/14/18 9:03,Atlanta Police Department,Fulton,Atlanta,Central Ave,Decatur St and Central Ave,Unknown,Not a Collision with Motor Vehicle,,"[""Intersection Related"",""Distracted Driver (Confirmed)"",""Pedestrian"",""Impaired (Suspected)""]",0,0,0,0,1,"[""Inattentive or Other Distraction (Distracted)"",""No Contributing Factors""]",,Clear,Dry,Daylight,33.75311,-84.387644