Date and Time,Agency Name (Crash Level) ,Area: County,Area: City,Roadway (From Crash Report),Intersection Name (from Crash Report),KABCO Severity,Manner of Collision (Crash Level) ,First Harmful Event (Crash Level) ,SHSP Emphasis Areas,# of Fatalities (Person Table),# Serious Injuries,# Visible Injuries,# Complaint Injuries,# of Vehicles,Operator / Driver Contributing Factor -old,Roadway Contributing Factors (Crash Level) ,Weather Conditions (Crash Level),Surface Condition (Crash Level) ,Light Conditions (Crash Level),Latitude ,Longitude
5/18/18 20:26,Atlanta Police Department,Fulton,Atlanta,Dill Ave Sw   Athens Ave,Athens Ave and Dill Ave Sw   Athens Ave,(O) No Injury,Not a Collision with Motor Vehicle,,"[""Intersection Related"",""Hit & Run"",""Pedestrian"",""Impaired Driving (Confirmed)"",""Improper Occupant Protection""]",0,0,0,0,1,No Contributing Factors,,Clear,Dry,Daylight,33.718286,-84.408876
3/19/18 16:04,Atlanta Police Department,Fulton,Atlanta,Lawton St,Lawton St and Ralph D Abernathy Blvd,Unknown,Not a Collision with Motor Vehicle,,"[""Intersection Related"",""Older Driver (65+)"",""Pedestrian"",""Distracted Driver (Suspected)""]",0,0,0,0,1,Other,,Cloudy,Dry,Daylight,33.738382,-84.423354
5/3/18 18:00,Atlanta Police Department,Fulton,Atlanta,3333 Peachtree Rd,,(O) No Injury,Not a Collision with Motor Vehicle,,"[""Pedestrian"",""Young Adult Driver (Age 20-24)"",""Distracted Driver (Suspected)""]",0,0,0,0,1,No Contributing Factors,,Cloudy,Dry,Daylight,33.846275,-84.368319
11/6/18 9:03,Atlanta Police Department,Fulton,Atlanta,Mitchell St Sw   Pryor St,Pryor St and Mitchell St Sw   Pryor St,(O) No Injury,Angle (Other),,"[""Intersection Related"",""Pedestrian""]",0,0,0,0,1,,,Rain,Wet,Daylight,33.750285,-84.391839
11/7/18 21:38,Atlanta Police Department,Fulton,Atlanta,N Ave,N Ave and Peachtree St,Unknown,Not a Collision with Motor Vehicle,,"[""Intersection Related"",""Pedestrian"",""Distracted Driver (Suspected)""]",0,0,0,0,1,"[""No Contributing Factors"",""No Contributing Factors""]",,Cloudy,Wet,Dusk,33.771287,-84.384996
12/12/18 8:38,Atlanta Police Department,Fulton,Atlanta,Auburn Ave,Auburn Ave and Courtland St,(C) Possible Injury / Complaint,Angle (Other),,"[""Intersection Related"",""Bicycle"",""Improper Occupant Protection""]",0,0,0,1,2,"[""No Contributing Factors"",""No Signal/Improper Signal""]",,Clear,Dry,Daylight,33.755564,-84.384268
3/31/18 2:56,Atlanta Police Department,Fulton,Atlanta,5Th St,5Th St and 1 St Ave,(O) No Injury,Not a Collision with Motor Vehicle,,"[""Intersection Related"",""Hit & Run"",""Pedestrian"",""Distracted Driver (Suspected)"",""Improper Occupant Protection""]",0,0,0,0,1,Other,,Clear,Dry,Dark-Not Lighted,33.674614,-84.400926
1/29/18 16:25,Atlanta Police Department,Fulton,Atlanta,Howell Mill Rd Nw   14Th St,14Th St and Howell Mill Rd Nw   14Th St,(O) No Injury,Angle (Other),,"[""Intersection Related"",""Pedestrian""]",0,0,0,0,1,Disregard Stop Sign/Signal,,Clear,Dry,Daylight,33.785772,-84.411645
4/27/18 22:28,Atlanta Police Department,Fulton,Atlanta,35 Hamilton E Holmes Dr,,(O) No Injury,Not a Collision with Motor Vehicle,,"[""Roadway Departure"",""Hit & Run"",""Pedestrian"",""Distracted Driver (Suspected)""]",0,0,0,0,1,,,(None),Dry,Dark-Not Lighted,33.752581,-84.467431
1/24/18 14:00,Atlanta Police Department,Fulton,Atlanta,1800 Howell Mill Rd,,(O) No Injury,Not a Collision with Motor Vehicle,,"[""Hit & Run"",""Pedestrian"",""Distracted Driver (Suspected)""]",0,0,0,0,1,Other,,Clear,Dry,Daylight,33.804509,-84.413589
12/20/18 14:52,Atlanta Police Department,Fulton,Atlanta,3398 Piedmont Rd,,(O) No Injury,Not a Collision with Motor Vehicle,,"[""Pedestrian"",""Distracted Driver (Suspected)""]",0,0,0,0,1,"[""No Contributing Factors"",""Other""]",,Rain,Wet,Daylight,33.847114,-84.373846
8/6/18 20:45,Atlanta Police Department,DeKalb,Atlanta,Fayetteville,Brannen Rd and Fayetteville,Unknown,Not a Collision with Motor Vehicle,,"[""Intersection Related"",""Pedestrian"",""Distracted Driver (Suspected)""]",0,0,0,0,1,"[""No Contributing Factors"",""Other""]",,Clear,Dry,Dark-Not Lighted,33.718986,-84.329951
8/24/18 12:04,Atlanta Police Department,Fulton,Atlanta,John Portman Blvd Ne   Peachtree St,Peachtree St and John Portman Blvd Ne   Peachtree St,(O) No Injury,Sideswipe-Same Direction,,"[""Intersection Related"",""Pedestrian""]",0,0,0,0,1,"[""No Contributing Factors"",""Other""]",,Clear,Dry,Daylight,33.760975,-84.387562
11/26/18 13:12,Atlanta Police Department,Fulton,Atlanta,Cheshire Bridge Rd,Sheridan Rd and Cheshire Bridge Rd,(O) No Injury,Not a Collision with Motor Vehicle,,"[""Pedestrian"",""Distracted Driver (Suspected)""]",0,0,0,0,1,"[""No Contributing Factors"",""Other""]",,Cloudy,Dry,Daylight,33.821684,-84.352006
1/11/18 18:20,Atlanta Police Department,Fulton,Atlanta,17Th St,I 85 and 17Th St,(O) No Injury,Angle (Other),,"[""Hit & Run"",""Pedestrian""]",0,0,0,0,1,No Contributing Factors,,Clear,Dry,Dark-Lighted,33.791301,-84.392691
11/26/18 18:44,Atlanta Police Department,Fulton,Atlanta,Peachtree Walk Ne   12Th St,12Th St and Peachtree Walk Ne   12Th St,(O) No Injury,Not a Collision with Motor Vehicle,,"[""Intersection Related"",""Pedestrian"",""Distracted Driver (Suspected)""]",0,0,0,0,1,,,Clear,Dry,Dawn,33.784551,-84.386283
1/9/18 15:10,Atlanta Police Department,Fulton,Atlanta,2110 Peachtree Rd,,(O) No Injury,Not a Collision with Motor Vehicle,,"[""Intersection Related"",""Hit & Run"",""Pedestrian""]",0,0,0,0,3,"[""Failure to Yield"",""Following Too Close"",""No Contributing Factors""]",,Clear,Dry,Daylight,33.812214,-84.392251
11/9/18 17:52,Atlanta Police Department,Fulton,Atlanta,Grandview Ave,Grandview Ave and E Paces Ferry Rd,(O) No Injury,Angle (Other),,"[""Intersection Related"",""Pedestrian""]",0,0,0,0,1,"[""No Contributing Factors"",""Other""]",,Clear,Wet,Dark-Lighted,33.839331,-84.376444
8/6/18 11:41,Atlanta Police Department,Fulton,Atlanta,Peachtree Pl,Peachtree Pl and W Peachtree St,(O) No Injury,Not a Collision with Motor Vehicle,,"[""Intersection Related"",""Pedestrian""]",0,0,0,0,1,"[""Failure to Yield"",""No Contributing Factors""]",,Clear,Dry,Daylight,33.780723,-84.387507
5/3/18 22:54,Atlanta Police Department,Fulton,Atlanta,21 Peachtree Pl,10Th St and 21 Peachtree Pl,(O) No Injury,Not a Collision with Motor Vehicle,,"[""Hit & Run"",""Pedestrian"",""Distracted Driver (Suspected)""]",0,0,0,0,1,No Contributing Factors,,Clear,Dry,Dark-Lighted,33.780904,-84.388006
8/27/18 16:44,Atlanta Police Department,Fulton,Atlanta,Myrtle St,10Th St and Myrtle St,(O) No Injury,Not a Collision with Motor Vehicle,,"[""Intersection Related"",""Older Driver (65+)"",""Pedestrian"",""Distracted Driver (Suspected)""]",0,0,0,0,1,"[""Other"",""Other""]",,Clear,Dry,Daylight,33.781788,-84.379409
10/31/18 15:36,Atlanta Police Department,Fulton,Atlanta,Pritchard Way,Oak Vly and Pritchard Way,(O) No Injury,Not a Collision with Motor Vehicle,,"[""Intersection Related"",""Pedestrian""]",0,0,0,0,1,"[""Failure to Yield"",""No Contributing Factors""]",,Clear,Dry,Daylight,33.850532,-84.360079
10/18/18 13:13,Atlanta Police Department,Fulton,Atlanta,Campbellton Rd Sw   Delowe Dr,Delowe Dr and Campbellton Rd Sw   Delowe Dr,(O) No Injury,Not a Collision with Motor Vehicle,,"[""Intersection Related"",""Older Driver (65+)"",""Pedestrian""]",0,0,0,0,1,"[""Failure to Yield"",""No Contributing Factors""]",,Clear,Dry,Daylight,33.706424,-84.457449
6/23/18 3:21,Atlanta Police Department,Fulton,Atlanta,1117 Lee St,,(O) No Injury,Not a Collision with Motor Vehicle,,"[""Distracted Driver (Confirmed)"",""Hit & Run"",""Pedestrian"",""Improper Occupant Protection""]",0,0,0,0,1,"[""Inattentive or Other Distraction (Distracted)"",""Other""]",,Cloudy,Dry,Dark-Lighted,33.724584,-84.421066
2/17/18 22:40,Atlanta Police Department,Fulton,Atlanta,44 Broad St,,(O) No Injury,Not a Collision with Motor Vehicle,,"[""Pedestrian"",""Young Driver (Age 15-19)"",""Distracted Driver (Suspected)""]",0,0,0,0,1,No Contributing Factors,,Rain,Wet,Dark-Lighted,33.752916,-84.392378
9/24/18 8:26,South Fulton Police Department,Fulton,Atlanta,3620 Jonesboro Rd,Bethsaida Rd and 3620 Jonesboro Rd,(B) Suspected Minor/Visible Injury,Not a Collision with Motor Vehicle,,"[""Distracted Driver (Confirmed)"",""Pedestrian""]",0,0,1,0,1,"[""Inattentive or Other Distraction (Distracted)"",""No Contributing Factors""]",,Clear,Dry,Daylight,33.656224,-84.369182
8/19/18 1:03,Atlanta Police Department,Fulton,Atlanta,2595 Donald Lee Hollowell Pkwy,,(O) No Injury,Head On,,"[""Intersection Related"",""Pedestrian"",""Distracted Driver (Suspected)""]",0,0,0,0,1,"[""No Contributing Factors"",""Other""]",,Clear,Dry,Dark-Lighted,33.775394,-84.471658
2/2/18 11:12,Atlanta Police Department,Fulton,Atlanta,3419 Northside Pkwy,W Paces Ferry Rd and 3419 Northside Pkwy,Unknown,Not a Collision with Motor Vehicle,,"[""Pedestrian"",""Distracted Driver (Suspected)""]",0,0,0,0,1,Other,,Clear,Dry,Daylight,33.847231,-84.42916
12/4/18 14:55,Atlanta Police Department,Fulton,Atlanta,Jesse Hill Jr Dr Se   Coca Cola Pl,Coca Cola Pl and Jesse Hill Jr Dr Se   Coca Cola Pl,(O) No Injury,Angle (Other),,"[""Intersection Related"",""Pedestrian""]",0,0,0,0,1,,,Clear,Dry,Daylight,33.753682,-84.381028
3/22/18 7:22,Atlanta Police Department,Fulton,Atlanta,Jackson St,Jackson St and Highland Ave,(O) No Injury,Not a Collision with Motor Vehicle,,"[""Intersection Related"",""Pedestrian"",""Distracted Driver (Suspected)""]",0,0,0,0,1,No Contributing Factors,,Clear,Dry,Daylight,33.761384,-84.374276
11/29/18 15:12,Atlanta Police Department,Fulton,Atlanta,Peachtree St Sw   Martin L King Jr Dr,Broad St and Peachtree St Sw   Martin L King Jr Dr,(O) No Injury,Not a Collision with Motor Vehicle,,"[""Intersection Related"",""Pedestrian"",""Distracted Driver (Suspected)""]",0,0,0,0,1,,,Clear,Dry,Daylight,33.752064,-84.392137
1/11/18 18:21,Atlanta Police Department,Fulton,Atlanta,Fulton St,Fulton St and Whitehall Ter,(O) No Injury,Not a Collision with Motor Vehicle,,"[""Intersection Related"",""Pedestrian"",""Young Driver (Age 15-19)"",""Distracted Driver (Suspected)""]",0,0,0,0,1,No Contributing Factors,,Clear,Wet,Dark-Lighted,33.742007,-84.401927
12/21/18 9:54,Atlanta Police Department,Fulton,Atlanta,349 Decatur St,,(O) No Injury,Not a Collision with Motor Vehicle,,"[""Distracted Driver (Confirmed)"",""Pedestrian"",""Young Driver (Age 15-19)""]",0,0,0,0,1,"[""Inattentive or Other Distraction (Distracted)"",""No Contributing Factors""]",,Rain,Wet,Daylight,33.749924,-84.377056
4/9/18 6:54,Atlanta Police Department,Fulton,Atlanta,W Peachtree St,Linden Ave and W Peachtree St,(O) No Injury,Not a Collision with Motor Vehicle,,"[""Intersection Related"",""Pedestrian"",""Distracted Driver (Suspected)"",""Older Driver (55-64)""]",0,0,0,0,1,No Contributing Factors,,Rain,Wet,Dark-Not Lighted,33.769764,-84.387438
9/19/18 11:07,Atlanta Police Department,Fulton,Atlanta,Spring St,Spring St and Peachtree St,(O) No Injury,Not a Collision with Motor Vehicle,,"[""Distracted Driver (Confirmed)"",""Older Driver (65+)"",""Pedestrian""]",0,0,0,0,1,,,Clear,Dry,Daylight,33.796558,-84.389011
8/4/18 16:51,Atlanta Police Department,Fulton,Atlanta,Lindbergh Dr Ne   Piedmont Rd,Piedmont Rd and Lindbergh Dr Ne   Piedmont Rd,Unknown,Not a Collision with Motor Vehicle,,"[""Intersection Related"",""Pedestrian""]",0,0,0,0,1,"[""Failure to Yield"",""No Contributing Factors""]",,Clear,Wet,Daylight,33.821436,-84.367394
4/16/18 19:40,Atlanta Police Department,Fulton,Atlanta,980 Martin L King Jr Dr Sr139,White House Dr and 980 Martin L King Jr Dr Sr139,(K) Fatal Injury,Not a Collision with Motor Vehicle,,"[""Intersection Related"",""Pedestrian"",""Young Adult Driver (Age 20-24)"",""Distracted Driver (Suspected)""]",1,0,0,0,1,Other,,Clear,Dry,Dusk,33.754754,-84.419681
1/3/18 18:42,Atlanta Police Department,Fulton,Atlanta,University Ave,Sims St and University Ave,(A) Suspected Serious Injury,Not a Collision with Motor Vehicle,,"[""Intersection Related"",""Pedestrian"",""Distracted Driver (Suspected)""]",0,1,0,0,1,"[""No Contributing Factors"",""No Contributing Factors""]",,Clear,Dry,Daylight,33.722156,-84.403381
4/27/18 17:50,Atlanta Police Department,Fulton,Atlanta,Cheshire Bridge Rd,Lenox Rd and Cheshire Bridge Rd,(O) No Injury,Not a Collision with Motor Vehicle,,"[""Intersection Related"",""Pedestrian"",""Young Adult Driver (Age 20-24)"",""Distracted Driver (Suspected)""]",0,0,0,0,1,No Contributing Factors,,Clear,Dry,Daylight,33.816771,-84.35224
1/24/18 6:08,Atlanta Police Department,Fulton,Atlanta,I 7585,I 7585 and Edgewood Ave,Unknown,Not a Collision with Motor Vehicle,,"[""Pedestrian"",""Distracted Driver (Suspected)"",""Older Driver (55-64)""]",0,0,0,0,1,Other,,Clear,Dry,Dawn,33.753995,-84.378447
6/4/18 7:47,Atlanta Police Department,Fulton,Atlanta,Peachtree St,Alabama St and Peachtree St,Unknown,Not a Collision with Motor Vehicle,,"[""Pedestrian"",""Distracted Driver (Suspected)""]",0,0,0,0,1,Other,,Clear,Dry,Daylight,33.752094,-84.389546
12/31/18 10:24,Atlanta Police Department,Fulton,Atlanta,Ralph D Abernathy Blvd,Pulliam St and Ralph D Abernathy Blvd,(C) Possible Injury / Complaint,Angle (Other),,"[""Older Driver (65+)"",""Bicycle""]",0,0,0,2,2,"[""Disregard Stop Sign/Signal"",""Disregard Stop Sign/Signal""]",,Cloudy,Wet,Daylight,33.736796,-84.392605
5/8/18 17:20,Atlanta Police Department,Fulton,Atlanta,2523 Laurel Cir,,(O) No Injury,Angle (Other),,"[""Hit & Run"",""Pedestrian"",""Improper Occupant Protection""]",0,0,0,0,1,No Contributing Factors,,Rain,Wet,Daylight,33.755812,-84.470925
4/29/18 14:21,Atlanta Police Department,Fulton,Atlanta,Cascade Rd Sw   Adams Dr,Adams Dr and Cascade Rd Sw   Adams Dr,(C) Possible Injury / Complaint,Angle (Other),,"[""Intersection Related"",""Pedestrian""]",0,0,0,1,2,No Contributing Factors,,Clear,Dry,Daylight,33.719877,-84.486349
2/8/18 20:58,Atlanta Police Department,Fulton,Atlanta,840 3Rd St,,(O) No Injury,Angle (Other),,"[""Pedestrian"",""Improper Occupant Protection""]",0,0,0,0,2,No Contributing Factors,,Clear,Dry,Dark-Lighted,33.777743,-84.407678
10/4/18 6:31,Atlanta Police Department,DeKalb,Atlanta,Glenwood Ave,Parker Ave and Glenwood Ave,(O) No Injury,Angle (Other),,"[""Intersection Related"",""Pedestrian""]",0,0,0,0,1,"[""Failure to Yield"",""No Contributing Factors""]",,Clear,Dry,Dark-Lighted,33.739822,-84.300366
7/3/19 17:04,Atlanta Police Department,Fulton,Atlanta,2051 James Jackson Pkwy,,(O) No Injury,Head On,,"[""Distracted Driver (Confirmed)"",""Older Driver (65+)"",""Pedestrian""]",0,0,0,0,1,"[""Inattentive or Other Distraction (Distracted)"",""No Contributing Factors""]",,Clear,Dry,Daylight,33.811894,-84.475856
1/19/19 20:05,Atlanta Police Department,Fulton,Atlanta,Cascade Ave,Rogers Ave and Cascade Ave,Unknown,Not a Collision with Motor Vehicle,,"[""Intersection Related"",""Aggressive Driving"",""Pedestrian"",""Impaired Driving (Confirmed)"",""Speed Related""]",0,0,0,0,1,,,Rain,Wet,Dark-Lighted,33.737238,-84.435723
1/1/19 1:24,Atlanta Police Department,Fulton,Atlanta,I 85,I 85 and Sr 400,(K) Fatal Injury,Not a Collision with Motor Vehicle,,"[""Pedestrian"",""Impaired (Suspected)""]",1,0,0,0,1,,,Clear,Dry,Dark-Lighted,33.819801,-84.360119
11/22/19 17:01,Atlanta Police Department,Fulton,Atlanta,Central Ave,Central Ave and Martin L King Jr Dr,(O) No Injury,Not a Collision with Motor Vehicle,,"[""Intersection Related"",""Pedestrian""]",0,0,0,0,1,"[""Failure to Yield"",""No Contributing Factors""]",,Cloudy,Wet,Daylight,33.750786,-84.389871
6/8/19 13:21,Atlanta Police Department,Fulton,Atlanta,W Peachtree St Ne   N Ave,N Ave and W Peachtree St Ne   N Ave,(O) No Injury,Angle (Other),,"[""Intersection Related"",""Pedestrian""]",0,0,0,0,1,,,Rain,Wet,Daylight,33.771271,-84.387417
8/30/19 14:05,Atlanta Police Department,Fulton,Atlanta,Peachtree Rd,26Th St and Peachtree Rd,(O) No Injury,Not a Collision with Motor Vehicle,,"[""Intersection Related"",""Hit & Run"",""Pedestrian"",""Secondary Crash"",""Distracted Driver (Suspected)""]",0,0,0,0,1,"[""No Contributing Factors"",""Other""]",,Clear,Dry,Daylight,33.802653,-84.392892
4/3/19 15:21,Atlanta Police Department,Fulton,Atlanta,Courtland St Ne   Edgewood Ave,Edgewood Ave and Courtland St Ne   Edgewood Ave,(O) No Injury,Not a Collision with Motor Vehicle,,"[""Intersection Related"",""Pedestrian"",""Distracted Driver (Suspected)""]",0,0,0,0,1,,,Clear,Dry,Daylight,33.754467,-84.384319
1/12/19 13:36,Atlanta Police Department,DeKalb,Atlanta,Dekalb Ave,Dekalb Ave and Moreland Ave,(O) No Injury,Not a Collision with Motor Vehicle,,Pedestrian,0,0,0,0,1,"[""Failure to Yield"",""No Contributing Factors""]",,Rain,Dry,Daylight,33.760134,-84.349142
2/16/19 12:41,Atlanta Police Department,Fulton,Atlanta,Blvd,Blvd and Wabash Ave,(C) Possible Injury / Complaint,Angle (Other),,"[""Intersection Related"",""Bicycle"",""Older Driver (55-64)"",""Improper Occupant Protection""]",0,0,0,1,2,,,Clear,Dry,Daylight,33.764852,-84.372225
10/31/19 15:06,Atlanta Police Department,Fulton,Atlanta,Peachtree Rd,Brighton Rd and Peachtree Rd,(O) No Injury,Not a Collision with Motor Vehicle,,"[""Hit & Run"",""Pedestrian""]",0,0,0,0,1,"[""Failure to Yield"",""Failure to Yield""]",,Rain,Wet,Daylight,33.807474,-84.393256
2/3/19 1:28,Atlanta Police Department,Fulton,Atlanta,Roswell Rd Ne   E Andrews Dr,E Andrews Dr and Roswell Rd Ne   E Andrews Dr,(O) No Injury,Not a Collision with Motor Vehicle,,"[""Intersection Related"",""Distracted Driver (Confirmed)"",""Hit & Run"",""Pedestrian"",""Impaired Driving (Confirmed)""]",0,0,0,0,1,,,(None),(None),Dark-Lighted,33.843637,-84.379287
1/26/19 16:59,Atlanta Police Department,Fulton,Atlanta,546 Highland Ave,Prospect Pl and 546 Highland Ave,Unknown,Angle (Other),,"[""Aggressive Driving"",""Roadway Departure"",""Distracted Driver (Confirmed)"",""Pedestrian"",""Young Adult Driver (Age 20-24)""]",0,0,0,0,6,"[""No Contributing Factors"",""No Contributing Factors"",""No Contributing Factors"",""No Contributing Factors"",""No Contributing Factors"",""No Contributing Factors"",""Other Activity - Mobile Device (Distracted)""]",,Clear,Dry,Daylight,33.761534,-84.369456
7/15/19 12:50,Atlanta Police Department,Fulton,Atlanta,Donald Lee Hollowell Pkwy Nw   Regina Dr,Regina Dr and Donald Lee Hollowell Pkwy Nw   Regina Dr,Unknown,Not a Collision with Motor Vehicle,,"[""Intersection Related"",""Distracted Driver (Confirmed)"",""Pedestrian""]",0,0,0,0,1,,,Clear,Dry,Daylight,33.775952,-84.473065
5/4/19 21:30,Atlanta Police Department,Fulton,Atlanta,Peachtree St Ne   Deering Rd,Deering Rd and Peachtree St Ne   Deering Rd,(C) Possible Injury / Complaint,Angle (Other),,"[""Intersection Related"",""Bicycle"",""Older Driver (55-64)""]",0,0,0,1,2,,,Rain,Wet,Dark-Lighted,33.799778,-84.392418
3/5/19 17:08,Atlanta Police Department,Fulton,Atlanta,Peachtree St Sw   Mitchell St,Mitchell St and Peachtree St Sw   Mitchell St,(O) No Injury,Not a Collision with Motor Vehicle,,"[""Intersection Related"",""Pedestrian""]",0,0,0,0,1,,,Clear,Dry,Daylight,33.750938,-84.393028
3/5/19 17:59,Atlanta Police Department,Fulton,Atlanta,Lenox Rd,Lenox Rd and Kingsboro Rd,(O) No Injury,Angle (Other),,"[""Intersection Related"",""Hit & Run"",""Pedestrian""]",0,0,0,0,1,"[""No Contributing Factors"",""No Contributing Factors""]",,Clear,Dry,Daylight,33.843481,-84.358151
6/27/19 14:02,Atlanta Police Department,Fulton,Atlanta,Moreland Ave,Seaboard Ave and Moreland Ave,(O) No Injury,Not a Collision with Motor Vehicle,,"[""Intersection Related"",""Pedestrian"",""Older Driver (55-64)""]",0,0,0,0,1,"[""No Contributing Factors"",""Not Visible (Object, Person, or Vehicle)""]",,Clear,Dry,Daylight,33.758434,-84.349185
7/22/19 22:07,Atlanta Police Department,Fulton,Atlanta,2559 Barge Rd,,Unknown,Sideswipe-Same Direction,,"[""Hit & Run"",""Pedestrian""]",0,0,0,0,1,"Not Visible (Object, Person, or Vehicle)",,Clear,Dry,Dark-Not Lighted,33.684774,-84.506536
4/8/19 16:13,Atlanta Police Department,Fulton,Atlanta,484 Marietta St,Parker St and 484 Marietta St,(O) No Injury,Not a Collision with Motor Vehicle,,"[""Pedestrian"",""Distracted Driver (Suspected)""]",0,0,0,0,1,"[""No Contributing Factors"",""No Contributing Factors""]",,Cloudy,Dry,Daylight,33.766228,-84.397481
10/12/19 6:32,Atlanta Police Department,Fulton,Atlanta,Crown Rd,Crown Rd and Brownsmill Rd,(K) Fatal Injury,Sideswipe-Same Direction,,"[""CMV Related"",""Bicycle"",""Impaired (Suspected)"",""Older Driver (55-64)""]",1,0,0,0,2,,,Clear,Dry,Dark-Lighted,33.650783,-84.392955
1/20/19 12:02,Atlanta Police Department,Fulton,Atlanta,Memorial Dr Se   Moreland Ave,Moreland Ave and Memorial Dr Se   Moreland Ave,(O) No Injury,Not a Collision with Motor Vehicle,,"[""Intersection Related"",""Pedestrian"",""Distracted Driver (Suspected)""]",0,0,0,0,1,,,Clear,Dry,Daylight,33.747615,-84.349215
4/26/19 8:30,Atlanta Police Department,Fulton,Atlanta,Ted Turner Dr,Walton St and Ted Turner Dr,(O) No Injury,Not a Collision with Motor Vehicle,,"[""Intersection Related"",""Distracted Driver (Confirmed)"",""Pedestrian""]",0,0,0,0,1,,,Cloudy,Dry,Daylight,33.757516,-84.39191
9/20/19 21:56,Atlanta Police Department,Fulton,Atlanta,3709 Campbellton Rd,,(O) No Injury,Not a Collision with Motor Vehicle,,"[""Pedestrian"",""Impaired (Suspected)""]",0,0,0,0,1,"[""No Contributing Factors"",""Under the Influence (U.I.)""]",,Clear,Dry,Dark-Lighted,33.690744,-84.509686
12/12/19 15:59,Atlanta Police Department,Fulton,Atlanta,2955 Peachtree Rd,Pharr Rd and 2955 Peachtree Rd,(O) No Injury,Angle (Other),,"[""Roadway Departure"",""Motorcycle"",""Pedestrian""]",0,0,0,0,1,"[""Failure to Yield"",""No Contributing Factors""]",,Clear,Dry,Daylight,33.835634,-84.381326
11/17/19 10:26,Atlanta Police Department,Fulton,Atlanta,Peachtree Cir,Peachtree St and Peachtree Cir,(O) No Injury,Not a Collision with Motor Vehicle,,"[""Intersection Related"",""Hit & Run"",""Pedestrian""]",0,0,0,0,1,"[""Failure to Yield"",""Failure to Yield""]",,Clear,Dry,Daylight,33.789275,-84.382603
7/2/19 14:35,Atlanta Police Department,Fulton,Atlanta,Courtland St,,(O) No Injury,Not a Collision with Motor Vehicle,,"[""Intersection Related"",""Pedestrian""]",0,0,0,0,1,,,Clear,Dry,Daylight,33.755628,-84.384267
2/22/19 16:01,Atlanta Police Department,Fulton,Atlanta,Custer Ave,Custer Ave and Woodland Ave,Unknown,Not a Collision with Motor Vehicle,,"[""Bicycle"",""Distracted Driver (Suspected)"",""Older Driver (55-64)"",""Improper Occupant Protection""]",0,0,0,0,2,"[""No Contributing Factors"",""Wrong Side of Road""]",,Cloudy,Dry,Daylight,33.715644,-84.354636
1/16/19 17:40,Atlanta Police Department,Fulton,Atlanta,Marietta St Sw   Peachtree St,Peachtree St and Marietta St Sw   Peachtree St,(O) No Injury,Head On,,"[""Intersection Related"",""Pedestrian"",""Distracted Driver (Suspected)""]",0,0,0,0,1,,,Clear,Dry,Daylight,33.754341,-84.389765
10/20/19 18:29,Atlanta Police Department,Fulton,Atlanta,371 Blvd,,(B) Suspected Minor/Visible Injury,Angle (Other),,"[""Bicycle"",""Older Driver (55-64)"",""Improper Occupant Protection""]",0,0,1,0,2,,,Clear,Dry,Daylight,33.764493,-84.371949
11/10/19 14:41,Atlanta Police Department,DeKalb,Atlanta,Dekalb Ave Ne   Whitefoord Ave,Whitefoord Ave and Dekalb Ave Ne   Whitefoord Ave,(O) No Injury,Not a Collision with Motor Vehicle,,"[""Intersection Related"",""Pedestrian"",""Improper Occupant Protection""]",0,0,0,0,1,,,Clear,Dry,Daylight,33.761778,-84.341835
5/14/19 16:44,Atlanta Police Department,Fulton,Atlanta,55 Marietta St,,(O) No Injury,Sideswipe-Same Direction,,"[""Intersection Related"",""Pedestrian"",""Older Driver (55-64)""]",0,0,0,0,1,,,Clear,Dry,Daylight,33.755762,-84.391305
5/15/19 10:14,Atlanta Police Department,Fulton,Atlanta,1255 Campbellton Rd,,Unknown,Not a Collision with Motor Vehicle,,"[""Older Driver (65+)"",""Pedestrian"",""Distracted Driver (Suspected)""]",0,0,0,0,1,"[""Driver Lost Control"",""No Contributing Factors""]",,Clear,Dry,Daylight,33.71687,-84.42917
8/15/19 15:44,Atlanta Police Department,Fulton,Atlanta,Northside Dr,Magnolia St and Northside Dr,(O) No Injury,Angle (Other),,"[""Intersection Related"",""Pedestrian"",""Secondary Crash"",""Young Adult Driver (Age 20-24)""]",0,0,0,0,1,,,Clear,Dry,Daylight,33.75805,-84.402772
2/11/19 19:07,Atlanta Police Department,Fulton,Atlanta,Piedmont Ave Se   Decatur St,Decatur St and Piedmont Ave Se   Decatur St,(O) No Injury,Not a Collision with Motor Vehicle,,"[""Intersection Related"",""Older Driver (65+)"",""Pedestrian"",""Distracted Driver (Suspected)""]",0,0,0,0,1,,,Rain,Wet,Dark-Lighted,33.751462,-84.385378
7/9/19 9:03,Atlanta Police Department,Fulton,Atlanta,Pine St,Pine St and Peachtree St,(O) No Injury,Not a Collision with Motor Vehicle,,"[""Intersection Related"",""Pedestrian"",""Young Adult Driver (Age 20-24)""]",0,0,0,0,1,,,Clear,Dry,Daylight,33.767393,-84.385366
12/5/19 14:04,Atlanta Police Department,Fulton,Atlanta,144 Moreland Ave,Hardee Str and 144 Moreland Ave,(O) No Injury,Not a Collision with Motor Vehicle,,"[""Pedestrian"",""Older Driver (55-64)""]",0,0,0,0,1,,,Clear,Dry,Daylight,33.756901,-84.349209
2/17/19 0:00,Atlanta Police Department,Fulton,Atlanta,Holmes St,Holmes St and Buchanan St,(O) No Injury,Not a Collision with Motor Vehicle,,"[""Intersection Related"",""Hit & Run"",""Pedestrian"",""Impaired (Suspected)"",""Distracted Driver (Suspected)"",""Older Driver (55-64)""]",0,0,0,0,1,,,Clear,Dry,Dark-Not Lighted,33.799513,-84.413292