Date and Time,Agency Name (Crash Level) ,Area: County,Area: City,Roadway (From Crash Report),Intersection Name (from Crash Report),KABCO Severity,Manner of Collision (Crash Level) ,First Harmful Event (Crash Level) ,SHSP Emphasis Areas,# of Fatalities (Person Table),# Serious Injuries,# Visible Injuries,# Complaint Injuries,# of Vehicles,Operator / Driver Contributing Factor -old,Roadway Contributing Factors (Crash Level) ,Weather Conditions (Crash Level),Surface Condition (Crash Level) ,Light Conditions (Crash Level),Latitude ,Longitude
5/2/19 15:32,Atlanta Police Department,Fulton,Atlanta,W Paces Ferry Rd,Peachtree Rd and W Paces Ferry Rd,(O) No Injury,Not a Collision with Motor Vehicle,,"[""Intersection Related"",""Pedestrian""]",0,0,0,0,1,"[""Failure to Yield"",""No Contributing Factors"",""No Contributing Factors""]",,Clear,Dry,Daylight,33.839396,-84.379862
8/25/19 3:35,Atlanta Police Department,Fulton,Atlanta,349 Edgewood Ave,,(O) No Injury,Not a Collision with Motor Vehicle,,"[""Hit & Run"",""Pedestrian"",""Secondary Crash"",""Distracted Driver (Suspected)""]",0,0,0,0,1,"[""Other"",""Other""]",,Clear,Dry,Dark-Lighted,33.754184,-84.376146
6/5/19 17:30,Atlanta Police Department,Fulton,Atlanta,1132 Indale Pl,,(O) No Injury,Not a Collision with Motor Vehicle,,"[""Hit & Run"",""Pedestrian"",""Impaired (Suspected)"",""Distracted Driver (Suspected)""]",0,0,0,0,1,"[""No Contributing Factors"",""Other""]",,Clear,Dry,Daylight,33.724164,-84.428366
3/14/19 15:17,Georgia Tech Police Department,Fulton,Atlanta,Techwood Dr,N Ave and Techwood Dr,(O) No Injury,Not a Collision with Motor Vehicle,,"[""Intersection Related"",""Pedestrian"",""Improper Occupant Protection""]",0,0,0,0,1,"[""Failure to Yield"",""No Contributing Factors""]",,Cloudy,Dry,Daylight,33.771289,-84.392052
12/23/19 18:23,Atlanta Police Department,Fulton,Atlanta,Bellemeade Ave,Northside Dr and Bellemeade Ave,Unknown,Not a Collision with Motor Vehicle,,"[""Intersection Related"",""Pedestrian""]",0,0,0,0,1,"[""Failure to Yield"",""No Contributing Factors""]",,Rain,Wet,Dark-Lighted,33.800221,-84.407829
10/27/19 3:48,Atlanta Police Department,DeKalb,Atlanta,Caroline St Ne   Moreland Ave,Moreland Ave and Caroline St Ne   Moreland Ave,(O) No Injury,Not a Collision with Motor Vehicle,,"[""Intersection Related"",""Hit & Run"",""Pedestrian"",""Impaired (Suspected)""]",0,0,0,0,1,,,Rain,Wet,Dark-Lighted,33.75844,-84.349133
7/18/19 18:35,Atlanta Police Department,Fulton,Atlanta,3386 Adkins Rd,Fairburn and 3386 Adkins Rd,(O) No Injury,Not a Collision with Motor Vehicle,,"[""Pedestrian"",""Older Driver (55-64)""]",0,0,0,0,1,"[""Failure to Yield"",""No Contributing Factors""]",,Clear,Dry,Daylight,33.772704,-84.501996
12/24/19 21:05,Atlanta Police Department,Fulton,Atlanta,241 Blvd,241 Blvd and John Lewis Freedom Pkwy,(K) Fatal Injury,Head On,,"[""Intersection Related"",""Pedestrian"",""Impaired (Suspected)""]",1,0,0,0,1,,,Clear,Dry,Dark-Not Lighted,33.760098,-84.372055
1/17/19 6:55,Emory Police Department,DeKalb,Atlanta,Clifton Road,Eagle Row and Clifton Road,(C) Possible Injury / Complaint,Not a Collision with Motor Vehicle,,"[""Intersection Related"",""Hit & Run"",""Pedestrian""]",0,0,0,1,1,"[""Failure to Yield"",""No Contributing Factors""]",,Clear,Dry,Dark-Lighted,33.795683,-84.321616
9/6/19 8:14,Atlanta Police Department,Fulton,Atlanta,2472 Donald Lee Hollowell Pkwy Nw S R 8,Hall St and 2472 Donald Lee Hollowell Pkwy Nw S R 8,(B) Suspected Minor/Visible Injury,Not a Collision with Motor Vehicle,,"[""Intersection Related"",""Aggressive Driving"",""Pedestrian"",""Speed Related""]",0,0,1,0,1,,,Clear,Dry,Daylight,33.776233,-84.46614
10/12/19 9:34,Atlanta Police Department,Fulton,Atlanta,550 Peachtree St,,(O) No Injury,Not a Collision with Motor Vehicle,,"[""Pedestrian"",""Distracted Driver (Suspected)""]",0,0,0,0,1,"[""Changed Lanes Improperly"",""No Contributing Factors""]",,Clear,Dry,Daylight,33.769284,-84.385536
3/2/19 2:17,Atlanta Police Department,Fulton,Atlanta,3311 Empire Blvd,Brownsmill Rd and 3311 Empire Blvd,(O) No Injury,Not a Collision with Motor Vehicle,,"[""Aggressive Driving"",""Roadway Departure"",""Hit & Run"",""Pedestrian"",""Older Driver (55-64)"",""Speed Related""]",0,0,0,0,1,Exceeding Speed Limit,,Clear,Dry,Dark-Lighted,33.664446,-84.391765
3/6/19 8:01,Atlanta Police Department,Fulton,Atlanta,Mills St,Mills St and Marietta St,(O) No Injury,Not a Collision with Motor Vehicle,,"[""Intersection Related"",""Pedestrian""]",0,0,0,0,1,"[""Failure to Yield"",""No Contributing Factors""]",,Clear,Dry,Daylight,33.765345,-84.397379
4/2/19 13:57,Atlanta Police Department,Fulton,Atlanta,Irwin St,Irwin St and Jackson St,(O) No Injury,Angle (Other),,"[""Intersection Related"",""Pedestrian""]",0,0,0,0,1,,,Clear,Dry,Daylight,33.757679,-84.37433
11/7/19 13:38,Atlanta Police Department,Fulton,Atlanta,Jones Ave,Jones Ave and Northside Dr,(O) No Injury,Not a Collision with Motor Vehicle,,"[""Intersection Related"",""Pedestrian"",""Distracted Driver (Suspected)""]",0,0,0,0,1,,,Clear,Dry,Daylight,33.764401,-84.403554
3/22/19 15:26,Atlanta Police Department,Fulton,Atlanta,1444 Beatie Ave,Genessee Ave and 1444 Beatie Ave,(O) No Injury,Head On,,"[""Aggressive Driving"",""Hit & Run"",""Pedestrian"",""Young Adult Driver (Age 20-24)""]",0,0,0,0,1,"[""Aggressive Driving"",""No Contributing Factors"",""No Contributing Factors""]",,Clear,Dry,Daylight,33.715404,-84.410646
9/5/19 23:30,Atlanta Police Department,Fulton,Atlanta,Joseph E Lowery Blvd,Joseph E Boone Blvd and Joseph E Lowery Blvd,Unknown,Head On,,"[""Intersection Related"",""Pedestrian"",""Distracted Driver (Suspected)""]",0,0,0,0,1,"[""No Contributing Factors"",""Other""]",,Clear,Dry,Dark-Lighted,33.763464,-84.417479
8/30/19 11:25,Emory Police Department,DeKalb,Atlanta,Clifton Rd Ne,Gambrell Dr and Clifton Rd Ne,(B) Suspected Minor/Visible Injury,Not a Collision with Motor Vehicle,,"[""Pedestrian"",""Young Adult Driver (Age 20-24)"",""Improper Occupant Protection""]",0,0,1,0,1,,,Clear,Dry,Daylight,33.790423,-84.320935
6/2/19 3:22,Atlanta Police Department,Fulton,Atlanta,Peachtree Rd,Peachtree Rd and Brookwood Valley Cir,Unknown,Head On,,"[""Pedestrian"",""Impaired Driving (Confirmed)""]",0,0,0,0,1,,,Clear,Dry,Dark-Lighted,33.810079,-84.39285
10/27/19 11:57,Atlanta Police Department,Fulton,Atlanta,Spring St,4Th St and Spring St,(O) No Injury,Not a Collision with Motor Vehicle,,"[""Intersection Related"",""Pedestrian""]",0,0,0,0,1,"[""Failure to Yield"",""Failure to Yield""]",,Clear,Dry,Daylight,33.775104,-84.388818
3/23/19 14:51,Atlanta Police Department,Fulton,Atlanta,Hollywood Rd,Margaret Pl and Hollywood Rd,Unknown,Angle (Other),,"[""Intersection Related"",""Pedestrian"",""Older Driver (55-64)""]",0,0,0,0,1,"[""No Contributing Factors"",""Other""]",,Clear,Dry,Daylight,33.777206,-84.450423
6/25/19 9:07,Atlanta Police Department,Fulton,Atlanta,Piedmont Rd,Morosgo Dr and Piedmont Rd,(O) No Injury,Not a Collision with Motor Vehicle,,"[""Intersection Related"",""Hit & Run"",""Pedestrian"",""Impaired (Suspected)"",""Distracted Driver (Suspected)""]",0,0,0,0,1,No Contributing Factors,,Clear,Dry,Daylight,33.823604,-84.367269
7/24/19 18:02,Atlanta Police Department,Fulton,Atlanta,Peachtree St,Wall St and Peachtree St,(O) No Injury,Head On,,"[""Intersection Related"",""Pedestrian""]",0,0,0,0,1,"[""Failure to Yield"",""No Contributing Factors""]",,Clear,Dry,Daylight,33.753593,-84.390414
10/11/19 15:43,Georgia Tech Police Department,Fulton,Atlanta,N Ave,N Ave and Centennial Olympic Park Dr,(A) Suspected Serious Injury,Angle (Other),,"[""Intersection Related"",""Pedestrian"",""Older Driver (55-64)"",""Improper Occupant Protection""]",0,1,0,0,1,"[""Failure to Yield"",""No Contributing Factors""]",,Clear,Dry,Daylight,33.771289,-84.392052
11/19/19 8:28,Atlanta Police Department,Fulton,Atlanta,3344 Peachtree Rd,Highland Dr and 3344 Peachtree Rd,(O) No Injury,Angle (Other),,"[""Pedestrian"",""Older Driver (55-64)""]",0,0,0,0,1,"[""No Contributing Factors"",""Other""]",,Clear,Dry,Daylight,33.84649,-84.368247
4/18/19 16:10,Atlanta Police Department,Fulton,Atlanta,W Peachtree,12Th St and W Peachtree,(O) No Injury,Not a Collision with Motor Vehicle,,"[""Intersection Related"",""Pedestrian"",""Distracted Driver (Suspected)""]",0,0,0,0,1,,,Clear,Dry,Daylight,33.784561,-84.387824
11/19/19 19:09,Atlanta Police Department,Fulton,Atlanta,Hamilton E Holmes Dr Nw   Godfrey Dr,Godfrey Dr and Hamilton E Holmes Dr Nw   Godfrey Dr,(O) No Injury,Head On,,"[""Intersection Related"",""Pedestrian"",""Distracted Driver (Suspected)""]",0,0,0,0,1,,,Clear,Dry,Dark-Lighted,33.759432,-84.469369
9/25/19 20:10,Atlanta Police Department,Fulton,Atlanta,Roswell Rd Ne   W Wieuca Rd,W Wieuca Rd and Roswell Rd Ne   W Wieuca Rd,Unknown,Not a Collision with Motor Vehicle,,"[""Intersection Related"",""Pedestrian"",""Older Driver (55-64)""]",0,0,0,0,1,,,Clear,Dry,Daylight,33.876838,-84.379947
5/3/19 15:17,Atlanta Police Department,Fulton,Atlanta,Oglethorpe Ave Sw   Lee St,Lee St and Oglethorpe Ave Sw   Lee St,(O) No Injury,Angle (Other),,"[""Intersection Related"",""Pedestrian"",""Older Driver (55-64)""]",0,0,0,0,1,"[""No Contributing Factors"",""Other""]",,Cloudy,Dry,Daylight,33.735836,-84.414108
9/15/19 1:58,Atlanta Police Department,Fulton,Atlanta,I 285,I 285 and Martin L King Jr Dr,(K) Fatal Injury,Rear End,,"[""Pedestrian"",""Young Adult Driver (Age 20-24)"",""Impaired (Suspected)""]",1,0,1,0,2,,,Clear,Dry,Dark-Lighted,33.749401,-84.497298
2/15/19 9:54,Atlanta Police Department,Fulton,Atlanta,256 Hamilton E Holmes Dr,,Unknown,Not a Collision with Motor Vehicle,,"[""Intersection Related"",""Pedestrian"",""Young Adult Driver (Age 20-24)"",""Distracted Driver (Suspected)""]",0,0,0,0,1,"[""Changed Lanes Improperly"",""No Contributing Factors""]",,Cloudy,Dry,Daylight,33.761613,-84.469754
9/15/19 19:21,Atlanta Police Department,Fulton,Atlanta,Windsor St Sw   Love St,Love St and Windsor St Sw   Love St,(O) No Injury,Head On,,"[""Intersection Related"",""Hit & Run"",""Pedestrian"",""Distracted Driver (Suspected)""]",0,0,0,0,1,,,Clear,Dry,Daylight,33.734244,-84.398361
9/5/19 16:16,Atlanta Police Department,Fulton,Atlanta,Morosgo Way,Morosgo Dr and Morosgo Way,(O) No Injury,Angle (Other),,Pedestrian,0,0,0,0,1,"[""Improper Turn"",""No Contributing Factors""]",,Clear,Dry,Daylight,33.823394,-84.365084
5/16/19 19:40,Atlanta Police Department,Fulton,Atlanta,Spg,Spg and 10Th St,(O) No Injury,Not a Collision with Motor Vehicle,,"[""Intersection Related"",""Pedestrian"",""Improper Occupant Protection""]",0,0,0,0,1,,,Clear,Dry,Daylight,33.781498,-84.389167
1/15/19 18:32,Atlanta Police Department,Fulton,Atlanta,Courtland St,Pine St and Courtland St,Unknown,Not a Collision with Motor Vehicle,,"[""Intersection Related"",""Pedestrian"",""Distracted Driver (Suspected)""]",0,0,0,0,1,"[""No Contributing Factors"",""No Contributing Factors""]",,Clear,Dry,Dark-Lighted,33.767451,-84.384084
1/24/19 16:45,Atlanta Police Department,Fulton,Atlanta,61 Forsyth St Sw Sam Nunn Building,,(O) No Injury,Head On,,"[""Intersection Related"",""Pedestrian"",""Distracted Driver (Suspected)""]",0,0,0,0,1,,,Clear,Dry,Daylight,33.753886,-84.392594
1/28/19 19:16,Atlanta Police Department,DeKalb,Atlanta,Watson Cir,Watson Cir and Memorial Dr,(A) Suspected Serious Injury,Rear End,,"[""Intersection Related"",""Bicycle"",""Distracted Driver (Suspected)""]",0,1,0,0,2,,,Clear,Dry,Dark-Lighted,33.747348,-84.315391
2/27/19 10:42,Atlanta Police Department,Fulton,Atlanta,Blvd,N Ave and  Blvd,(O) No Injury,Not a Collision with Motor Vehicle,,"[""Intersection Related"",""Pedestrian"",""Distracted Driver (Suspected)""]",0,0,0,0,1,,,Cloudy,Wet,Daylight,33.771169,-84.371774
2/12/19 7:00,Atlanta Police Department,Fulton,Atlanta,Monroe Dr Ne   Armour Dr,Armour Dr and Monroe Dr Ne   Armour Dr,(O) No Injury,Rear End,,"[""Intersection Related"",""Pedestrian"",""Distracted Driver (Suspected)"",""Older Driver (55-64)""]",0,0,0,0,1,,,Rain,Wet,Dark-Not Lighted,33.810624,-84.371333
5/19/19 18:36,Atlanta Police Department,Fulton,Atlanta,2220 Jonesboro Rd,,(O) No Injury,Head On,,"[""Hit & Run"",""Pedestrian"",""Impaired (Suspected)"",""Distracted Driver (Suspected)""]",0,0,0,0,1,"[""No Contributing Factors"",""Other""]",,Clear,Dry,Daylight,33.693634,-84.366786
12/22/19 1:15,Atlanta Police Department,Fulton,Atlanta,Cheshire Bridge Rd,Lavista Rd and Cheshire Bridge Rd,(O) No Injury,Not a Collision with Motor Vehicle,,"[""Intersection Related"",""Pedestrian""]",0,0,0,0,1,"[""Disregard Stop Sign/Signal"",""No Contributing Factors""]",,Rain,Wet,Dark-Lighted,33.818433,-84.351655
4/4/19 11:37,Atlanta Police Department,Fulton,Atlanta,Parkway Dr,Parkway Dr and Ponce De Leon Ave,Unknown,Head On,,"[""Intersection Related"",""Pedestrian""]",0,0,0,0,1,,,Clear,Dry,Daylight,33.773146,-84.372799
2/10/19 20:41,Atlanta Police Department,Fulton,Atlanta,S Eugenia,,(O) No Injury,Not a Collision with Motor Vehicle,,"[""Intersection Related"",""Pedestrian"",""Impaired Driving (Confirmed)""]",0,0,0,0,1,,,Clear,Dry,Dark-Not Lighted,33.7767,-84.453055
7/2/19 10:04,Atlanta Police Department,Fulton,Atlanta,1775 S Gordon St,Westmeath Dr and 1775 S Gordon St,Unknown,Sideswipe-Same Direction,,"[""Pedestrian"",""Older Driver (55-64)""]",0,0,0,0,1,"[""Driver Lost Control"",""No Contributing Factors""]",,Clear,Dry,Daylight,33.739884,-84.445706
7/18/19 9:20,Atlanta Police Department,Fulton,Atlanta,Moreland Ave,Vickers St and Moreland Ave,(O) No Injury,Not a Collision with Motor Vehicle,,"[""Intersection Related"",""Pedestrian"",""Distracted Driver (Suspected)""]",0,0,0,0,1,,,Clear,Dry,Daylight,33.721799,-84.349479
10/28/19 8:29,Atlanta Police Department,Fulton,Atlanta,1014 Blvd,Blvd and 1014 Blvd,(O) No Injury,Angle (Other),,"[""Aggressive Driving"",""Pedestrian""]",0,0,0,0,2,,,Clear,Dry,Daylight,33.726718,-84.368425
7/19/19 13:58,Atlanta Police Department,Fulton,Atlanta,1280 Oakland Dr,,(O) No Injury,Rear End,,"[""Aggressive Driving"",""Pedestrian"",""Speed Related"",""Improper Occupant Protection""]",0,0,0,0,2,"[""No Contributing Factors"",""No Contributing Factors"",""Too Fast for Conditions""]",,Clear,Dry,Daylight,33.720265,-84.427476
11/1/19 10:25,Atlanta Police Department,Fulton,Atlanta,Cleveland Ave,Cleveland Ave and Metropolitan Pkwy,(O) No Injury,Not a Collision with Motor Vehicle,,"[""Intersection Related"",""Pedestrian"",""Distracted Driver (Suspected)""]",0,0,0,0,1,,,Clear,Dry,Daylight,33.681266,-84.407711
11/18/19 16:37,Atlanta Police Department,Fulton,Atlanta,Piedmont Rd,Lenox Rd and Piedmont Rd,(A) Suspected Serious Injury,Angle (Other),,"[""Bicycle"",""Older Driver (55-64)""]",0,1,0,0,2,,,Clear,Dry,Daylight,33.84948,-84.376572
3/21/19 23:21,Atlanta Police Department,Fulton,Atlanta,Empire Blvd,Empire Blvd and Browns Mill Rd,(O) No Injury,Angle (Other),,"[""Intersection Related"",""Pedestrian"",""Improper Occupant Protection""]",0,0,0,0,2,,,Clear,Dry,Dark-Lighted,33.65622,-84.391422
9/21/19 12:08,East Point Police Department,Fulton,Atlanta,Cleveland Ave,Slyvan Rd and Cleveland Ave,(O) No Injury,Not a Collision with Motor Vehicle,,"[""Pedestrian"",""Distracted Driver (Suspected)"",""Improper Occupant Protection""]",0,0,0,0,1,"[""No Contributing Factors"",""Wrong Side of Road""]",,Clear,Dry,Daylight,33.681093,-84.388206
10/2/19 13:41,Emory Police Department,DeKalb,Atlanta,Houston Mill Rd Ne,Clifton Rd Ne and Houston Mill Rd Ne,(C) Possible Injury / Complaint,Not a Collision with Motor Vehicle,,"[""Intersection Related"",""Distracted Driver (Confirmed)"",""Pedestrian"",""Impaired (Suspected)"",""Older Driver (55-64)""]",0,0,0,1,1,"[""Inattentive or Other Distraction (Distracted)"",""No Contributing Factors""]",,Clear,Dry,Daylight,33.79858,-84.323741
8/27/19 16:20,Atlanta Police Department,Fulton,Atlanta,3843 Jonesboro Rd,Conley Rd and 3843 Jonesboro Rd,Unknown,Head On,,"[""Older Driver (65+)"",""Pedestrian"",""Distracted Driver (Suspected)""]",0,0,0,0,1,"[""No Contributing Factors"",""Other""]",,Clear,Dry,Daylight,33.649324,-84.366346
7/16/19 15:24,Atlanta Police Department,Fulton,Atlanta,1480 Everhart St,1480 Everhart St and Deckner Ave Sw Erverheart,(O) No Injury,Angle (Other),,"[""Intersection Related"",""Hit & Run"",""Pedestrian"",""Impaired (Suspected)""]",0,0,0,0,1,,,Clear,Dry,Daylight,33.718285,-84.414049
11/24/19 14:47,Atlanta Police Department,Fulton,Atlanta,Spring St,8Th St and Spring St,(O) No Injury,Not a Collision with Motor Vehicle,,"[""Pedestrian"",""Distracted Driver (Suspected)""]",0,0,0,0,1,"[""Improper Backing"",""No Contributing Factors""]",,Clear,Dry,Daylight,33.780152,-84.387292
9/20/19 17:40,Atlanta Police Department,Fulton,Atlanta,Powers Ferry Rd,Hillside Dr and Powers Ferry Rd,(O) No Injury,Not a Collision with Motor Vehicle,,"[""Intersection Related"",""Pedestrian"",""Impaired (Suspected)"",""Distracted Driver (Suspected)""]",0,0,0,0,1,,,Clear,Dry,Daylight,33.869959,-84.393843
8/29/19 13:44,Atlanta Police Department,Fulton,Atlanta,Spring St Nw   12Th St,12Th St and Spring St Nw   12Th St,(O) No Injury,Not a Collision with Motor Vehicle,,"[""Intersection Related"",""Pedestrian""]",0,0,0,0,1,"[""Failure to Yield"",""No Contributing Factors""]",,Clear,Dry,Daylight,33.784429,-84.389206
1/31/19 12:42,Atlanta Police Department,Fulton,Atlanta,Decatur St,Decatur St and Piedmont Ave,(O) No Injury,Not a Collision with Motor Vehicle,,"[""Intersection Related"",""Pedestrian"",""Young Adult Driver (Age 20-24)"",""Distracted Driver (Suspected)""]",0,0,0,0,1,"[""No Contributing Factors"",""Other""]",,Clear,Dry,Daylight,33.751464,-84.385376
2/2/19 21:30,Atlanta Police Department,Fulton,Atlanta,Oglethorpe Ave,Lawton St and Oglethorpe Ave,(O) No Injury,Not a Collision with Motor Vehicle,,"[""Intersection Related"",""Hit & Run"",""Pedestrian""]",0,0,0,0,1,"[""Failure to Yield"",""No Contributing Factors""]",,Clear,Dry,Dark-Lighted,33.735794,-84.42339
8/14/19 14:50,Atlanta Police Department,Fulton,Atlanta,14Th St,14Th St and State St,(O) No Injury,Not a Collision with Motor Vehicle,,"[""Intersection Related"",""Pedestrian""]",0,0,0,0,1,,,Clear,Dry,Daylight,33.786193,-84.398736
12/11/19 13:44,Atlanta Police Department,Fulton,Atlanta,Courtland St,Ellis St and Courtland St,(O) No Injury,Angle (Other),,"[""Intersection Related"",""Pedestrian""]",0,0,0,0,1,,,Clear,Dry,Daylight,33.758374,-84.384221
7/31/19 23:17,Atlanta Police Department,Fulton,Atlanta,190 Centennial Olympic Park,Marietta St and 190 Centennial Olympic Park,(O) No Injury,Not a Collision with Motor Vehicle,,"[""Intersection Related"",""Distracted Driver (Confirmed)"",""Hit & Run"",""Pedestrian""]",0,0,0,0,1,"[""No Contributing Factors"",""Other""]",,Clear,Dry,Dawn,33.757896,-84.393502
4/12/19 3:12,Atlanta Police Department,Fulton,Atlanta,683 Cascade Ave,Copeland Ave and 683 Cascade Ave,(O) No Injury,Not a Collision with Motor Vehicle,,"[""Intersection Related"",""Roadway Departure"",""Distracted Driver (Confirmed)"",""Hit & Run"",""Pedestrian""]",0,0,0,0,1,"[""Inattentive or Other Distraction (Distracted)"",""No Contributing Factors""]",,Clear,Dry,Dark-Lighted,33.736969,-84.435852
5/31/19 2:17,Atlanta Police Department,Fulton,Atlanta,I 285,I 285 and Arthur Langford Pkwy,(B) Suspected Minor/Visible Injury,Rear End,,"[""Aggressive Driving"",""Hit & Run"",""Pedestrian"",""Impaired Driving (Confirmed)"",""Speed Related""]",0,0,1,1,3,,,Clear,Dry,Dark-Not Lighted,33.689839,-84.499927
10/4/19 14:13,Atlanta Police Department,Fulton,Atlanta,Centennial Olympic P Dr,Mills St and Centennial Olympic P Dr,(O) No Injury,Not a Collision with Motor Vehicle,,"[""Intersection Related"",""Pedestrian"",""Distracted Driver (Suspected)"",""Older Driver (55-64)""]",0,0,0,0,1,"[""No Contributing Factors"",""No Contributing Factors""]",,Clear,Dry,Daylight,33.765304,-84.391899
9/12/19 22:52,Atlanta Police Department,Fulton,Atlanta,Piedmont Ave,Auburn Ave and Piedmont Ave,(O) No Injury,Not a Collision with Motor Vehicle,,"[""Intersection Related"",""Pedestrian"",""Older Driver (55-64)""]",0,0,0,0,1,"[""Failure to Yield"",""No Contributing Factors""]",,Clear,Dry,Dark-Lighted,33.755544,-84.382253
4/1/19 17:28,Atlanta Police Department,Fulton,Atlanta,Marietta St,Forsyth St and Marietta St,(O) No Injury,Not a Collision with Motor Vehicle,,"[""Intersection Related"",""Pedestrian"",""Distracted Driver (Suspected)""]",0,0,0,0,1,,,(None),(None),Daylight,33.755447,-84.391008
8/1/19 1:10,Atlanta Police Department,Fulton,Atlanta,Chappell Rd,Chappell Rd and Martin L King Jr Dr,(O) No Injury,Head On,,"[""Intersection Related"",""Hit & Run"",""Pedestrian"",""Impaired Driving (Confirmed)""]",0,0,0,0,1,"[""Failure to Yield"",""No Contributing Factors""]",,Clear,Dry,Dark-Lighted,33.753795,-84.433362
9/20/19 7:19,Atlanta Police Department,Fulton,Atlanta,Fulton St,Fulton St and Mcdaniel St,Unknown,Head On,,"[""Intersection Related"",""Pedestrian""]",0,0,0,0,1,,,Clear,Dry,Daylight,33.741574,-84.402943
9/21/19 1:20,Atlanta Police Department,Fulton,Atlanta,Sr 400,Sr 400 and Lenox Rd,(O) No Injury,Not a Collision with Motor Vehicle,,"[""Hit & Run"",""Pedestrian"",""Distracted Driver (Suspected)""]",0,0,0,0,1,,,Clear,Dry,Dark-Not Lighted,33.851221,-84.369338
1/28/19 17:11,Atlanta Police Department,Fulton,Atlanta,180 Milton Ave,Parsons St and 180 Milton Ave,(O) No Injury,Not a Collision with Motor Vehicle,,"[""Aggressive Driving"",""Hit & Run"",""Pedestrian""]",0,0,0,0,1,"[""Improper Passing"",""Improper Passing""]",,Clear,Dry,Dusk,33.749704,-84.414455
3/6/19 11:26,Atlanta Police Department,Fulton,Atlanta,Courtland St Ne   John Wesley Dobbs Ave,John Wesley Dobbs Ave and Courtland St Ne   John Wesley Dobbs Ave,Unknown,Head On,,"[""Intersection Related"",""Roadway Departure"",""Hit & Run"",""Pedestrian"",""Distracted Driver (Suspected)""]",0,0,0,0,1,"[""No Contributing Factors"",""Other""]",,Clear,Dry,Daylight,33.757102,-84.384242
5/7/19 15:31,Atlanta Police Department,Fulton,Atlanta,Mildred St Sw   Atlanta Student Move Blvd,Atlanta Student Move Blvd and Mildred St Sw   Atlanta Student Move Blvd,Unknown,Head On,,"[""Intersection Related"",""Pedestrian"",""Young Adult Driver (Age 20-24)"",""Distracted Driver (Suspected)""]",0,0,0,0,1,,,Clear,Dry,Daylight,33.749352,-84.411974
12/8/19 6:41,Dekalb Co Police Department,Fulton,Atlanta,Moreland Ave,Woodstock Rd and Moreland Ave,(A) Suspected Serious Injury,Not a Collision with Motor Vehicle,,"[""Intersection Related"",""Pedestrian"",""Young Adult Driver (Age 20-24)"",""Impaired (Suspected)"",""Distracted Driver (Suspected)"",""Improper Occupant Protection""]",0,1,1,0,1,,,Clear,Dry,Dark-Not Lighted,33.6904,-84.349416
1/16/19 17:01,Atlanta Police Department,Fulton,Atlanta,Sylvan Rd,Arden Ave and Sylvan Rd,Unknown,Not a Collision with Motor Vehicle,,"[""Intersection Related"",""Pedestrian""]",0,0,0,0,1,"[""Misjudged Clearance"",""No Contributing Factors""]",,Clear,Dry,Daylight,33.717004,-84.418115
8/31/19 2:35,Atlanta Police Department,Fulton,Atlanta,3038 Peachtree Rd,,(O) No Injury,Not a Collision with Motor Vehicle,,"[""Intersection Related"",""Pedestrian"",""Impaired Driving (Confirmed)"",""Older Driver (55-64)""]",0,0,0,0,1,,,Clear,Dry,Dark-Lighted,33.838218,-84.380872
7/12/19 14:06,Atlanta Police Department,Fulton,Atlanta,Peachtree Rd Ne   Lenox Rd,Lenox Rd and Peachtree Rd Ne   Lenox Rd,(O) No Injury,Angle (Other),,"[""Intersection Related"",""Pedestrian""]",0,0,0,0,1,,,Clear,Dry,Daylight,33.850436,-84.3621
11/23/19 12:40,Atlanta Police Department,Fulton,Atlanta,W Ferry Rd,W Ferry Rd and Northside Pkwy,(O) No Injury,Sideswipe-Same Direction,,Pedestrian,0,0,0,0,1,,,Cloudy,Dry,Daylight,33.850371,-84.430307
10/12/19 23:51,Atlanta Police Department,Fulton,Atlanta,2440 Piedmont Rd,,(O) No Injury,Not a Collision with Motor Vehicle,,"[""Distracted Driver (Confirmed)"",""Pedestrian"",""Secondary Crash""]",0,0,0,0,2,"[""Inattentive or Other Distraction (Distracted)"",""No Contributing Factors"",""No Contributing Factors""]",,Clear,Dry,Dark-Lighted,33.822076,-84.367391
11/6/19 19:40,Atlanta Police Department,Fulton,Atlanta,Ponce De Leon Ave,Penn Ave and Ponce De Leon Ave,(B) Suspected Minor/Visible Injury,Angle (Other),,"[""Intersection Related"",""Bicycle""]",0,0,1,0,2,,,Clear,Dry,Dark-Lighted,33.772584,-84.379033
12/15/19 0:19,Atlanta Police Department,Fulton,Atlanta,Ponce De Leon Ave Ne   N Highland Ave,N Highland Ave and Ponce De Leon Ave Ne   N Highland Ave,(O) No Injury,Not a Collision with Motor Vehicle,,"[""Intersection Related"",""Pedestrian"",""Impaired (Suspected)""]",0,0,0,0,1,,,Clear,Dry,Dark-Lighted,33.773833,-84.352518
4/19/19 8:40,Atlanta Police Department,Fulton,Atlanta,Martin L King Jr Dr,Pryor St and Martin L King Jr Dr,(O) No Injury,Not a Collision with Motor Vehicle,,"[""Intersection Related"",""Hit & Run"",""Pedestrian""]",0,0,0,0,1,"[""Failure to Yield"",""No Contributing Factors""]",,Rain,Wet,Daylight,33.751412,-84.390956
8/5/19 14:46,Atlanta Police Department,Fulton,Atlanta,Wieuca Rd Ne   Lovette Ln,Lovette Ln and Wieuca Rd Ne   Lovette Ln,Unknown,Not a Collision with Motor Vehicle,,"[""Intersection Related"",""Hit & Run"",""Pedestrian""]",0,0,0,0,1,,,Clear,Dry,Daylight,33.857973,-84.362233
6/4/19 15:49,Atlanta Police Department,Fulton,Atlanta,Jonesboro Rd,I 285 and Jonesboro Rd,Unknown,Not a Collision with Motor Vehicle,,"[""Pedestrian"",""Distracted Driver (Suspected)""]",0,0,0,0,1,Other,,Clear,Dry,Daylight,33.651985,-84.366999