Date and Time,Agency Name (Crash Level) ,Area: County,Area: City,Roadway (From Crash Report),Intersection Name (from Crash Report),KABCO Severity,Manner of Collision (Crash Level) ,First Harmful Event (Crash Level) ,SHSP Emphasis Areas,# of Fatalities (Person Table),# Serious Injuries,# Visible Injuries,# Complaint Injuries,# of Vehicles,Operator / Driver Contributing Factor -old,Roadway Contributing Factors (Crash Level) ,Weather Conditions (Crash Level),Surface Condition (Crash Level) ,Light Conditions (Crash Level),Latitude ,Longitude
6/7/19 21:01,Atlanta Police Department,Fulton,Atlanta,3378 Greenbriar Pkwy,Barge Rd and 3378 Greenbriar Pkwy,(O) No Injury,Not a Collision with Motor Vehicle,,"[""Older Driver (65+)"",""Pedestrian"",""Impaired (Suspected)""]",0,0,0,0,1,"[""Failure to Yield"",""No Contributing Factors""]",,Clear,Dry,Dark-Lighted,33.682984,-84.501286
10/17/19 8:44,Atlanta Police Department,Fulton,Atlanta,Hank Aaron Dr,Ormond St and Hank Aaron Dr,Unknown,Head On,,"[""Intersection Related"",""Pedestrian""]",0,0,0,0,1,,,Clear,Dry,Daylight,33.731754,-84.387944
10/5/19 2:25,Georgia Tech Police Department,Fulton,Atlanta,120 N Avenue Nw N Avenue Turnaround,,(A) Suspected Serious Injury,Not a Collision with Motor Vehicle,,"[""Roadway Departure"",""Bicycle"",""Improper Occupant Protection""]",0,1,0,0,2,,,Clear,Dry,Dark-Lighted,33.770159,-84.392137
12/10/19 19:20,Atlanta Police Department,Fulton,Atlanta,Morosgo Way Ne   Lindbergh Dr,Lindbergh Dr and Morosgo Way Ne   Lindbergh Dr,(O) No Injury,Angle (Other),,"[""Intersection Related"",""Pedestrian"",""Young Adult Driver (Age 20-24)""]",0,0,0,0,1,"[""Failure to Yield"",""No Contributing Factors""]",,Clear,Dry,Dark-Lighted,33.820693,-84.3651
8/1/19 10:52,Georgia Tech Police Department,Fulton,Atlanta,Fifth St,Fifth St and Fowler St,(B) Suspected Minor/Visible Injury,Not a Collision with Motor Vehicle,,"[""Intersection Related"",""Bicycle"",""Improper Occupant Protection""]",0,0,1,0,2,Failure to Yield,,Clear,Dry,Daylight,33.776904,-84.393635
12/20/19 22:05,Atlanta Police Department,Fulton,Atlanta,Decatur St,Grant St and Decatur St,(B) Suspected Minor/Visible Injury,Sideswipe-Same Direction,,"[""Intersection Related"",""Pedestrian""]",0,0,1,0,1,"[""No Contributing Factors"",""Other""]",,Clear,Dry,Dark-Lighted,33.750174,-84.37668
4/26/19 9:38,Atlanta Police Department,Fulton,Atlanta,Campbellton Rd Sw   Alan Dr,Alan Dr and Campbellton Rd Sw   Alan Dr,(O) No Injury,Not a Collision with Motor Vehicle,,"[""Intersection Related"",""Pedestrian"",""Young Adult Driver (Age 20-24)"",""Distracted Driver (Suspected)""]",0,0,0,0,1,,,Clear,Dry,Daylight,33.696413,-84.543572
6/21/19 22:36,Atlanta Police Department,DeKalb,Atlanta,Fayetteville Rd,Glenwood Ave and Fayetteville Rd,(O) No Injury,Not a Collision with Motor Vehicle,,"[""Intersection Related"",""Pedestrian""]",0,0,0,0,1,,,Clear,Dry,Dark-Lighted,33.739954,-84.311128
2/8/19 23:32,Atlanta Police Department,Fulton,Atlanta,Martin L King Jr Dr,Martin L King Jr Dr and Joseph E Lowery Blvd,Unknown,Not a Collision with Motor Vehicle,,"[""Pedestrian"",""Distracted Driver (Suspected)""]",0,0,0,0,1,"[""No Contributing Factors"",""Other""]",,Clear,Dry,Dark-Lighted,33.754534,-84.417036
7/22/19 17:54,Atlanta Police Department,Fulton,Atlanta,Carnegie Way,,(O) No Injury,Angle (Other),,"[""Intersection Related"",""Pedestrian""]",0,0,0,0,1,,,Clear,Dry,Daylight,33.758455,-84.388613
3/4/19 19:22,Atlanta Police Department,Fulton,Atlanta,2890 Continental Colony Pkwy,,Unknown,Angle (Other),,"[""Intersection Related"",""Pedestrian""]",0,0,0,0,1,"[""No Contributing Factors"",""Other""]",,Clear,Dry,Dark-Lighted,33.686376,-84.491265
6/18/19 18:46,Atlanta Police Department,Fulton,Atlanta,W Peachtree St,10Th St and W Peachtree St,(O) No Injury,Not a Collision with Motor Vehicle,,"[""Intersection Related"",""CMV Related"",""Pedestrian"",""Older Driver (55-64)""]",0,0,0,0,1,"[""Failure to Yield"",""No Contributing Factors""]",,Clear,Wet,Daylight,33.781524,-84.387806
4/23/19 14:15,Atlanta Police Department,Fulton,Atlanta,Pratt St,Pratt St and Decatur St,(C) Possible Injury / Complaint,Sideswipe-Same Direction,,"[""Older Driver (65+)"",""Pedestrian""]",0,0,0,1,2,,,Clear,Dry,Daylight,33.750193,-84.382776
2/1/19 18:56,Atlanta Police Department,Fulton,Atlanta,2641 Donald Lee Hollowell Pkwy,,(O) No Injury,Not a Collision with Motor Vehicle,,"[""Intersection Related"",""Pedestrian"",""Young Adult Driver (Age 20-24)"",""Distracted Driver (Suspected)"",""Improper Occupant Protection""]",0,0,0,0,1,"[""No Contributing Factors"",""No Contributing Factors""]",,Clear,Dry,Dark-Lighted,33.77614,-84.473412
11/3/19 18:56,Atlanta Police Department,Fulton,Atlanta,1193 Lee St,,(O) No Injury,Not a Collision with Motor Vehicle,,"[""Intersection Related"",""Aggressive Driving"",""Hit & Run"",""Pedestrian"",""Improper Occupant Protection""]",0,0,0,0,1,"[""No Contributing Factors"",""Reckless Driving""]",,Clear,Dry,Dark-Lighted,33.722604,-84.423016
8/5/19 10:38,Atlanta Police Department,Fulton,Atlanta,Beverly Rd Ne   Doncaster Dr,Doncaster Dr and Beverly Rd Ne   Doncaster Dr,Unknown,Not a Collision with Motor Vehicle,,"[""Intersection Related"",""Aggressive Driving"",""Pedestrian""]",0,0,0,0,1,"[""Improper Passing"",""No Contributing Factors""]",,Cloudy,Dry,Daylight,33.796744,-84.383493
10/27/20 8:19,Atlanta Police Department,Fulton,Atlanta,Northside Dr,I 75 and Northside Dr,(O) No Injury,Not a Collision with Motor Vehicle,,Pedestrian,0,0,0,0,1,"[""No Contributing Factors"",""Other""]",,Cloudy,Dry,Daylight,33.802513,-84.407795
1/24/20 15:55,Emory Police Department,DeKalb,Atlanta,N Decatur Rd,,(O) No Injury,Not a Collision with Motor Vehicle,,"[""Distracted Driver (Confirmed)"",""Pedestrian""]",0,0,0,0,1,,,Rain,Wet,Daylight,33.78995,-84.318281
3/4/20 0:38,Atlanta Police Department,Fulton,Atlanta,999 Greenwood,,(O) No Injury,Not a Collision with Motor Vehicle,,"[""Hit & Run"",""Pedestrian"",""Impaired Driving (Confirmed)""]",0,0,0,0,1,,,Rain,Wet,Dark-Lighted,33.776701,-84.354634
11/22/20 15:45,Atlanta Police Department,DeKalb,Atlanta,2662 Park Pl,Leland Ter and 2662 Park Pl,(O) No Injury,Rear End,,"[""Intersection Related"",""Hit & Run"",""Pedestrian"",""Distracted Driver (Suspected)""]",0,0,0,0,1,"[""Following Too Close"",""No Contributing Factors""]",,Clear,Dry,Daylight,33.763903,-84.313495
11/12/20 18:32,Atlanta Police Department,Fulton,Atlanta,Joseph E Lowery Blvd Sw   Camilla St,Camilla St and Joseph E Lowery Blvd Sw   Camilla St,(O) No Injury,Not a Collision with Motor Vehicle,,"[""Intersection Related"",""Hit & Run"",""Pedestrian"",""Distracted Driver (Suspected)""]",0,0,0,0,1,"[""Other"",""Reaction to Object or Animal""]",,Clear,Dry,Dusk,33.750394,-84.41754
8/14/20 13:56,Atlanta Police Department,Fulton,Atlanta,10Th St,10Th St and Piedmont Ave,Unknown,Not a Collision with Motor Vehicle,,"[""Intersection Related"",""Distracted Driver (Confirmed)"",""Pedestrian""]",0,0,0,0,1,,,Cloudy,Dry,Daylight,33.781774,-84.380469
1/21/20 16:22,Atlanta Police Department,Fulton,Atlanta,Metropolitan Pkwy,University Ave and Metropolitan Pkwy,(O) No Injury,Not a Collision with Motor Vehicle,,"[""Intersection Related"",""Pedestrian"",""Older Driver (55-64)""]",0,0,0,0,1,"[""Disregard Other Traffic Control"",""No Contributing Factors""]",,Clear,Dry,Daylight,33.722174,-84.407868
10/11/20 0:25,Atlanta Police Department,Fulton,Atlanta,N Ave Ne   Parkway Dr,Parkway Dr and N Ave Ne   Parkway Dr,(O) No Injury,Angle (Other),,"[""Intersection Related"",""Pedestrian"",""Improper Occupant Protection""]",0,0,0,0,1,"[""No Contributing Factors"",""Other""]",,Rain,Wet,Dark-Lighted,33.77118,-84.372776
8/30/20 23:20,Atlanta Police Department,Fulton,Atlanta,Northside Dr,John St and Northside Dr,(A) Suspected Serious Injury,Head On,,"[""Intersection Related"",""Aggressive Driving"",""Hit & Run"",""Bicycle"",""Speed Related"",""Improper Occupant Protection""]",0,1,0,0,2,"[""No Contributing Factors"",""Too Fast for Conditions""]",,Rain,Wet,Dark-Lighted,33.766704,-84.404858
4/10/20 18:07,Atlanta Police Department,Fulton,Atlanta,150 Walton St,,(O) No Injury,Rear End,,"[""Intersection Related"",""Pedestrian"",""Older Driver (55-64)""]",0,0,0,0,1,,,Clear,Dry,Daylight,33.758319,-84.392705
11/2/20 16:24,Atlanta Police Department,Fulton,Atlanta,Ormewood Ave Se   Moreland Ave,Moreland Ave and Ormewood Ave Se   Moreland Ave,(O) No Injury,Angle (Other),,"[""Intersection Related"",""Pedestrian""]",0,0,0,0,1,"[""No Contributing Factors"",""No Contributing Factors""]",,Clear,Dry,Daylight,33.734094,-84.349329
10/13/20 20:45,Atlanta Police Department,Fulton,Atlanta,3733 Clovis Ct,,(O) No Injury,Angle (Other),,"[""Hit & Run"",""Pedestrian""]",0,0,0,0,2,"[""Improper Backing"",""No Contributing Factors"",""No Contributing Factors""]",,Clear,Dry,Dark-Lighted,33.775294,-84.510106
3/6/20 17:14,Atlanta Police Department,Fulton,Atlanta,Donald Lee Hollowell Pkwy Nw   N Eugenia Pl,N Eugenia Pl and Donald Lee Hollowell Pkwy Nw   N Eugenia Pl,Unknown,Not a Collision with Motor Vehicle,,"[""Intersection Related"",""Older Driver (65+)"",""Pedestrian"",""Distracted Driver (Suspected)""]",0,0,0,0,1,"[""No Contributing Factors"",""No Contributing Factors""]",,Clear,Dry,Daylight,33.776699,-84.453057
6/7/20 7:16,Atlanta Police Department,Fulton,Atlanta,Peachtree Rd,Club Dr and Peachtree Rd,(O) No Injury,Not a Collision with Motor Vehicle,,"[""Intersection Related"",""Hit & Run"",""Pedestrian"",""Impaired (Suspected)"",""Distracted Driver (Suspected)""]",0,0,0,0,1,"[""No Contributing Factors"",""Other""]",,Clear,Dry,Daylight,33.857453,-84.348533
3/22/20 23:45,Atlanta Police Department,Fulton,Atlanta,Campbellton Rd Sw   Lee St,Lee St and Campbellton Rd Sw   Lee St,(O) No Injury,Not a Collision with Motor Vehicle,,"[""Intersection Related"",""Pedestrian"",""Older Driver (55-64)""]",0,0,0,0,1,,,Rain,Wet,Dark-Lighted,33.718207,-84.425209
10/16/20 15:02,Atlanta Police Department,Fulton,Atlanta,Peters St,Fair St and Peters St,(O) No Injury,Angle (Other),,"[""Intersection Related"",""Pedestrian""]",0,0,0,0,3,"[""Driver Lost Control"",""No Contributing Factors"",""No Contributing Factors"",""Other""]",,Clear,Dry,Daylight,33.748244,-84.401236
7/21/20 14:24,Atlanta Police Department,Fulton,Atlanta,W Peachtree St,7Th St and W Peachtree St,(O) No Injury,Not a Collision with Motor Vehicle,,"[""Intersection Related"",""Hit & Run"",""Pedestrian"",""Distracted Driver (Suspected)"",""Improper Occupant Protection""]",0,0,0,0,1,,,Clear,Dry,Daylight,33.778724,-84.387283
11/28/20 18:05,Atlanta Police Department,Fulton,Atlanta,Campbellton Rd,Ridgewood Ln and Campbellton Rd,(O) No Injury,Not a Collision with Motor Vehicle,,"[""Intersection Related"",""Pedestrian"",""Distracted Driver (Suspected)""]",0,0,0,0,1,,,Clear,Dry,Dark-Lighted,33.711823,-84.442241
5/19/20 15:36,Atlanta Police Department,Fulton,Atlanta,229 Peachtree Hills Ave,Virginia Pl and 229 Peachtree Hills Ave,(O) No Injury,Not a Collision with Motor Vehicle,,"[""Older Driver (65+)"",""Pedestrian""]",0,0,0,0,1,"[""Not Visible (Object, Person, or Vehicle)"",""Other""]",,Clear,Dry,Daylight,33.817344,-84.380506
1/22/20 16:49,Atlanta Police Department,Fulton,Atlanta,1016 Howell Mill Rd,,(O) No Injury,Not a Collision with Motor Vehicle,,"[""Roadway Departure"",""Pedestrian"",""Distracted Driver (Suspected)""]",0,0,0,0,1,"[""No Contributing Factors"",""No Contributing Factors""]",,Clear,Dry,Daylight,33.781824,-84.412436
3/6/20 18:16,Atlanta Police Department,Fulton,Atlanta,714 Edgewood Ave,Krog St and 714 Edgewood Ave,(O) No Injury,Head On,,"[""Intersection Related"",""Pedestrian"",""Improper Occupant Protection""]",0,0,0,0,1,,,Clear,Dry,Daylight,33.754652,-84.363962
9/2/20 6:06,Atlanta Police Department,Fulton,Atlanta,Marietta Blvd  Coronett Way,Maitetta Blvd and Marietta Blvd  Coronett Way,(O) No Injury,Not a Collision with Motor Vehicle,,"[""Intersection Related"",""Pedestrian"",""Distracted Driver (Suspected)""]",0,0,0,0,1,Other,,Clear,Dry,Dark-Not Lighted,33.817758,-84.448524
8/3/20 16:49,Atlanta Police Department,Fulton,Atlanta,Campbellton Rd,Delowe Dr and Campbellton Rd,(O) No Injury,Not a Collision with Motor Vehicle,,"[""Intersection Related"",""Older Driver (65+)"",""Pedestrian"",""Distracted Driver (Suspected)""]",0,0,0,0,1,"[""No Contributing Factors"",""Other""]",,Clear,Dry,Daylight,33.706473,-84.457387
12/15/20 11:10,Atlanta Police Department,Fulton,Atlanta,4120 E Brookhaven Dr,,(O) No Injury,Sideswipe-Opposite Direction,,"[""Pedestrian"",""Distracted Driver (Suspected)"",""Older Driver (55-64)""]",0,0,0,0,1,"[""No Contributing Factors"",""No Contributing Factors""]",,Clear,Dry,Daylight,33.868994,-84.348906
8/2/20 21:24,Atlanta Police Department,Fulton,Atlanta,1256 Joseph E Boone Blvd,Burbank Dr and 1256 Joseph E Boone Blvd,(O) No Injury,Not a Collision with Motor Vehicle,,"[""Hit & Run"",""Pedestrian"",""Distracted Driver (Suspected)""]",0,0,0,0,1,,,Clear,Dry,Dark-Lighted,33.763534,-84.428755
3/4/20 17:23,Atlanta Police Department,Fulton,Atlanta,Peachtree St,Wall St and Peachtree St,(O) No Injury,Not a Collision with Motor Vehicle,,"[""Intersection Related"",""Pedestrian"",""Older Driver (55-64)""]",0,0,0,0,1,,,Rain,Wet,Daylight,33.753702,-84.390262
6/11/20 19:25,Atlanta Police Department,Fulton,Atlanta,Northside Pkwy,I 75 and Northside Pkwy,(O) No Injury,Not a Collision with Motor Vehicle,,"[""Distracted Driver (Confirmed)"",""Pedestrian""]",0,0,0,0,1,"[""Other Activity - Mobile Device (Distracted)"",""Vision Obscured""]",,Clear,Dry,Daylight,33.846627,-84.428492
9/21/20 9:21,Atlanta Police Department,Fulton,Atlanta,Lawton St,Lawton St and Westview Dr,(O) No Injury,Head On,,"[""Intersection Related"",""Distracted Driver (Confirmed)"",""Hit & Run"",""Pedestrian""]",0,0,0,0,1,"[""Inattentive or Other Distraction (Distracted)"",""No Contributing Factors""]",,Clear,Dry,Daylight,33.747034,-84.423297
10/8/20 19:38,Atlanta Police Department,Fulton,Atlanta,W Peachtree St,Biltmore Pl and W Peachtree St,(C) Possible Injury / Complaint,Angle (Other),,"[""Intersection Related"",""Hit & Run"",""Bicycle""]",0,0,0,1,2,,,Clear,Dry,Dark-Lighted,33.777542,-84.387366
1/23/20 1:32,Atlanta Police Department,Fulton,Atlanta,I 7585,I 7585 and University Ave,(O) No Injury,Not a Collision with Motor Vehicle,,"[""Hit & Run"",""Pedestrian"",""Distracted Driver (Suspected)""]",0,0,0,0,1,"[""Other"",""Other""]",,Clear,Dry,Dark-Lighted,33.722133,-84.395013
12/13/20 0:59,Atlanta Police Department,Fulton,Atlanta,I 7585,I 7585 and Ralph D Abernathy Blvd,(B) Suspected Minor/Visible Injury,Rear End,,"[""Aggressive Driving"",""Pedestrian"",""Young Adult Driver (Age 20-24)""]",0,0,1,0,2,"[""No Contributing Factors"",""No Contributing Factors"",""Reckless Driving""]",,Rain,Wet,Dark-Lighted,33.736894,-84.391859
4/24/20 20:12,Atlanta Police Department,Fulton,Atlanta,Gillette Ave,Gillette Ave and Metropolitan Pkwy,(O) No Injury,Not a Collision with Motor Vehicle,,"[""Intersection Related"",""Hit & Run"",""Pedestrian"",""Distracted Driver (Suspected)""]",0,0,0,0,1,,,Clear,Dry,Daylight,33.732853,-84.408112
1/13/20 8:53,Atlanta Police Department,Fulton,Atlanta,Peachtree St,Baker St and Peachtree St,(O) No Injury,Not a Collision with Motor Vehicle,,"[""Intersection Related"",""Pedestrian"",""Distracted Driver (Suspected)"",""Older Driver (55-64)"",""Improper Occupant Protection""]",0,0,0,0,1,"[""No Contributing Factors"",""No Contributing Factors""]",,Rain,Wet,Daylight,33.762254,-84.387547
6/21/20 18:37,Atlanta Police Department,Fulton,Atlanta,Langhorn St,Lucile Ave and Langhorn St,(O) No Injury,Head On,,"[""Intersection Related"",""Hit & Run"",""Pedestrian""]",0,0,0,0,1,,,Clear,Wet,Daylight,33.742284,-84.432397
10/13/20 15:00,Dekalb Co Police Department,DeKalb,Atlanta,N Decatur Rd,Oxford Rd and N Decatur Rd,(O) No Injury,Not a Collision with Motor Vehicle,,"[""Intersection Related"",""Older Driver (65+)"",""Bicycle""]",0,0,0,0,1,"[""Failure to Yield"",""No Contributing Factors""]",,Clear,Dry,Daylight,33.788264,-84.325267
8/21/20 22:41,Atlanta Police Department,Fulton,Atlanta,Metropolitan Pkwy,Pegg Rd and Metropolitan Pkwy,(O) No Injury,Not a Collision with Motor Vehicle,,"[""Intersection Related"",""Aggressive Driving"",""Pedestrian"",""Young Adult Driver (Age 20-24)""]",0,0,0,0,1,"[""Improper Passing"",""No Contributing Factors""]",,Cloudy,Dry,Dark-Lighted,33.689154,-84.408207
7/25/20 20:01,Atlanta Police Department,Fulton,Atlanta,Cleveland Ave,Cleveland Ave and Metropolitan Pkwy,(O) No Injury,Head On,,"[""Intersection Related"",""Pedestrian"",""Distracted Driver (Suspected)"",""Older Driver (55-64)""]",0,0,0,0,1,,,Rain,Wet,Dusk,33.681273,-84.407711
11/21/20 15:44,Atlanta Police Department,Fulton,Atlanta,Headland Dr,Headland Dr and Greenbriar Pkwy,(O) No Injury,Not a Collision with Motor Vehicle,,"[""Intersection Related"",""Pedestrian"",""Distracted Driver (Suspected)""]",0,0,0,0,1,"[""No Contributing Factors"",""Other""]",,Clear,Dry,Daylight,33.689616,-84.489065
1/28/20 8:28,Atlanta Police Department,Fulton,Atlanta,Hemphill Ave,10Th St and Hemphill Ave,(O) No Injury,Not a Collision with Motor Vehicle,,"[""Intersection Related"",""Pedestrian""]",0,0,0,0,1,"[""Failure to Yield"",""No Contributing Factors""]",,Clear,Dry,Daylight,33.781592,-84.40423
11/5/20 17:36,Atlanta Police Department,Fulton,Atlanta,Pharr Rd,Pharr Rd and Peachtree Rd,(O) No Injury,Angle (Other),,"[""Intersection Related"",""Pedestrian""]",0,0,0,0,1,"[""Failure to Yield"",""No Contributing Factors""]",,Clear,Dry,Daylight,33.837045,-84.381431
11/9/20 16:11,Atlanta Police Department,Fulton,Atlanta,1023 Hutchens Rd,Forrest Park Rd and 1023 Hutchens Rd,(O) No Injury,Head On,,"[""Aggressive Driving"",""Hit & Run"",""Pedestrian"",""Young Adult Driver (Age 20-24)"",""Impaired (Suspected)"",""Older Driver (55-64)""]",0,0,0,0,2,"[""Improper Backing"",""No Contributing Factors"",""No Contributing Factors""]",,Clear,Dry,Daylight,33.665724,-84.355716
9/23/20 15:59,Atlanta Police Department,DeKalb,Atlanta,E Lake Dr Ne   Knox St,Knox St and E Lake Dr Ne   Knox St,(B) Suspected Minor/Visible Injury,Angle (Other),,"[""Intersection Related"",""Bicycle"",""Improper Occupant Protection""]",0,0,1,0,2,,,Clear,Dry,Daylight,33.752574,-84.301366
3/8/20 15:31,Atlanta Police Department,Fulton,Atlanta,Harwell Rd,Harwell Rd and Kingston Rd,(O) No Injury,Angle (Other),,"[""Intersection Related"",""Pedestrian"",""Young Adult Driver (Age 20-24)""]",0,0,0,0,1,,,Clear,Dry,Daylight,33.779646,-84.494956
2/6/20 17:20,Atlanta Police Department,Fulton,Atlanta,798 Ponce De Leon Ave,,Unknown,Not a Collision with Motor Vehicle,,"[""Older Driver (65+)"",""Pedestrian""]",0,0,0,0,1,"[""Failure to Yield"",""No Contributing Factors""]",,Rain,Wet,Daylight,33.774134,-84.360967
4/20/20 21:29,Atlanta Police Department,Fulton,Atlanta,349 Decatur St,,(O) No Injury,Angle (Other),,"[""Hit & Run"",""Pedestrian"",""Improper Occupant Protection""]",0,0,0,0,1,"[""Driver Lost Control"",""No Contributing Factors""]",,Clear,Dry,Dark-Lighted,33.749924,-84.377056
11/14/20 16:28,Atlanta Police Department,Fulton,Atlanta,Courtland St Se   Gilmer St,Gilmer St and Courtland St Se   Gilmer St,(O) No Injury,Not a Collision with Motor Vehicle,,"[""Intersection Related"",""Hit & Run"",""Pedestrian""]",0,0,0,0,1,"[""Disregard Stop Sign/Signal"",""No Contributing Factors"",""No Contributing Factors"",""No Contributing Factors""]",,Clear,Dry,Daylight,33.753476,-84.385309
12/19/20 19:22,Atlanta Police Department,Fulton,Atlanta,193 Auburn Ave,,(O) No Injury,Not a Collision with Motor Vehicle,,"[""Distracted Driver (Confirmed)"",""Pedestrian""]",0,0,0,0,1,"[""Inattentive or Other Distraction (Distracted)"",""No Contributing Factors""]",,Clear,Dry,Dark-Lighted,33.755294,-84.381376
10/19/20 17:18,Atlanta Police Department,Fulton,Atlanta,2110 Peachtree,Bennett St and 2110 Peachtree,(O) No Injury,Head On,,"[""Pedestrian"",""Young Adult Driver (Age 20-24)""]",0,0,0,0,1,"[""No Contributing Factors"",""Vision Obscured""]",,Clear,Dry,Daylight,33.812024,-84.392706
3/20/20 12:10,Atlanta Police Department,Fulton,Atlanta,W Paces Ferry Rd,Habersham Rd and W Paces Ferry Rd,Unknown,Angle (Other),,"[""Intersection Related"",""Older Driver (65+)"",""Pedestrian""]",0,0,0,0,1,,,Clear,Dry,Daylight,33.844039,-84.39538
2/26/20 7:15,Atlanta Police Department,Fulton,Atlanta,Langston Dr Sw   Metropolitan Pkwy,Metropolitan Pkwy and Langston Dr Sw   Metropolitan Pkwy,Unknown,Head On,,"[""Intersection Related"",""Older Driver (65+)"",""Pedestrian"",""Distracted Driver (Suspected)""]",0,0,0,0,1,,,Clear,Dry,Daylight,33.695293,-84.408137
2/21/20 19:08,Atlanta Police Department,Fulton,Atlanta,3460 Jonesboro Rd Se Southside Park,School Dr and 3460 Jonesboro Rd Se Southside Park,(O) No Injury,Head On,,"[""Pedestrian"",""Distracted Driver (Suspected)"",""Older Driver (55-64)""]",0,0,0,0,1,,,Clear,Dry,Dark-Lighted,33.660856,-84.372468
11/5/20 23:08,Atlanta Police Department,Fulton,Atlanta,2257 Lenox Rd,2257 Lenox Rd and Cheshire Bridge Rd,(O) No Injury,Head On,,"[""Intersection Related"",""Aggressive Driving"",""Hit & Run"",""Pedestrian"",""Speed Related""]",0,0,0,0,1,"[""No Contributing Factors"",""Reckless Driving""]",,Clear,Dry,Dark-Lighted,33.816694,-84.351796
2/28/20 14:37,Atlanta Police Department,Fulton,Atlanta,126 Ivan Allen Jr Blvd,Lovejoy St and 126 Ivan Allen Jr Blvd,(O) No Injury,Angle (Other),,Pedestrian,0,0,0,0,1,,,Cloudy,Dry,Daylight,33.76454,-84.394012
8/21/20 21:40,Atlanta Police Department,Fulton,Atlanta,2685 Beeler Dr,,(O) No Injury,Not a Collision with Motor Vehicle,,"[""Intersection Related"",""Roadway Departure"",""Pedestrian"",""Young Adult Driver (Age 20-24)"",""Distracted Driver (Suspected)""]",0,0,0,0,1,,,Rain,Wet,Dark-Lighted,33.681157,-84.40129
5/6/20 8:31,Atlanta Police Department,Fulton,Atlanta,17Th St Nw   Village St,Village St and 17Th St Nw   Village St,(O) No Injury,Head On,,"[""Intersection Related"",""Hit & Run"",""Pedestrian"",""Improper Occupant Protection""]",0,0,0,0,1,"[""Disregard Other Traffic Control"",""Other""]",,Clear,Dry,Daylight,33.789693,-84.402876
8/11/20 15:29,Atlanta Police Department,Fulton,Atlanta,1247 Joseph E Boone Blvd,,(O) No Injury,Head On,,"[""Pedestrian"",""Distracted Driver (Suspected)"",""Improper Occupant Protection""]",0,0,0,0,1,"[""No Contributing Factors"",""No Contributing Factors""]",,Clear,Dry,Daylight,33.764264,-84.428666
2/5/20 0:47,Atlanta Police Department,Fulton,Atlanta,Lucile Ave,Lucile Ave and Langhorn St,(O) No Injury,Head On,,"[""Intersection Related"",""Hit & Run"",""Pedestrian"",""Impaired (Suspected)"",""Distracted Driver (Suspected)""]",0,0,0,0,1,No Contributing Factors,,Clear,Wet,Dark-Lighted,33.742284,-84.432397
2/27/20 16:27,Atlanta Police Department,Fulton,Atlanta,Baker St,Baker St and Luckie St,(C) Possible Injury / Complaint,Not a Collision with Motor Vehicle,,"[""Intersection Related"",""Bicycle"",""Distracted Driver (Suspected)"",""Older Driver (55-64)"",""Improper Occupant Protection""]",0,0,0,1,2,,,Clear,Dry,Daylight,33.761977,-84.395098
1/12/20 15:29,Atlanta Police Department,Fulton,Atlanta,1005 Lee St,,(O) No Injury,Not a Collision with Motor Vehicle,,"[""Intersection Related"",""Aggressive Driving"",""Hit & Run"",""Pedestrian""]",0,0,0,0,1,Reckless Driving,,Clear,Dry,Daylight,33.727234,-84.417946
12/29/20 13:02,Atlanta Police Department,Fulton,Atlanta,Garson Dr Ne   Lindburgh Dr,Garson Dr and Garson Dr Ne   Lindburgh Dr,(O) No Injury,Not a Collision with Motor Vehicle,,"[""Intersection Related"",""Pedestrian"",""Distracted Driver (Suspected)""]",0,0,0,0,1,"[""No Contributing Factors"",""Other""]",,Clear,Dry,Daylight,33.821101,-84.370197
6/4/20 11:20,Emory Police Department,DeKalb,Atlanta,Uppergate Dr,Uppergate Dr and Clifton Rd Ne,(C) Possible Injury / Complaint,Not a Collision with Motor Vehicle,,"[""Older Driver (65+)"",""Pedestrian"",""Improper Occupant Protection""]",0,0,0,1,1,,,Clear,Dry,Daylight,33.793113,-84.319454
2/27/20 7:34,Atlanta Police Department,Fulton,Atlanta,1100 Northside Dr,Ethel St and 1100 Northside Dr,Unknown,Not a Collision with Motor Vehicle,,"[""Hit & Run"",""Pedestrian""]",0,0,0,0,1,,,Clear,Dry,Daylight,33.785038,-84.407454
10/6/20 19:12,Atlanta Police Department,Fulton,Atlanta,Donald Lee Hollowell Pkwy,Simmons St and Donald Lee Hollowell Pkwy,(K) Fatal Injury,Not a Collision with Motor Vehicle,,"[""Intersection Related"",""Motorcycle"",""Pedestrian"",""Distracted Driver (Suspected)""]",1,1,0,0,1,,,Clear,Dry,Dark-Lighted,33.773205,-84.420156
9/10/20 15:20,Gsp Post 00,Fulton,Atlanta,I 85,,(K) Fatal Injury,Not a Collision with Motor Vehicle,,"[""Pedestrian"",""Distracted Driver (Suspected)""]",1,0,0,2,1,,,Cloudy,Dry,Daylight,33.746259,-84.391455
4/20/20 15:25,Atlanta Police Department,Fulton,Atlanta,Larchwood Rd,Barfield Ave and Larchwood Rd,(C) Possible Injury / Complaint,Not a Collision with Motor Vehicle,,"[""Intersection Related"",""Older Driver (65+)"",""Pedestrian""]",0,0,0,1,1,,,Clear,Dry,Daylight,33.747559,-84.4617
1/22/20 20:00,Atlanta Police Department,Fulton,Atlanta,1891 Johnson Rd Nw Aps Boyd Es,Habershal Dr and 1891 Johnson Rd Nw Aps Boyd Es,(O) No Injury,Head On,,"[""Hit & Run"",""Pedestrian"",""Distracted Driver (Suspected)""]",0,0,0,0,1,"[""No Contributing Factors"",""No Contributing Factors""]",,Clear,Dry,Daylight,33.785784,-84.449236