Date and Time,Agency Name (Crash Level) ,Area: County,Area: City,Roadway (From Crash Report),Intersection Name (from Crash Report),KABCO Severity,Manner of Collision (Crash Level) ,First Harmful Event (Crash Level) ,SHSP Emphasis Areas,# of Fatalities (Person Table),# Serious Injuries,# Visible Injuries,# Complaint Injuries,# of Vehicles,Operator / Driver Contributing Factor -old,Roadway Contributing Factors (Crash Level) ,Weather Conditions (Crash Level),Surface Condition (Crash Level) ,Light Conditions (Crash Level),Latitude ,Longitude
2/12/20 8:16,Atlanta Police Department,Fulton,Atlanta,Lakewood Ave,Lakewood Ave and Metropolitan Pkwy,(O) No Injury,Head On,,"[""Intersection Related"",""Aggressive Driving"",""Hit & Run"",""Pedestrian""]",0,0,0,0,1,,,Cloudy,Wet,Daylight,33.697205,-84.408095
2/10/20 13:15,Atlanta Police Department,Fulton,Atlanta,2 Joseph E Lowery Blvd,,(O) No Injury,Not a Collision with Motor Vehicle,,"[""Intersection Related"",""Hit & Run"",""Pedestrian""]",0,0,0,0,1,,,Rain,Wet,Daylight,33.757444,-84.41752
10/13/20 16:22,Atlanta Police Department,Fulton,Atlanta,Ralph D Abernathy Blvd,Gordon Pl and Ralph D Abernathy Blvd,(O) No Injury,Angle (Other),,"[""Intersection Related"",""Older Driver (65+)"",""Pedestrian""]",0,0,0,0,1,"[""Failure to Yield"",""No Contributing Factors""]",,Clear,Dry,Daylight,33.737943,-84.419342
11/3/20 9:38,Atlanta Police Department,Fulton,Atlanta,751 Fairburn Rd,Mays Xing and 751 Fairburn Rd,(O) No Injury,Angle (Other),,"[""Bicycle"",""Older Driver (55-64)"",""Improper Occupant Protection""]",0,0,0,0,2,"[""No Contributing Factors"",""Wrong Side of Road""]",,Clear,Dry,Daylight,33.734532,-84.510564
2/7/20 19:18,Atlanta Police Department,Fulton,Atlanta,N Ave Ne   Parkway Dr,Parkway Dr and N Ave Ne   Parkway Dr,(O) No Injury,Not a Collision with Motor Vehicle,,"[""Intersection Related"",""Hit & Run"",""Pedestrian"",""Distracted Driver (Suspected)"",""Improper Occupant Protection""]",0,0,0,0,1,"[""No Contributing Factors"",""No Contributing Factors"",""No Contributing Factors""]",,Clear,Dry,Dark-Lighted,33.77118,-84.372776
2/13/20 7:06,Atlanta Police Department,Fulton,Atlanta,Collier Rd Nw   Peachtree Rd,Peachtree Rd and Collier Rd Nw   Peachtree Rd,(O) No Injury,Sideswipe-Opposite Direction,,"[""Intersection Related"",""Pedestrian"",""Older Driver (55-64)""]",0,0,0,0,1,,,Rain,Wet,Dawn,33.806704,-84.393889
4/12/20 4:33,Atlanta Police Department,Fulton,Atlanta,I 7585,I 7585 and Piedmont Ave,(O) No Injury,Not a Collision with Motor Vehicle,,"[""Pedestrian"",""Impaired (Suspected)"",""Distracted Driver (Suspected)""]",0,0,0,0,1,"[""No Contributing Factors"",""Reaction to Object or Animal""]",,Clear,Dry,Dark-Lighted,33.762042,-84.382022
11/11/20 22:50,Atlanta Police Department,Fulton,Atlanta,2601 Beeler Dr,,(O) No Injury,Not a Collision with Motor Vehicle,,"[""Hit & Run"",""Pedestrian"",""Distracted Driver (Suspected)""]",0,0,0,0,1,No Contributing Factors,,Fog,Wet,Dark-Not Lighted,33.683824,-84.401416
5/11/20 14:00,Dekalb Co Police Department,Fulton,Atlanta,Moreland Ave,Hillcrest Dr and Moreland Ave,(B) Suspected Minor/Visible Injury,Not a Collision with Motor Vehicle,,"[""Distracted Driver (Confirmed)"",""Hit & Run"",""Pedestrian"",""Impaired (Suspected)"",""Improper Occupant Protection""]",0,0,1,0,1,,,Clear,Dry,Daylight,33.69843,-84.349574
3/28/20 14:39,Atlanta Police Department,Fulton,Atlanta,Decatur St,Decatur St and Peachtree St,(B) Suspected Minor/Visible Injury,Sideswipe-Same Direction,,"[""Intersection Related"",""Motorcycle"",""Pedestrian"",""Improper Occupant Protection""]",0,0,1,0,1,,,Clear,Dry,Daylight,33.754348,-84.38976
6/13/20 15:54,Atlanta Police Department,Fulton,Atlanta,2900 Peachtree Rd,Delmont Dr and 2900 Peachtree Rd,(O) No Injury,Not a Collision with Motor Vehicle,,"[""Intersection Related"",""Roadway Departure"",""Hit & Run"",""Pedestrian""]",0,0,0,0,1,,,Clear,Dry,Daylight,33.833609,-84.383242
9/5/21 2:50,Atlanta Police Department,Fulton,Atlanta,Peachtree St Nw,Pharr Rd Nw and Peachtree St Nw,(A) Suspected Serious Injury,Not a Collision with Motor Vehicle,,"[""Intersection Related"",""Hit & Run"",""Pedestrian"",""Impaired (Suspected)"",""Improper Occupant Protection""]",0,1,0,0,1,,,Clear,Dry,Dark-Lighted,33.837057,-84.381398
4/1/21 1:06,Atlanta Police Department,DeKalb,Atlanta,I- 20,I- 20 and Fayetteville Rd Se,(A) Suspected Serious Injury,Not a Collision with Motor Vehicle,,"[""Pedestrian"",""Impaired (Suspected)"",""Improper Occupant Protection""]",0,1,0,0,1,,,Clear,Dry,Dark-Lighted,33.72458,-84.324177
8/21/21 0:21,Atlanta Police Department,Fulton,Atlanta,James Jackson Pkwy Nw,Bankhead Hwy Nw and James Jackson Pkwy Nw,(A) Suspected Serious Injury,Not a Collision with Motor Vehicle,,"[""Pedestrian"",""Impaired (Suspected)"",""Older Driver (55-64)"",""Improper Occupant Protection""]",0,1,0,0,1,,,Cloudy,Dry,Dark-Not Lighted,33.776801,-84.473832
1/2/21 22:45,Atlanta Police Department,Fulton,Atlanta,656 Pryor St,656 Pryor St and Ralph D Abernathy,Unknown,Head On,,"[""Intersection Related"",""Pedestrian""]",0,0,0,0,1,,,Clear,Dry,Dark-Lighted,33.736848,-84.394379
8/10/21 12:47,Atlanta Police Department,Fulton,Atlanta,Piedmont Ave Ne,Piedmont Ave Ne and Ponce De Leon Ave Ne,(C) Possible Injury / Complaint,Not a Collision with Motor Vehicle,,"[""Intersection Related"",""Bicycle"",""Impaired (Suspected)"",""Older Driver (55-64)""]",0,0,0,1,1,,,Clear,Dry,Daylight,33.772646,-84.381767
2/3/21 15:10,Atlanta Police Department,Fulton,Atlanta,Morosgo Dr,Morosgo Dr and Piedmont Rd,(O) No Injury,Angle (Other),,"[""Intersection Related"",""Pedestrian""]",0,0,0,0,1,,,Clear,Dry,Daylight,33.823604,-84.367269
4/6/21 18:47,Atlanta Police Department,Fulton,Atlanta,Charlotte Pl Nw,Bankhead Hwy Nw and Charlotte Pl Nw,(C) Possible Injury / Complaint,Not a Collision with Motor Vehicle,,"[""Aggressive Driving"",""Hit & Run"",""Pedestrian"",""Impaired (Suspected)"",""Speed Related""]",0,0,0,1,1,,,Clear,Dry,Daylight,33.776007,-84.450897
11/13/21 2:20,Atlanta Police Department,Fulton,Atlanta,Northside Dr Sw,Whitehall St Sw and Northside Dr Sw,(A) Suspected Serious Injury,Not a Collision with Motor Vehicle,,"[""Intersection Related"",""Aggressive Driving"",""Hit & Run"",""Pedestrian"",""Impaired (Suspected)""]",0,1,0,0,1,,,Clear,Dry,Dark-Lighted,33.742144,-84.408161
9/30/21 17:47,Atlanta Police Department,Fulton,Atlanta,Martin Luther King Jr Dr Sw,Adamsville Dr Sw and Martin Luther King Jr Dr Sw,(B) Suspected Minor/Visible Injury,Angle (Other),,"[""Intersection Related"",""CMV Related"",""Older Driver (65+)"",""Pedestrian""]",0,0,2,2,2,,,Clear,Dry,Daylight,33.762092,-84.508172
3/21/21 1:06,Atlanta Police Department,Fulton,Atlanta,Ponce De Leon Ave Ne,Durant Pl Ne and Ponce De Leon Ave Ne,(B) Suspected Minor/Visible Injury,Not a Collision with Motor Vehicle,,"[""Intersection Related"",""Distracted Driver (Confirmed)"",""Hit & Run"",""Pedestrian"",""Impaired (Suspected)""]",0,0,1,0,1,,,Clear,Dry,Dark-Lighted,33.772313,-84.375881
12/6/21 0:40,Atlanta Police Department,Fulton,Atlanta,Spring St Nw,10Th St Nw and Spring St Nw,(A) Suspected Serious Injury,Not a Collision with Motor Vehicle,,"[""Intersection Related"",""Hit & Run"",""Pedestrian"",""Impaired (Suspected)"",""Improper Occupant Protection""]",0,1,0,0,1,,,Clear,Dry,Dark-Lighted,33.781507,-84.389146
3/30/21 14:30,Atlanta Police Department,Fulton,Atlanta,Stiff St Nw,Stiff St Nw and Bankhead Hwy Nw,(C) Possible Injury / Complaint,Not a Collision with Motor Vehicle,,"[""Intersection Related"",""Bicycle"",""Distracted Driver (Suspected)""]",0,0,0,1,1,,,Clear,Dry,Daylight,33.771904,-84.428126
7/9/21 1:25,Atlanta Police Department,Fulton,Atlanta,Auburn Ave Ne   Bell St Ne,,(C) Possible Injury / Complaint,Sideswipe-Same Direction,,"[""Hit & Run"",""Pedestrian"",""Impaired (Suspected)"",""Improper Occupant Protection""]",0,0,0,1,3,,,Clear,Dry,Dark-Not Lighted,33.768345,-84.366649
9/6/21 15:55,Atlanta Police Department,Fulton,Atlanta,Glen Iris Dr Ne,Rankin St Ne and Glen Iris Dr Ne,(B) Suspected Minor/Visible Injury,Not a Collision with Motor Vehicle,,"[""Intersection Related"",""Hit & Run"",""Pedestrian"",""Impaired (Suspected)"",""Improper Occupant Protection""]",0,0,1,0,1,,,Clear,Dry,Daylight,33.767096,-84.367693
10/10/21 0:44,Atlanta Police Department,Fulton,Atlanta,Bennett St Nw,Peachtree Rd and Bennett St Nw,(O) No Injury,Not a Collision with Motor Vehicle,,"[""Intersection Related"",""Bicycle"",""Distracted Driver (Suspected)""]",0,0,0,0,1,,,Clear,Dry,Dark-Lighted,33.81232,-84.392175
1/17/21 22:53,Atlanta Police Department,Fulton,Atlanta,Capitol Ave,I 20 and Capitol Ave,(B) Suspected Minor/Visible Injury,Not a Collision with Motor Vehicle,,"[""Hit & Run"",""Pedestrian""]",0,0,1,0,1,,,Clear,Dry,Dark-Lighted,33.744386,-84.387772
1/15/21 22:40,Atlanta Police Department,Fulton,Atlanta,Northside Dr Sw   Mcdaniel St,Mcdaniel St and Northside Dr Sw   Mcdaniel St,(O) No Injury,Not a Collision with Motor Vehicle,,"[""Intersection Related"",""Hit & Run"",""Pedestrian""]",0,0,0,0,1,,,Clear,Dry,Dark-Lighted,33.746264,-84.406565
4/10/21 16:12,Atlanta Police Department,Fulton,Atlanta,Pine St Ne,Pine St Ne and Courtland St Ne,(A) Suspected Serious Injury,Not a Collision with Motor Vehicle,,"[""Intersection Related"",""Pedestrian"",""Distracted Driver (Suspected)"",""Improper Occupant Protection""]",0,1,0,0,1,,,Clear,Dry,Daylight,33.767451,-84.384084
5/5/21 16:00,Atlanta Police Department,Fulton,Atlanta,10Th St Nw,10Th St Nw and Northside Pkwy Nw,(A) Suspected Serious Injury,Not a Collision with Motor Vehicle,,"[""Intersection Related"",""Aggressive Driving"",""Roadway Departure"",""Older Driver (65+)"",""Bicycle"",""Improper Occupant Protection""]",0,1,0,0,1,,,Clear,Dry,Daylight,33.781557,-84.408114
10/1/21 17:30,Atlanta Police Department,Fulton,Atlanta,North Ave Nw,North Ave Nw and Northside Pkwy Nw,(O) No Injury,Not a Collision with Motor Vehicle,,"[""Intersection Related"",""Hit & Run"",""Pedestrian""]",0,0,0,0,1,,,Clear,Dry,Daylight,33.770024,-84.404783
3/30/21 17:34,Atlanta Police Department,Fulton,Atlanta,Fairfield Pl Nw,Fairfield Pl Nw and Martin Luther King Jr Dr Sw,(C) Possible Injury / Complaint,Not a Collision with Motor Vehicle,,"[""Aggressive Driving"",""Roadway Departure"",""Hit & Run"",""Pedestrian"",""Impaired (Suspected)"",""Older Driver (55-64)"",""Improper Occupant Protection""]",0,0,0,2,1,,,Clear,Dry,Dark-Lighted,33.752335,-84.463933
1/3/21 5:49,Atlanta Police Department,Fulton,Atlanta,232 Forsyth St Sw Greyhound Sta,Brotherton St and 232 Forsyth St Sw Greyhound Sta,(O) No Injury,Not a Collision with Motor Vehicle,,"[""Pedestrian"",""Distracted Driver (Suspected)"",""Older Driver (55-64)""]",0,0,0,0,1,,,Clear,Dry,Dark-Lighted,33.748514,-84.396356
12/13/21 4:15,Atlanta Police Department,Fulton,Atlanta,Edgewood Ave Se,Edgewood Ave Se and Wm Holmes Borders Sr Dr Ne,(B) Suspected Minor/Visible Injury,Not a Collision with Motor Vehicle,,"[""Intersection Related"",""Roadway Departure"",""Hit & Run"",""Pedestrian"",""Impaired (Suspected)"",""Distracted Driver (Suspected)""]",0,0,1,0,2,,,Clear,Dry,Dark-Lighted,33.754353,-84.375402
10/2/21 14:25,Atlanta Police Department,Fulton,Atlanta,Donnelly Ave Sw,Cascade Rd and Donnelly Ave Sw,(A) Suspected Serious Injury,Not a Collision with Motor Vehicle,,"[""Pedestrian"",""Impaired (Suspected)"",""Improper Occupant Protection""]",0,1,0,0,1,,,Clear,Dry,Daylight,33.738417,-84.435036
10/23/21 10:02,Atlanta Police Department,Fulton,Atlanta,W Paces Ferry Rd Nw,Tuxedo Rd Nw and W Paces Ferry Rd Nw,(B) Suspected Minor/Visible Injury,Not a Collision with Motor Vehicle,,"[""Intersection Related"",""Distracted Driver (Confirmed)"",""Older Driver (65+)"",""Pedestrian""]",0,0,1,0,1,,,Clear,Dry,Daylight,33.845461,-84.402606
6/25/21 6:30,Atlanta Police Department,Fulton,Atlanta,Marietta St,Marietta St and Centennial Olympic Park Dr Nw,(B) Suspected Minor/Visible Injury,Not a Collision with Motor Vehicle,,"[""Intersection Related"",""Pedestrian"",""Improper Occupant Protection""]",0,0,1,0,1,,,Clear,Dry,Daylight,33.757843,-84.393453
9/5/21 12:20,Atlanta Police Department,Fulton,Atlanta,N Angier Ave Ne,North Ave Ne and N Angier Ave Ne,(B) Suspected Minor/Visible Injury,Not a Collision with Motor Vehicle,,"[""Pedestrian"",""Distracted Driver (Suspected)"",""Improper Occupant Protection""]",0,0,1,0,1,,,Clear,Dry,Daylight,33.770356,-84.364502
8/15/21 19:06,Atlanta Police Department,Fulton,Atlanta,Delmar Ln Nw,Linkwood and Delmar Ln Nw,(C) Possible Injury / Complaint,Head On,,"[""Aggressive Driving"",""Hit & Run"",""Pedestrian"",""Impaired (Suspected)"",""Older Driver (55-64)"",""Improper Occupant Protection""]",0,0,0,2,2,,,Clear,Dry,Daylight,33.755308,-84.485133
10/23/21 14:46,Atlanta Police Department,Fulton,Atlanta,Northside Dr Nw,Magnolia St Nw and Northside Dr Nw,(A) Suspected Serious Injury,Not a Collision with Motor Vehicle,,"[""Intersection Related"",""Pedestrian"",""Distracted Driver (Suspected)""]",0,1,0,0,1,,,Clear,Dry,Daylight,33.758322,-84.40277
6/10/21 21:00,Atlanta Police Department,Fulton,Atlanta,Piedmont Ave Ne,Piedmont Ave Ne and Ralph Mcgill Blvd Ne,(C) Possible Injury / Complaint,Not a Collision with Motor Vehicle,,"[""Intersection Related"",""Pedestrian"",""Improper Occupant Protection""]",0,0,0,1,1,,,Rain,Water (standing or moving),Dark-Lighted,33.764187,-84.38207
9/1/21 14:44,Atlanta Police Department,Fulton,Atlanta,James P Brawley Dr Nw,Bankhead Hwy Nw and James P Brawley Dr Nw,(B) Suspected Minor/Visible Injury,Not a Collision with Motor Vehicle,,"[""Intersection Related"",""Pedestrian"",""Improper Occupant Protection""]",0,0,1,0,1,,,Clear,Dry,Daylight,33.77305,-84.412431
12/6/21 19:45,Atlanta Police Department,Fulton,Atlanta,Jonesboro Rd Se,I-285 E and Jonesboro Rd Se,(A) Suspected Serious Injury,Not a Collision with Motor Vehicle,,"[""Roadway Departure"",""Distracted Driver (Confirmed)"",""Pedestrian"",""Impaired (Suspected)""]",0,1,0,0,1,,,Cloudy,Dry,Dark-Not Lighted,33.651485,-84.366791
9/4/21 0:28,Atlanta Police Department,Fulton,Atlanta,Campbellton Rd Sw,Oakland Dr Sw and Campbellton Rd Sw,(C) Possible Injury / Complaint,Not a Collision with Motor Vehicle,,"[""Intersection Related"",""Roadway Departure"",""Hit & Run"",""Pedestrian""]",0,0,0,1,1,,,Clear,Dry,Dark-Lighted,33.71758,-84.427457
11/21/21 0:15,Atlanta Police Department,Fulton,Atlanta,Piedmont Rd Ne,Piedmont Rd Ne and Peachtree Rd Ne,(C) Possible Injury / Complaint,Not a Collision with Motor Vehicle,,"[""Intersection Related"",""Pedestrian"",""Impaired (Suspected)""]",0,0,0,1,1,,,Clear,Dry,Dark-Lighted,33.843794,-84.371404
2/18/21 18:56,Georgia Tech Police Department,Fulton,Atlanta,Tenth St,State St and Tenth St,(C) Possible Injury / Complaint,Not a Collision with Motor Vehicle,,"[""Intersection Related"",""Pedestrian"",""Young Adult Driver (Age 20-24)"",""Distracted Driver (Suspected)"",""Improper Occupant Protection""]",0,0,0,1,1,,,Rain,Wet,Dark-Lighted,33.781512,-84.399164
1/29/21 23:52,Atlanta Police Department,Fulton,Atlanta,3700 Martin L King Jr Dr,Adamsville Pl Pkwy and 3700 Martin L King Jr Dr,(K) Fatal Injury,Not a Collision with Motor Vehicle,,"[""Aggressive Driving"",""Pedestrian"",""Speed Related"",""Improper Occupant Protection""]",1,0,0,0,1,,,Clear,Dry,Dark-Not Lighted,33.763264,-84.509496
4/23/21 13:00,Atlanta Police Department,Fulton,Atlanta,Greenbriar Pkwy Sw,Langford Pkwy and Greenbriar Pkwy Sw,(C) Possible Injury / Complaint,Not a Collision with Motor Vehicle,,"[""Older Driver (65+)"",""Bicycle""]",0,0,0,1,1,,,Clear,Dry,Daylight,33.691486,-84.489633
9/12/21 22:26,Atlanta Police Department,Fulton,Atlanta,13Th St Ne,,(B) Suspected Minor/Visible Injury,Not a Collision with Motor Vehicle,,"[""Pedestrian"",""Impaired (Suspected)""]",0,0,1,0,1,,,Clear,Dry,Dark-Lighted,33.78564,-84.385693
6/14/21 15:25,Georgia Tech Police Department,Fulton,Atlanta,190 Fowler St,,(O) No Injury,Angle (Other),,Pedestrian,0,0,0,0,1,,,Clear,Dry,Daylight,33.780264,-84.393582
11/17/21 19:43,Atlanta Police Department,Fulton,Atlanta,Hightower Rd Nw,West Ave Nw and Hightower Rd Nw,(A) Suspected Serious Injury,Not a Collision with Motor Vehicle,,"[""Pedestrian"",""Improper Occupant Protection""]",0,1,0,0,2,,,Clear,Dry,Dark-Lighted,33.788403,-84.470378
4/8/21 3:55,Atlanta Police Department,Fulton,Atlanta,Martin Luther King Jr Dr Sw,Adamsville Pl and Martin Luther King Jr Dr Sw,(K) Fatal Injury,Not a Collision with Motor Vehicle,,"[""Pedestrian"",""Impaired (Suspected)"",""Older Driver (55-64)"",""Improper Occupant Protection""]",1,0,0,0,1,,,Clear,Dry,Dark-Lighted,33.762867,-84.508821
3/22/21 15:27,Atlanta Police Department,Fulton,Atlanta,Sims St Sw,Sims St Sw and University Ave,(B) Suspected Minor/Visible Injury,Not a Collision with Motor Vehicle,,"[""Intersection Related"",""Hit & Run"",""Bicycle"",""Impaired (Suspected)"",""Distracted Driver (Suspected)"",""Older Driver (55-64)""]",0,0,1,0,1,,,Clear,Dry,Daylight,33.722155,-84.403226
9/11/21 20:08,Atlanta Police Department,Fulton,Atlanta,Vine St Nw,Vine St Nw and Simpson Rd Nw,(A) Suspected Serious Injury,Not a Collision with Motor Vehicle,,"[""Intersection Related"",""Distracted Driver (Confirmed)"",""Pedestrian"",""Impaired (Suspected)"",""Older Driver (55-64)""]",0,1,0,0,1,,,Clear,Dry,Dark-Lighted,33.763427,-84.407772
9/6/21 20:10,Atlanta Police Department,Fulton,Atlanta,Fulton Industrial Blvd Nw,Bankhead Hwy Nw and Fulton Industrial Blvd Nw,(A) Suspected Serious Injury,Not a Collision with Motor Vehicle,,"[""Intersection Related"",""Pedestrian"",""Young Adult Driver (Age 20-24)"",""Impaired Driving (Confirmed)"",""Improper Occupant Protection""]",0,1,0,0,1,,,Clear,Dry,Dark-Lighted,33.79014,-84.496337
3/14/21 18:54,Atlanta Police Department,Fulton,Atlanta,Peachtree Rd Ne   Peachtree Battle Ave,Peachtree Battle Ave and Peachtree Rd Ne   Peachtree Battle Ave,(O) No Injury,Angle (Other),,"[""Intersection Related"",""Pedestrian"",""Young Adult Driver (Age 20-24)""]",0,0,0,0,1,,,Clear,Dry,Daylight,33.819654,-84.388498
4/17/21 11:30,Atlanta Police Department,Fulton,Atlanta,Peachtree St,12Th St Ne and Peachtree St,(A) Suspected Serious Injury,Not a Collision with Motor Vehicle,,"[""Intersection Related"",""Hit & Run"",""Pedestrian"",""Improper Occupant Protection""]",0,1,0,0,1,,,Clear,Dry,Dark-Not Lighted,33.784305,-84.383075
9/11/21 8:59,Atlanta Police Department,Fulton,Atlanta,Piedmont Rd Ne,Lenox Rd Ne and Piedmont Rd Ne,(A) Suspected Serious Injury,Not a Collision with Motor Vehicle,,"[""Intersection Related"",""Older Driver (65+)"",""Bicycle""]",0,1,0,0,1,,,Clear,Dry,Daylight,33.848512,-84.374235
7/4/21 15:05,Atlanta Police Department,Fulton,Atlanta,7Th St Ne,7Th St Ne and Peachtree St,(B) Suspected Minor/Visible Injury,Not a Collision with Motor Vehicle,,"[""Intersection Related"",""Hit & Run"",""Pedestrian"",""Impaired (Suspected)""]",0,0,1,0,1,,,Clear,Dry,Daylight,33.778522,-84.384307
1/6/21 21:15,Atlanta Police Department,Fulton,Atlanta,3186 Roswell Rd,,(O) No Injury,Not a Collision with Motor Vehicle,,"[""Hit & Run"",""Pedestrian"",""Distracted Driver (Suspected)"",""Improper Occupant Protection""]",0,0,0,0,1,,,Clear,Dry,Dark-Lighted,33.842214,-84.379256
7/3/21 20:16,Gsp Post 00,Fulton,Atlanta,894 Park St,894 Park St and Joseph E Lowery Blvd,(A) Suspected Serious Injury,Not a Collision with Motor Vehicle,,"[""Aggressive Driving"",""Hit & Run"",""Pedestrian"",""Improper Occupant Protection""]",0,1,0,0,1,,,Clear,Dry,Dusk,33.741905,-84.417241
7/15/21 23:14,Atlanta Police Department,Fulton,Atlanta,Auburn Ave Ne,Boulevard Ne and Auburn Ave Ne,(A) Suspected Serious Injury,Not a Collision with Motor Vehicle,,"[""Intersection Related"",""Hit & Run"",""Pedestrian"",""Impaired (Suspected)"",""Improper Occupant Protection""]",0,1,0,0,1,,,Clear,Dry,Dark-Lighted,33.755522,-84.372136
5/21/21 14:00,Atlanta Police Department,Fulton,Atlanta,Marietta St,Marietta St and Hampton St Nw,(O) No Injury,Not a Collision with Motor Vehicle,,"[""Intersection Related"",""Roadway Departure"",""Pedestrian"",""Young Adult Driver (Age 20-24)""]",0,0,0,0,1,,,Clear,Dry,Daylight,33.777265,-84.407963
5/29/21 15:22,Atlanta Police Department,Fulton,Atlanta,Ralph David Abernathy Blvd Sw,Evans St Sw and Ralph David Abernathy Blvd Sw,(B) Suspected Minor/Visible Injury,Not a Collision with Motor Vehicle,,"[""Intersection Related"",""Pedestrian"",""Distracted Driver (Suspected)"",""Improper Occupant Protection""]",0,0,1,0,1,,,Clear,Dry,Daylight,33.73826,-84.415544
7/4/21 20:20,Atlanta Police Department,Fulton,Atlanta,Grand Ave Sw,Grand Ave Sw and Old Jonesboro Rd Sw,(A) Suspected Serious Injury,Not a Collision with Motor Vehicle,,"[""Intersection Related"",""Hit & Run"",""Pedestrian"",""Impaired (Suspected)"",""Improper Occupant Protection""]",0,1,0,0,1,,,Clear,Dry,Daylight,33.674276,-84.407285
12/9/21 17:58,Atlanta Police Department,Fulton,Atlanta,Habersham Rd Nw,Valley Rd Nw and Habersham Rd Nw,(A) Suspected Serious Injury,Not a Collision with Motor Vehicle,,"[""Intersection Related"",""Pedestrian"",""Improper Occupant Protection""]",0,1,0,0,1,,,Clear,Dry,Dark-Lighted,33.848718,-84.38885
11/30/21 21:54,Atlanta Police Department,Fulton,Atlanta,Donald Lee Hollowell Pkwy Nw,Hamilton E Holmes Dr Nw and Donald Lee Hollowell Pkwy Nw,(A) Suspected Serious Injury,Not a Collision with Motor Vehicle,,"[""Distracted Driver (Confirmed)"",""Pedestrian"",""Improper Occupant Protection""]",0,1,0,0,1,,,Clear,Dry,Dark-Lighted,33.776681,-84.47452
7/24/21 19:00,Atlanta Police Department,Fulton,Atlanta,W Peachtree St Nw,,(O) No Injury,Not a Collision with Motor Vehicle,,"[""Pedestrian"",""Distracted Driver (Suspected)"",""Older Driver (55-64)""]",0,0,0,0,1,,,Clear,Dry,Daylight,33.7686,-84.387077
12/16/21 14:10,Emory Police Department,DeKalb,Atlanta,Eagle Row,Eagle Row and Peavine Creek Dr,(O) No Injury,Not a Collision with Motor Vehicle,,Bicycle,0,0,0,0,1,,,Clear,Dry,Daylight,33.794865,-84.327458
11/1/21 0:15,Atlanta Police Department,Fulton,Atlanta,Moreland Ave Se,Memorial Dr Se and Moreland Ave Se,(A) Suspected Serious Injury,Not a Collision with Motor Vehicle,,"[""Intersection Related"",""Hit & Run"",""Pedestrian"",""Impaired Driving (Confirmed)""]",0,1,0,0,1,,,Clear,Dry,Dark-Lighted,33.747308,-84.349215
10/10/21 17:09,Atlanta Police Department,Fulton,Atlanta,Penn Ave Ne,Penn Ave Ne and Ponce De Leon Ave Ne,(O) No Injury,Not a Collision with Motor Vehicle,,"[""Distracted Driver (Confirmed)"",""Bicycle"",""Impaired (Suspected)"",""Older Driver (55-64)""]",0,0,0,0,1,,,Clear,Dry,Daylight,33.772997,-84.378998
10/10/21 11:32,Atlanta Police Department,Fulton,Atlanta,Virginia Ave Ne,,(B) Suspected Minor/Visible Injury,Not a Collision with Motor Vehicle,,"[""Distracted Driver (Confirmed)"",""Older Driver (65+)"",""Bicycle""]",0,0,1,0,1,,,Clear,Dry,Daylight,33.782144,-84.357744
12/10/21 3:00,Atlanta Police Department,Fulton,Atlanta,Piedmont Rd Ne,Piedmont Rd Ne and Lindbergh Dr Ne,(A) Suspected Serious Injury,Not a Collision with Motor Vehicle,,"[""Intersection Related"",""Aggressive Driving"",""Distracted Driver (Confirmed)"",""Pedestrian"",""Older Driver (55-64)"",""Speed Related"",""Improper Occupant Protection""]",0,1,0,0,1,,,Rain,Wet,Dark-Lighted,33.821728,-84.367431
2/25/21 13:27,Atlanta Police Department,Fulton,Atlanta,Charles Allen Dr,8Th St and Charles Allen Dr,(O) No Injury,Head On,,"[""Intersection Related"",""Pedestrian""]",0,0,0,0,1,,,Clear,Dry,Daylight,33.779483,-84.372809
8/14/21 22:42,Atlanta Police Department,Fulton,Atlanta,Juniper St Ne,10Th St Ne and Juniper St Ne,(B) Suspected Minor/Visible Injury,Angle (Other),,"[""Intersection Related"",""Hit & Run"",""Pedestrian"",""Young Driver (Age 15-19)"",""Improper Occupant Protection""]",0,0,4,1,2,,,Clear,Dry,Dark-Lighted,33.781742,-84.382499
1/14/21 13:29,Atlanta Police Department,Fulton,Atlanta,Central Ave,Central Ave and Martin L King Jr Dr,(O) No Injury,Not a Collision with Motor Vehicle,,"[""Intersection Related"",""Pedestrian""]",0,0,0,0,1,,,Clear,Dry,Daylight,33.750786,-84.389871
3/13/21 23:05,Atlanta Police Department,Fulton,Atlanta,Macedonia Rd Se,Jonesboro Rd Se and Macedonia Rd Se,(B) Suspected Minor/Visible Injury,Not a Collision with Motor Vehicle,,"[""Intersection Related"",""Pedestrian"",""Distracted Driver (Suspected)"",""Improper Occupant Protection""]",0,0,1,0,1,,,Clear,Dry,Dark-Not Lighted,33.663734,-84.373914
6/14/21 8:40,Atlanta Police Department,Fulton,Atlanta,Spring St Nw,Spring St Nw and Williams St Nw,(C) Possible Injury / Complaint,Not a Collision with Motor Vehicle,,"[""Intersection Related"",""Pedestrian"",""Distracted Driver (Suspected)"",""Improper Occupant Protection""]",0,0,0,1,1,,,Clear,Dry,Daylight,33.758659,-84.3903
4/8/21 0:55,Atlanta Police Department,Fulton,Atlanta,Peachtree St,North Ave Ne and Peachtree St,(B) Suspected Minor/Visible Injury,Not a Collision with Motor Vehicle,,"[""Intersection Related"",""Hit & Run"",""Pedestrian"",""Impaired (Suspected)"",""Improper Occupant Protection""]",0,0,1,0,1,,,Clear,Dry,Dark-Lighted,33.771282,-84.384546
3/25/21 6:44,Gsp Post 00,Fulton,Atlanta,I 285,I 285 and Jonesboro Rd,(K) Fatal Injury,Not a Collision with Motor Vehicle,,"[""Older Driver (65+)"",""Pedestrian"",""Distracted Driver (Suspected)""]",1,0,0,0,1,,,Rain,Wet,Dark-Not Lighted,33.650375,-84.36831