Date and Time,Agency Name (Crash Level) ,Area: County,Area: City,Roadway (From Crash Report),Intersection Name (from Crash Report),KABCO Severity,Manner of Collision (Crash Level) ,First Harmful Event (Crash Level) ,SHSP Emphasis Areas,# of Fatalities (Person Table),# Serious Injuries,# Visible Injuries,# Complaint Injuries,# of Vehicles,Operator / Driver Contributing Factor -old,Roadway Contributing Factors (Crash Level) ,Weather Conditions (Crash Level),Surface Condition (Crash Level) ,Light Conditions (Crash Level),Latitude ,Longitude
9/10/21 8:00,Atlanta Police Department,Fulton,Atlanta,Spring St Nw,Harris St Nw and Spring St Nw,(B) Suspected Minor/Visible Injury,Not a Collision with Motor Vehicle,,"[""Intersection Related"",""Bicycle"",""Older Driver (55-64)""]",0,0,1,0,1,,,Clear,Dry,Daylight,33.760982,-84.389047
10/29/21 9:44,Atlanta Police Department,Fulton,Atlanta,14Th St Nw,14Th St Nw and Snyder St Nw,(K) Fatal Injury,Not a Collision with Motor Vehicle,,"[""Intersection Related"",""Pedestrian"",""Impaired (Suspected)""]",1,0,1,0,1,,,Rain,Wet,Dark-Lighted,33.786205,-84.401576
7/11/21 16:16,Atlanta Police Department,Fulton,Atlanta,Moreland Ave Ne,,(C) Possible Injury / Complaint,Not a Collision with Motor Vehicle,,"[""Bicycle"",""Distracted Driver (Suspected)""]",0,0,0,1,1,,,Clear,Dry,Daylight,33.762356,-84.349229
3/15/21 23:07,Atlanta Police Department,Fulton,Atlanta,12Th St Ne   Peachtree St,Peachtree St and 12Th St Ne   Peachtree St,(O) No Injury,Angle (Other),,"[""Intersection Related"",""Hit & Run"",""Pedestrian""]",0,0,0,0,1,,,Clear,Dry,Dark-Lighted,33.784306,-84.383074
10/5/21 20:15,Atlanta Police Department,DeKalb,Atlanta,Glenwood Ave Se,Joseph Ave Se and Glenwood Ave Se,(B) Suspected Minor/Visible Injury,Angle (Other),,"[""Intersection Related"",""Pedestrian"",""Young Adult Driver (Age 20-24)"",""Older Driver (55-64)""]",0,0,1,0,3,,,Rain,Wet,Dawn,33.740174,-84.347018
9/30/21 6:25,Atlanta Police Department,Fulton,Atlanta,Hamilton E Holmes Dr Nw,Hamilton E Holmes Dr Nw and Martin Luther King Jr Dr Sw,(O) No Injury,Not a Collision with Motor Vehicle,,"[""Pedestrian"",""Distracted Driver (Suspected)"",""Older Driver (55-64)"",""Improper Occupant Protection""]",0,0,0,0,1,,,Clear,Dry,Dawn,33.752758,-84.46743
1/1/21 16:46,Atlanta Police Department,Fulton,Atlanta,Lavista Rd,Lavista Rd and Lavista Walk,(O) No Injury,Not a Collision with Motor Vehicle,,Pedestrian,0,0,0,0,1,,,Rain,Wet,Daylight,33.817813,-84.349851
5/18/21 0:59,Atlanta Police Department,DeKalb,Atlanta,Bouldercrest Dr Se,Oak Grove Ave Se and Bouldercrest Dr Se,(O) No Injury,Not a Collision with Motor Vehicle,,"[""Roadway Departure"",""Pedestrian"",""Impaired (Suspected)""]",0,0,0,0,1,,,Clear,Dry,Dark-Lighted,33.742834,-84.348093
1/20/21 6:53,Atlanta Police Department,DeKalb,Atlanta,Memorial Dr Se   2 Nd Ave,2 Nd Ave and Memorial Dr Se   2 Nd Ave,(O) No Injury,Rear End,,"[""Intersection Related"",""Bicycle"",""Distracted Driver (Suspected)""]",0,0,0,0,2,,,Clear,Dry,Daylight,33.747298,-84.309755
1/24/21 21:10,Atlanta Police Department,Fulton,Atlanta,Ivan Allen Jr Blvd,Williams St and Ivan Allen Jr Blvd,(O) No Injury,Not a Collision with Motor Vehicle,,"[""Intersection Related"",""Pedestrian"",""Young Adult Driver (Age 20-24)""]",0,0,0,0,1,,,Cloudy,Dry,Dark-Lighted,33.781224,-84.389456
10/15/21 14:10,Atlanta Police Department,Fulton,Atlanta,Jackson St Ne,Auburn Ave Ne and Jackson St Ne,(C) Possible Injury / Complaint,Not a Collision with Motor Vehicle,,"[""Intersection Related"",""Roadway Departure"",""Pedestrian"",""Distracted Driver (Suspected)""]",0,0,0,1,1,,,Clear,Dry,Daylight,33.755311,-84.374382
2/13/21 3:35,Atlanta Police Department,Fulton,Atlanta,I 7585,I 7585 and Williams St,(C) Possible Injury / Complaint,Not a Collision with Motor Vehicle,,"[""Pedestrian"",""Young Adult Driver (Age 20-24)"",""Distracted Driver (Suspected)""]",0,0,0,1,1,,,Rain,Wet,Dark-Lighted,33.76924,-84.390556
6/23/21 21:45,Atlanta Police Department,Fulton,Atlanta,Lenox Pkwy,Lenox Pkwy and Around Lenox Dr,(C) Possible Injury / Complaint,Not a Collision with Motor Vehicle,,"[""Intersection Related"",""Hit & Run"",""Pedestrian"",""Impaired (Suspected)""]",0,0,0,1,1,,,Clear,Dry,Dark-Lighted,33.848763,-84.366443
11/3/21 0:42,Atlanta Police Department,Fulton,Atlanta,Monroe Dr Ne,Monroe Dr Ne and Piedmont Ave Ne,(O) No Injury,Not a Collision with Motor Vehicle,,"[""Intersection Related"",""Roadway Departure"",""Distracted Driver (Confirmed)"",""Pedestrian"",""Young Adult Driver (Age 20-24)"",""Impaired (Suspected)"",""Improper Occupant Protection""]",0,0,0,0,1,,,Clear,Dry,Dark-Lighted,33.797402,-84.369242
7/10/21 21:30,Atlanta Police Department,Fulton,Atlanta,14Th St Ne,14Th St Ne and Williams St,(B) Suspected Minor/Visible Injury,Not a Collision with Motor Vehicle,,"[""Intersection Related"",""Pedestrian"",""Distracted Driver (Suspected)""]",0,0,1,0,1,,,Clear,Dry,Dawn,33.786576,-84.387515
7/20/21 9:25,Atlanta Police Department,Fulton,Atlanta,Garnett St Sw,Pryor Rd and Garnett St Sw,(C) Possible Injury / Complaint,Not a Collision with Motor Vehicle,,"[""Intersection Related"",""Pedestrian"",""Older Driver (55-64)"",""Improper Occupant Protection""]",0,0,0,1,1,,,Clear,Wet,Daylight,33.748087,-84.393579
2/25/21 8:17,Atlanta Police Department,Fulton,Atlanta,Piedmont Ave Se,Gilmer St Se and Piedmont Ave Se,(C) Possible Injury / Complaint,Not a Collision with Motor Vehicle,,"[""Intersection Related"",""Pedestrian"",""Young Adult Driver (Age 20-24)"",""Impaired (Suspected)""]",0,0,0,1,1,,,Clear,Dry,Daylight,33.752619,-84.384157
7/21/21 21:33,Atlanta Police Department,Fulton,Atlanta,Adamsville Pl Pkwy Sw,Adamsville Pl Sw and Adamsville Pl Pkwy Sw,(A) Suspected Serious Injury,Not a Collision with Motor Vehicle,,"[""Hit & Run"",""Pedestrian"",""Impaired (Suspected)"",""Distracted Driver (Suspected)"",""Improper Occupant Protection""]",0,1,0,0,1,,,Clear,Dry,Dark-Lighted,33.763772,-84.509509
4/19/21 11:05,Atlanta Police Department,Fulton,Atlanta,10Th St Nw,,(K) Fatal Injury,Not a Collision with Motor Vehicle,,"[""Intersection Related"",""Pedestrian"",""Impaired (Suspected)"",""Improper Occupant Protection""]",1,0,0,0,1,,,Clear,Dry,Daylight,33.781199,-84.407477
11/18/21 7:30,Atlanta Police Department,DeKalb,Atlanta,Hosea L Williams Dr Ne,S Howard St Se and Hosea L Williams Dr Ne,(B) Suspected Minor/Visible Injury,Not a Collision with Motor Vehicle,,"[""Intersection Related"",""Pedestrian""]",0,0,1,0,1,,,Clear,Dry,Daylight,33.751489,-84.322799
8/15/21 17:00,Atlanta Police Department,DeKalb,Atlanta,E Side Ave Se,E Side Ave Se and Glenwood Ave Se,(C) Possible Injury / Complaint,Not a Collision with Motor Vehicle,,"[""Intersection Related"",""Older Driver (65+)"",""Pedestrian"",""Impaired (Suspected)"",""Distracted Driver (Suspected)"",""Improper Occupant Protection""]",0,0,0,1,1,,,Clear,Dry,Daylight,33.740093,-84.339938
9/3/21 0:30,Atlanta Police Department,Fulton,Atlanta,Harris St Ne,Harris St Ne and Peachtree Center Ave Ne,(O) No Injury,Not a Collision with Motor Vehicle,,"[""Intersection Related"",""Pedestrian"",""Improper Occupant Protection""]",0,0,0,0,1,,,Clear,Dry,Dark-Lighted,33.76096,-84.386041
12/2/21 19:00,Atlanta Police Department,Fulton,Atlanta,Techwood Dr Nw,10Th St Nw and Techwood Dr Nw,(C) Possible Injury / Complaint,Not a Collision with Motor Vehicle,,"[""Intersection Related"",""Hit & Run"",""Pedestrian"",""Impaired (Suspected)""]",0,0,0,1,1,,,Clear,Dry,Dark-Lighted,33.781546,-84.391626
1/7/21 4:51,Atlanta Police Department,Fulton,Atlanta,I 7585,I 7585 and Fulton St,(K) Fatal Injury,Not a Collision with Motor Vehicle,,"[""Pedestrian"",""Distracted Driver (Suspected)"",""Improper Occupant Protection""]",1,0,0,0,1,,,Clear,Dry,Dark-Lighted,33.741845,-84.391513
11/15/21 14:14,Emory Police Department,DeKalb,Atlanta,Clifton Rd Ne,Clifton Rd Ne and Houston Mill Rd Ne,(C) Possible Injury / Complaint,Not a Collision with Motor Vehicle,,"[""Intersection Related"",""Pedestrian""]",0,0,0,1,1,,,Clear,Dry,Daylight,33.798534,-84.32376
3/27/21 18:34,Atlanta Police Department,Fulton,Atlanta,Oriole Dr Sw,Oriole Dr Sw and Benjamin E Mays Dr Sw,(B) Suspected Minor/Visible Injury,Not a Collision with Motor Vehicle,,"[""Pedestrian"",""Older Driver (55-64)"",""Improper Occupant Protection""]",0,0,1,0,1,,,Cloudy,Dry,Daylight,33.724389,-84.477003
8/30/21 8:36,Atlanta Police Department,Fulton,Atlanta,Spring St Nw,4Th St  Nw and Spring St Nw,(C) Possible Injury / Complaint,Not a Collision with Motor Vehicle,,"[""Intersection Related"",""Bicycle"",""Improper Occupant Protection""]",0,0,0,1,1,,,Cloudy,Dry,Daylight,33.775183,-84.388817
9/1/21 3:45,Atlanta Police Department,Fulton,Atlanta,Peachtree St Ne   Pine St Ne,,(O) No Injury,Not a Collision with Motor Vehicle,,"[""Hit & Run"",""Pedestrian"",""Impaired (Suspected)"",""Distracted Driver (Suspected)"",""Improper Occupant Protection""]",0,0,0,0,1,,,Rain,Wet,Dark-Not Lighted,33.764689,-84.386244
7/26/21 11:00,Atlanta Police Department,Fulton,Atlanta,Peachtree Pl Ne,,(C) Possible Injury / Complaint,Not a Collision with Motor Vehicle,,"[""Intersection Related"",""Older Driver (65+)"",""Pedestrian""]",0,0,0,1,1,,,Clear,Dry,Daylight,33.780674,-84.384104
12/10/21 18:00,Atlanta Police Department,Fulton,Atlanta,Martin Luther King Jr Dr Sw,Westland Blvd Nw and Martin Luther King Jr Dr Sw,(B) Suspected Minor/Visible Injury,Not a Collision with Motor Vehicle,,"[""Intersection Related"",""Roadway Departure"",""Pedestrian"",""Young Driver (Age 15-19)"",""Impaired (Suspected)""]",0,0,1,1,1,,,Cloudy,Water (standing or moving),Dark-Lighted,33.753604,-84.472709
3/13/21 23:34,Atlanta Police Department,Fulton,Atlanta,N Ave Ne   Peachtree St,Peachtree St and N Ave Ne   Peachtree St,(B) Suspected Minor/Visible Injury,Angle (Other),,"[""Intersection Related"",""Roadway Departure"",""Pedestrian""]",0,0,1,0,1,,,Cloudy,Dry,Dark-Lighted,33.771568,-84.384969
9/25/21 2:26,Atlanta Police Department,Fulton,Atlanta,Woodland Ave Se,Woodland Cir Se and Woodland Ave Se,(A) Suspected Serious Injury,Not a Collision with Motor Vehicle,,"[""Pedestrian"",""Impaired (Suspected)"",""Improper Occupant Protection""]",0,1,0,0,1,,,Clear,Dry,Dark-Lighted,33.714521,-84.353144
3/5/21 17:21,Atlanta Police Department,Fulton,Atlanta,Francis Pl Nw   Donald Lee Hollowell Pkwy,Donald Lee Hollowell Pkwy and Francis Pl Nw   Donald Lee Hollowell Pkwy,(O) No Injury,Rear End,,"[""Intersection Related"",""Hit & Run"",""Pedestrian"",""Distracted Driver (Suspected)""]",0,0,0,0,1,,,Clear,Dry,Daylight,33.771588,-84.438114
9/25/21 18:00,Atlanta Police Department,Fulton,Atlanta,Techwood Dr Nw,Techwood Dr Nw and Spring Techwood Con,(C) Possible Injury / Complaint,Not a Collision with Motor Vehicle,,"[""Intersection Related"",""Roadway Departure"",""Bicycle""]",0,0,0,1,1,,,Clear,Dry,Dark-Not Lighted,33.764642,-84.391926
10/15/15 16:51,Atlanta Police Department,Fulton,Atlanta,3777 3777 Peachtree Rd Ne Rd,,(A) Suspected Serious Injury,Not a Collision with Motor Vehicle,,"[""Intersection Related"",""Pedestrian"",""Young Adult Driver (Age 20-24)""]",0,1,0,0,1,"[""Failure to Yield"",""Failure to Yield""]",,Clear,Dry,Daylight,33.857503,-84.348424
12/4/15 8:16,Atlanta Police Department,Fulton,Atlanta,Garson Dr,Garson Dr and Piedmont Rd,(B) Suspected Minor/Visible Injury,Not a Collision with Motor Vehicle,,"[""Pedestrian"",""Secondary Crash"",""Young Adult Driver (Age 20-24)"",""Distracted Driver (Suspected)""]",0,0,1,0,1,"[""Other"",""Other""]",,Clear,Dry,Daylight,33.817521,-84.36803
10/23/15 14:54,Atlanta Police Department,Fulton,Atlanta,Adair Ave Se   Hopkins St Se St,Hopkins St and Adair Ave Se   Hopkins St Se St,(B) Suspected Minor/Visible Injury,Not a Collision with Motor Vehicle,,"[""Intersection Related"",""Pedestrian"",""Distracted Driver (Suspected)""]",0,0,1,0,1,"[""No Contributing Factors"",""Other""]",,Clear,Dry,Daylight,33.706171,-84.382063
11/18/15 17:08,Atlanta Police Department,Fulton,Atlanta,Peachtree Center Ave Ave,Auburn Ave and Peachtree Center Ave Ave,(O) No Injury,Angle (Other),,"[""Intersection Related"",""Pedestrian"",""Young Adult Driver (Age 20-24)""]",0,0,0,0,1,"[""Failure to Yield"",""No Contributing Factors""]",,Rain,Wet,Daylight,33.755579,-84.386107
5/27/15 17:48,Atlanta Police Department,Fulton,Atlanta,1801 Howell Mill Rd,,(C) Possible Injury / Complaint,Not a Collision with Motor Vehicle,,"[""Pedestrian"",""Distracted Driver (Suspected)""]",0,0,0,1,1,"[""Other"",""Other""]",,Clear,Dry,Daylight,33.804072,-84.413783
4/21/15 20:00,Atlanta Police Department,Fulton,Atlanta,70 W Paces Ferry Rd,,(O) No Injury,Angle (Other),,"[""Distracted Driver (Confirmed)"",""Pedestrian""]",0,0,0,0,1,Parked Improperly,,Clear,Dry,Dark-Lighted,33.839904,-84.381816
9/28/15 13:03,Atlanta Police Department,Fulton,Atlanta,Piedmont Rd Ne Rd,Piedmont Rd and Piedmont Rd Ne Rd,(C) Possible Injury / Complaint,Not a Collision with Motor Vehicle,,"[""Pedestrian"",""Young Adult Driver (Age 20-24)"",""Distracted Driver (Suspected)""]",0,0,0,1,1,"[""Changed Lanes Improperly"",""No Contributing Factors""]",,Cloudy,Wet,Daylight,33.846249,-84.372686
2/13/15 17:47,Atlanta Police Department,Fulton,Atlanta,Northside Dr,10Th St and Northside Dr,(O) No Injury,Not a Collision with Motor Vehicle,,"[""Intersection Related"",""Pedestrian"",""Young Driver (Age 15-19)""]",0,0,0,0,1,"[""Disregard Stop Sign/Signal"",""No Contributing Factors""]",,Clear,Dry,Daylight,33.781553,-84.407417
9/19/15 11:20,Atlanta Police Department,Fulton,Atlanta,Ponce De Leon Ave,Charles Allen Dr and Ponce De Leon Ave,(B) Suspected Minor/Visible Injury,Not a Collision with Motor Vehicle,,"[""Intersection Related"",""Distracted Driver (Confirmed)"",""Pedestrian""]",0,0,1,0,1,"[""Inattentive or Other Distraction (Distracted)"",""No Contributing Factors""]",,Clear,Dry,Daylight,33.773162,-84.372742
8/13/15 21:09,Atlanta Police Department,Fulton,Atlanta,Metropolitan Pkwy,Shelton Ave and Metropolitan Pkwy,(B) Suspected Minor/Visible Injury,Not a Collision with Motor Vehicle,,"[""Intersection Related"",""Pedestrian"",""Young Adult Driver (Age 20-24)""]",0,0,1,0,1,"[""Failure to Yield"",""No Contributing Factors""]",,Clear,Dry,Dark-Lighted,33.734455,-84.408126
10/30/15 18:37,Atlanta Police Department,Fulton,Atlanta,Peachtree St Ne St,3Rd St and Peachtree St Ne St,(B) Suspected Minor/Visible Injury,Rear End,,"[""Intersection Related"",""Bicycle"",""Distracted Driver (Suspected)"",""Improper Occupant Protection""]",0,0,1,0,2,"[""No Contributing Factors"",""Other""]",,Clear,Dry,Dusk,33.773681,-84.384649
4/15/15 19:37,Atlanta Police Department,Fulton,Atlanta,829 Hall St,829 Hall St and Bellview Ave,(A) Suspected Serious Injury,Not a Collision with Motor Vehicle,,"[""Intersection Related"",""Distracted Driver (Confirmed)"",""Pedestrian""]",0,1,0,0,1,"[""Inattentive or Other Distraction (Distracted)"",""No Contributing Factors""]",,Cloudy,Dry,Dusk,33.777591,-84.465961
3/5/15 12:20,Atlanta Police Department,Fulton,Atlanta,708 Joseph Lowery Blvd,Oglethorpe Ave and 708 Joseph Lowery Blvd,(C) Possible Injury / Complaint,Not a Collision with Motor Vehicle,,"[""Intersection Related"",""Pedestrian""]",0,0,0,1,1,"[""Misjudged Clearance"",""No Contributing Factors""]",,Rain,Wet,Daylight,33.735833,-84.417729
12/10/15 12:45,Atlanta Police Department,Fulton,Atlanta,Howell Mill Rd,White St and Howell Mill Rd,(B) Suspected Minor/Visible Injury,Angle (Other),,"[""Intersection Related"",""Bicycle""]",0,0,1,0,2,"[""Improper Turn"",""Other""]",,Cloudy,Dry,Daylight,33.80138,-84.41555
11/10/15 7:17,Atlanta Police Department,Fulton,Atlanta,942 942 Hank Aaron,Vanira St and 942 942 Hank Aaron,(B) Suspected Minor/Visible Injury,Not a Collision with Motor Vehicle,,"[""Intersection Related"",""Pedestrian""]",0,0,1,0,1,"[""Failure to Yield"",""No Contributing Factors""]",,Fog,Wet,Dark-Lighted,33.729363,-84.387977
4/7/15 21:55,Atlanta Police Department,Fulton,Atlanta,900 Sylvan Rd,Sylvan Rd and 900 Sylvan Rd,(C) Possible Injury / Complaint,Sideswipe-Same Direction,,"[""Intersection Related"",""Aggressive Driving"",""Hit & Run"",""Pedestrian"",""Young Adult Driver (Age 20-24)""]",0,0,0,1,3,"[""Improper Passing"",""No Contributing Factors"",""No Contributing Factors""]",,Clear,Dry,Dark-Lighted,33.701349,-84.418282
8/16/15 14:41,Atlanta Police Department,Fulton,Atlanta,1683 Lakewood Ave,,(B) Suspected Minor/Visible Injury,Not a Collision with Motor Vehicle,,"[""Intersection Related"",""Roadway Departure"",""Distracted Driver (Confirmed)"",""Hit & Run"",""Pedestrian""]",0,0,1,0,1,"[""Inattentive or Other Distraction (Distracted)"",""No Contributing Factors""]",,Clear,Dry,Daylight,33.70814,-84.379979
12/22/15 17:54,Gsp Post 00,Fulton,Atlanta,Ga400 01 Mi S Lenox Rd,,(O) No Injury,Rear End,,"[""Hit & Run"",""Pedestrian"",""Young Adult Driver (Age 20-24)"",""Distracted Driver (Suspected)""]",0,0,0,0,1,"[""Following Too Close"",""No Contributing Factors"",""No Contributing Factors""]",,Rain,Wet,Dark-Not Lighted,33.850489,-84.369008
10/27/16 6:11,Atlanta Police Department,Fulton,Atlanta,,and Joseph E Boone Blvd,(C) Possible Injury / Complaint,Head On,,"[""Intersection Related"",""Bicycle"",""Distracted Driver (Suspected)""]",0,0,0,1,2,"[""No Contributing Factors"",""Other""]",,Clear,Dry,Dark-Lighted,33.763357,-84.402918
10/15/16 20:11,Atlanta Police Department,Fulton,Atlanta,420 Moreland Ave,Mcpherson Ave and 420 Moreland Ave,(B) Suspected Minor/Visible Injury,Head On,,"[""Distracted Driver (Confirmed)"",""Pedestrian""]",0,0,1,0,1,"[""Inattentive or Other Distraction (Distracted)"",""No Contributing Factors""]",,Clear,Dry,Dark-Lighted,33.742731,-84.349243
1/1/16 22:27,Atlanta Police Department,Fulton,Atlanta,2420 Piedmont Rd,Morosgo Dr and 2420 Piedmont Rd,(C) Possible Injury / Complaint,Not a Collision with Motor Vehicle,,"[""Intersection Related"",""Hit & Run"",""Pedestrian"",""Distracted Driver (Suspected)""]",0,0,0,1,1,"[""Improper Backing"",""No Contributing Factors""]",,Clear,Dry,Dark-Lighted,33.821004,-84.368782
11/14/16 18:07,Atlanta Police Department,DeKalb,Atlanta,Dekalb Ave,Dekalb Ave and Glendale Ave,(C) Possible Injury / Complaint,Not a Collision with Motor Vehicle,,"[""Intersection Related"",""Pedestrian"",""Young Adult Driver (Age 20-24)""]",0,0,0,1,1,"[""Failure to Yield"",""No Contributing Factors""]",,Clear,Dry,Dark-Lighted,33.762584,-84.33514
2/28/16 8:10,Atlanta Police Department,Fulton,Atlanta,Pryor Rd,Pryor Rd and Meldon Ave,(B) Suspected Minor/Visible Injury,Not a Collision with Motor Vehicle,,"[""Intersection Related"",""Pedestrian""]",0,0,1,0,1,"[""Failure to Yield"",""No Contributing Factors""]",,Clear,Dry,Daylight,33.712076,-84.393503
2/4/16 16:30,Atlanta Police Department,Fulton,Atlanta,551 Ponce De Leon Ave Ne Ponce De Leon Hotel,Kennesaw Ave and 551 Ponce De Leon Ave Ne Ponce De Leon Hotel,(O) No Injury,Angle (Other),,Bicycle,0,0,0,0,2,"[""Failure to Yield"",""No Contributing Factors""]",,Clear,Dry,Daylight,33.773692,-84.368776
11/10/16 18:45,Atlanta Police Department,Fulton,Atlanta,Northside Pkwy,Howell Mill Rd and Northside Pkwy,(B) Suspected Minor/Visible Injury,Angle (Other),,"[""Intersection Related"",""Hit & Run"",""Pedestrian"",""Older Driver (55-64)""]",0,0,1,3,3,"[""Failure to Yield"",""No Contributing Factors"",""No Contributing Factors""]",,Clear,Dry,Dark-Lighted,33.846088,-84.427819
9/21/16 20:00,Atlanta Police Department,Fulton,Atlanta,Ruby H Harper Blvd,Simca St and Ruby H Harper Blvd,(B) Suspected Minor/Visible Injury,Not a Collision with Motor Vehicle,,"[""Intersection Related"",""Hit & Run"",""Pedestrian"",""Distracted Driver (Suspected)""]",0,0,1,0,1,,,Clear,Dry,Dusk,33.662079,-84.380364
3/12/16 15:29,Atlanta Police Department,Fulton,Atlanta,334 Dargan Pl,,Unknown,Not a Collision with Motor Vehicle,,"[""Pedestrian"",""Distracted Driver (Suspected)"",""Older Driver (55-64)""]",0,0,0,0,1,"[""No Contributing Factors"",""No Contributing Factors""]",,Clear,Dry,Daylight,33.745944,-84.424224
5/29/16 14:03,Atlanta Police Department,Fulton,Atlanta,305 Joseph E Lowery Blvd,,(B) Suspected Minor/Visible Injury,Not a Collision with Motor Vehicle,,"[""Distracted Driver (Confirmed)"",""Pedestrian""]",0,0,1,0,1,"[""Inattentive or Other Distraction (Distracted)"",""No Contributing Factors""]",,Clear,Dry,Daylight,33.763178,-84.417482
10/1/16 22:19,Atlanta Police Department,Fulton,Atlanta,Peachtree,Peachtree and Grandview Ave,(O) No Injury,Not a Collision with Motor Vehicle,,"[""Intersection Related"",""Pedestrian"",""Distracted Driver (Suspected)"",""Improper Occupant Protection""]",0,0,0,0,1,"[""No Contributing Factors"",""Other""]",,Cloudy,Dry,Dark-Lighted,33.840701,-84.376399
4/21/16 23:05,Atlanta Police Department,Fulton,Atlanta,Spring St,10Th St and Spring St,(O) No Injury,Rear End,,"[""Intersection Related"",""Hit & Run"",""Pedestrian""]",0,0,0,0,3,"[""Improper Turn"",""No Contributing Factors"",""No Contributing Factors""]",,Rain,Wet,Dark-Lighted,33.781523,-84.387806
11/15/16 9:50,Atlanta Police Department,Fulton,Atlanta,Euclid Ave Ne   Elizabeth St,Elizabeth St and Euclid Ave Ne   Elizabeth St,(B) Suspected Minor/Visible Injury,Rear End,,"[""Intersection Related"",""Aggressive Driving"",""Bicycle"",""Speed Related"",""Improper Occupant Protection""]",0,0,1,0,2,"[""Disregard Stop Sign/Signal"",""Disregard Stop Sign/Signal""]",,Clear,Dry,Daylight,33.758336,-84.356439
1/17/16 14:06,Atlanta Police Department,Fulton,Atlanta,Mount Gilead Rd,Campbellton Rd and Mount Gilead Rd,(C) Possible Injury / Complaint,Not a Collision with Motor Vehicle,,"[""Intersection Related"",""Pedestrian""]",0,0,0,1,1,"[""Failure to Yield"",""No Contributing Factors""]",,Clear,Dry,Daylight,33.692575,-84.490584
3/17/16 15:45,Atlanta Police Department,Fulton,Atlanta,644 Bolton Rd,Adkins Rd and 644 Bolton Rd,(B) Suspected Minor/Visible Injury,Angle (Other),,"[""Bicycle"",""Improper Occupant Protection""]",0,0,1,0,2,"[""Failure to Yield"",""No Contributing Factors""]",,Clear,Dry,Daylight,33.771478,-84.508159
8/9/16 22:55,Atlanta Police Department,Fulton,Atlanta,875 Glendale Ter,7Th St and 875 Glendale Ter,(O) No Injury,Not a Collision with Motor Vehicle,,"[""Hit & Run"",""Pedestrian"",""Distracted Driver (Suspected)""]",0,0,0,0,1,"[""No Contributing Factors"",""Other""]",,Clear,Dry,Dark-Lighted,33.778455,-84.376428
3/8/14 23:44,Atlanta Police Department,Fulton,Atlanta,Moreland Ave Se   Memorial Dr,Memorial Dr and Moreland Ave Se   Memorial Dr,(O) No Injury,Angle (Other),,"[""Intersection Related"",""Pedestrian""]",0,0,0,0,1,"[""No Contributing Factors"",""No Contributing Factors"",""No Contributing Factors""]",,Clear,Dry,Dark-Lighted,33.747575,-84.349215
1/14/14 9:22,Atlanta Police Department,Fulton,Atlanta,Courtland St,Ellis St and Courtland St,(B) Suspected Minor/Visible Injury,Not a Collision with Motor Vehicle,,"[""Intersection Related"",""Pedestrian""]",0,0,1,0,1,"[""Failure to Yield"",""No Contributing Factors""]",,Clear,Dry,Daylight,33.758377,-84.38422
11/24/14 16:35,Atlanta Police Department,Fulton,Atlanta,Ivan Allen Jr Blvd,Williams St and Ivan Allen Jr Blvd,(C) Possible Injury / Complaint,Not a Collision with Motor Vehicle,,"[""Hit & Run"",""Pedestrian"",""Impaired (Suspected)""]",0,0,0,1,1,"[""Disregard Stop Sign/Signal"",""No Contributing Factors""]",,Clear,Dry,Daylight,33.764651,-84.390349
5/20/14 13:20,Atlanta Police Department,Fulton,Atlanta,3575 Piedmont Rd,Habersham Rd and 3575 Piedmont Rd,(B) Suspected Minor/Visible Injury,Not a Collision with Motor Vehicle,,"[""Intersection Related"",""Pedestrian""]",0,0,1,0,1,"[""Failure to Yield"",""No Contributing Factors""]",,Clear,Dry,Daylight,33.853156,-84.381405
3/8/14 19:30,Atlanta Police Department,Fulton,Atlanta,Brighton Rd,Brighton Rd and Peachtree Rd,(B) Suspected Minor/Visible Injury,Not a Collision with Motor Vehicle,,"[""Intersection Related"",""Hit & Run"",""Pedestrian""]",0,0,1,0,1,"[""Failure to Yield"",""No Contributing Factors""]",,Clear,Dry,Dark-Lighted,33.808327,-84.393421
7/16/14 18:27,Atlanta Police Department,Fulton,Atlanta,Estoria St,Wylie St and Estoria St,(C) Possible Injury / Complaint,Not a Collision with Motor Vehicle,,"[""Intersection Related"",""Pedestrian"",""Young Adult Driver (Age 20-24)""]",0,0,0,1,1,"[""Failure to Yield"",""No Contributing Factors""]",,Clear,Dry,Daylight,33.752182,-84.363286
8/23/14 10:00,Atlanta Police Department,Fulton,Atlanta,Northside Dr,,(B) Suspected Minor/Visible Injury,Sideswipe-Opposite Direction,,"[""Intersection Related"",""Pedestrian"",""Impaired (Suspected)""]",0,0,1,1,2,"[""Improper Turn"",""No Contributing Factors"",""No Contributing Factors""]",,Clear,Dry,Daylight,33.781553,-84.407417
7/1/14 18:46,Atlanta Police Department,Fulton,Atlanta,933 Peachtree,Peachtree Pl and 933 Peachtree,(O) No Injury,Not a Collision with Motor Vehicle,,"[""Intersection Related"",""Distracted Driver (Confirmed)"",""Pedestrian"",""Young Adult Driver (Age 20-24)""]",0,0,0,0,1,"[""Inattentive or Other Distraction (Distracted)"",""No Contributing Factors""]",,Clear,Dry,Daylight,33.780764,-84.384095
2/14/14 9:36,Atlanta Police Department,Fulton,Atlanta,1938 Peachtree Rd Nw Sherffield Memorial,Collier Rd and 1938 Peachtree Rd Nw Sherffield Memorial,(C) Possible Injury / Complaint,Angle (Other),,"[""Intersection Related"",""Pedestrian""]",0,0,0,1,1,"[""Failure to Yield"",""No Contributing Factors""]",,Clear,Dry,Daylight,33.806699,-84.39389