Date and Time,Agency Name (Crash Level) ,Area: County,Area: City,Roadway (From Crash Report),Intersection Name (from Crash Report),KABCO Severity,Manner of Collision (Crash Level) ,First Harmful Event (Crash Level) ,SHSP Emphasis Areas,# of Fatalities (Person Table),# Serious Injuries,# Visible Injuries,# Complaint Injuries,# of Vehicles,Operator / Driver Contributing Factor -old,Roadway Contributing Factors (Crash Level) ,Weather Conditions (Crash Level),Surface Condition (Crash Level) ,Light Conditions (Crash Level),Latitude ,Longitude
6/5/14 20:30,Atlanta Police Department,Fulton,Atlanta,Peachtree Center Ave Nepeachtree Center Ave,Baker St and Peachtree Center Ave Nepeachtree Center Ave,(C) Possible Injury / Complaint,Head On,,"[""Intersection Related"",""Pedestrian"",""Young Adult Driver (Age 20-24)"",""Distracted Driver (Suspected)""]",0,0,0,2,1,Other,,Rain,Wet,Dark-Lighted,33.762232,-84.385894
8/27/14 9:20,Atlanta Police Department,Fulton,Atlanta,1000 Block Of Collier Rd,Woodland Hills Ave and 1000 Block Of Collier Rd,(B) Suspected Minor/Visible Injury,Not a Collision with Motor Vehicle,,"[""Intersection Related"",""Distracted Driver (Confirmed)"",""Pedestrian"",""Young Adult Driver (Age 20-24)""]",0,0,1,0,1,"[""Inattentive or Other Distraction (Distracted)"",""No Contributing Factors""]",,Clear,Dry,Daylight,33.769894,-84.436052
4/22/14 0:02,Georgia Tech Police Department,Fulton,Atlanta,Hemphill Ave,Ninth St and Hemphill Ave,(A) Suspected Serious Injury,Sideswipe-Opposite Direction,,"[""Intersection Related"",""Bicycle"",""Improper Occupant Protection""]",0,1,0,0,2,"[""Failure to Yield"",""No Contributing Factors""]",,Clear,Dry,Dark-Lighted,33.78056,-84.403337
12/19/14 9:13,Atlanta Police Department,Fulton,Atlanta,1576 Joseph E Boone Blvd,,(O) No Injury,Not a Collision with Motor Vehicle,,"[""Intersection Related"",""Pedestrian"",""Distracted Driver (Suspected)""]",0,0,0,0,1,"[""No Contributing Factors"",""Other""]",,Clear,Dry,Daylight,33.763584,-84.439496
3/8/14 12:40,Atlanta Police Department,Fulton,Atlanta,John Portman Blvd,Courtland St and John Portman Blvd,(C) Possible Injury / Complaint,Rear End,,"[""Intersection Related"",""Pedestrian""]",0,0,0,1,1,"[""Failure to Yield"",""No Contributing Factors""]",,Clear,Dry,Daylight,33.77128,-84.383439
9/19/14 23:07,Atlanta Police Department,Fulton,Atlanta,981 Monroe Dr,,(B) Suspected Minor/Visible Injury,Not a Collision with Motor Vehicle,,"[""Intersection Related"",""Pedestrian"",""Distracted Driver (Suspected)""]",0,0,1,0,1,"[""No Contributing Factors"",""No Contributing Factors""]",,Clear,Dry,Dark-Lighted,33.78085,-84.368515
12/6/14 0:29,Atlanta Police Department,Fulton,Atlanta,Blvd,I 20 and  Blvd,(C) Possible Injury / Complaint,Angle (Other),,"[""Intersection Related"",""Hit & Run"",""Pedestrian""]",0,0,0,1,1,"[""Failure to Yield"",""No Contributing Factors""]",,Rain,Wet,Dark-Lighted,33.742779,-84.368149
9/10/14 19:30,Atlanta Police Department,Fulton,Atlanta,Juniper St,10Th St and Juniper St,(C) Possible Injury / Complaint,Angle (Other),,"[""Intersection Related"",""Pedestrian""]",0,0,0,1,1,"[""Misjudged Clearance"",""No Contributing Factors""]",,Clear,Dry,Dusk,33.781742,-84.382499
11/18/14 16:15,Atlanta Police Department,DeKalb,Atlanta,Glenwood Ave,Joseph Ave and Glenwood Ave,(C) Possible Injury / Complaint,Not a Collision with Motor Vehicle,,"[""Intersection Related"",""Hit & Run"",""Pedestrian"",""Improper Occupant Protection""]",0,0,0,1,1,"[""Failure to Yield"",""No Contributing Factors""]",,Clear,Dry,Daylight,33.740172,-84.346885
3/7/14 22:51,Atlanta Police Department,Fulton,Atlanta,Joseph Lowery Blvd,Pelham St and Joseph Lowery Blvd,(B) Suspected Minor/Visible Injury,Not a Collision with Motor Vehicle,,"[""Intersection Related"",""Distracted Driver (Confirmed)"",""Pedestrian""]",0,0,1,0,1,"[""Failure to Yield"",""No Contributing Factors""]",,Clear,Dry,Dark-Lighted,33.771382,-84.417392
8/26/14 8:40,Atlanta Police Department,Fulton,Atlanta,Courtland St,Baker St and Courtland St,(B) Suspected Minor/Visible Injury,Angle (Other),,"[""Intersection Related"",""Pedestrian""]",0,0,1,0,1,"[""Failure to Yield"",""No Contributing Factors""]",,Clear,Dry,Daylight,33.762207,-84.384155
8/14/14 19:40,Atlanta Police Department,Fulton,Atlanta,1095 Osborne St,Evans Dr and 1095 Osborne St,(C) Possible Injury / Complaint,Head On,,"[""Pedestrian"",""Distracted Driver (Suspected)""]",0,0,0,1,1,"[""No Contributing Factors"",""Other""]",,Clear,Dry,Daylight,33.704412,-84.423973
2/6/14 2:50,Atlanta Police Department,Fulton,Atlanta,722 Cascade Ave,Rogers Ave and 722 Cascade Ave,(B) Suspected Minor/Visible Injury,Head On,,"[""Intersection Related"",""Aggressive Driving"",""Distracted Driver (Confirmed)"",""Hit & Run"",""Pedestrian"",""Speed Related""]",0,0,1,0,1,"[""Exceeding Speed Limit"",""Other""]",,Clear,Dry,Dark-Lighted,33.735818,-84.436377
5/14/14 18:00,Atlanta Police Department,Fulton,Atlanta,Atlanta Ave Se   Hank Aaron Dr,Hank Aaron Dr and Atlanta Ave Se   Hank Aaron Dr,(B) Suspected Minor/Visible Injury,Not a Collision with Motor Vehicle,,"[""Intersection Related"",""Hit & Run"",""Pedestrian""]",0,0,1,0,1,"[""Disregard Stop Sign/Signal"",""No Contributing Factors""]",,Rain,Wet,Daylight,33.730323,-84.387962
7/2/14 8:50,Atlanta Police Department,Fulton,Atlanta,Piedmont Ave,Currier St and Piedmont Ave,(B) Suspected Minor/Visible Injury,Angle (Other),,"[""Intersection Related"",""Bicycle""]",0,0,1,0,2,"[""No Contributing Factors"",""Other""]",,Clear,Dry,Daylight,33.765545,-84.382049
12/2/14 16:55,Atlanta Police Department,Fulton,Atlanta,Memorial Dr Sw   Forsyth St,Forsyth St and Memorial Dr Sw   Forsyth St,(O) No Injury,Sideswipe-Same Direction,,"[""Intersection Related"",""Pedestrian"",""Young Adult Driver (Age 20-24)""]",0,0,0,0,2,"[""No Contributing Factors"",""No Contributing Factors"",""Other""]",,Clear,Dry,Daylight,33.747,-84.396926
11/16/14 16:17,Atlanta Police Department,Fulton,Atlanta,3038 Empire Blvd,,(B) Suspected Minor/Visible Injury,Angle (Other),,"[""Hit & Run"",""Pedestrian"",""Improper Occupant Protection""]",0,0,1,0,1,"[""No Contributing Factors"",""No Contributing Factors""]",,Clear,Dry,Daylight,33.67178,-84.393317
7/9/14 16:50,Atlanta Police Department,Fulton,Atlanta,10Th St,10Th St and Crescent Ave,(O) No Injury,Angle (Other),,"[""Intersection Related"",""Hit & Run"",""Bicycle"",""Improper Occupant Protection""]",0,0,0,0,2,"[""Failure to Yield"",""No Contributing Factors""]",,Clear,Dry,Daylight,33.781582,-84.384908
5/14/14 19:30,Atlanta Police Department,Fulton,Atlanta,Peachtree Rd,Terrace Dr and Peachtree Rd,(B) Suspected Minor/Visible Injury,Not a Collision with Motor Vehicle,,"[""Intersection Related"",""Pedestrian""]",0,0,1,0,1,"[""Disregard Stop Sign/Signal"",""No Contributing Factors""]",,Rain,Wet,Daylight,33.82138,-84.387969
3/11/14 16:43,Atlanta Police Department,Fulton,Atlanta,2085 Donald Lee Hollowell Pkwy,S Eugenia and 2085 Donald Lee Hollowell Pkwy,(B) Suspected Minor/Visible Injury,Not a Collision with Motor Vehicle,,"[""Intersection Related"",""Pedestrian"",""Distracted Driver (Suspected)""]",0,0,1,0,1,"[""No Contributing Factors"",""Other""]",,Clear,Dry,Daylight,33.77666,-84.453981
12/16/14 8:45,Atlanta Police Department,Fulton,Atlanta,881 Marietta St,Northside Dr and 881 Marietta St,(B) Suspected Minor/Visible Injury,Angle (Other),,"[""Distracted Driver (Confirmed)"",""Bicycle""]",0,0,1,0,2,"[""Failure to Yield"",""Wrong Side of Road""]",,Cloudy,Wet,Daylight,33.776291,-84.407386
12/12/15 16:31,Atlanta Police Department,Fulton,Atlanta,1166 Ralph D Abernathy Blvd,,(C) Possible Injury / Complaint,Angle (Other),,"[""Intersection Related"",""Aggressive Driving"",""Hit & Run"",""Pedestrian"",""Young Adult Driver (Age 20-24)"",""Older Driver (55-64)"",""Speed Related""]",0,0,0,1,3,"[""No Contributing Factors"",""No Contributing Factors"",""Too Fast for Conditions""]",,Clear,Dry,Daylight,33.738506,-84.425469
3/29/15 10:13,Atlanta Police Department,Fulton,Atlanta,Courtland St,Baker St and Courtland St,(C) Possible Injury / Complaint,Head On,,"[""Intersection Related"",""Hit & Run"",""Pedestrian"",""Distracted Driver (Suspected)""]",0,0,0,1,2,"[""No Contributing Factors"",""No Contributing Factors"",""No Contributing Factors""]",,Clear,Dry,Daylight,33.762207,-84.384155
5/8/16 1:05,Atlanta Police Department,Fulton,Atlanta,Martin L King Jr Dr Nw   Lynhurst Dr,Lynhurst Dr and Martin L King Jr Dr Nw   Lynhurst Dr,(K) Fatal Injury,Not a Collision with Motor Vehicle,,"[""Intersection Related"",""Hit & Run"",""Pedestrian"",""Impaired (Suspected)""]",1,0,0,0,1,"[""Failure to Yield"",""No Contributing Factors""]",,Clear,Dry,Dark-Lighted,33.751471,-84.488094
10/23/16 18:15,Atlanta Police Department,DeKalb,Atlanta,Spence Ave,Alston Dr and Spence Ave,(O) No Injury,Sideswipe-Same Direction,,"[""Intersection Related"",""Hit & Run"",""Bicycle""]",0,0,0,0,2,"[""No Contributing Factors"",""Other""]",,Clear,Dry,Daylight,33.744984,-84.296294
6/9/16 10:52,Atlanta Police Department,Fulton,Atlanta,Lee St,Lee St and Avon Ave,(B) Suspected Minor/Visible Injury,Not a Collision with Motor Vehicle,,"[""Intersection Related"",""Hit & Run"",""Pedestrian"",""Impaired (Suspected)"",""Distracted Driver (Suspected)""]",0,0,1,0,1,Other,,Clear,Dry,Dark-Lighted,33.722251,-84.423046
2/3/16 9:50,Atlanta Police Department,Fulton,Atlanta,Baker St,Baker St and Ted Turner Dr,(B) Suspected Minor/Visible Injury,Not a Collision with Motor Vehicle,,"[""Intersection Related"",""Older Driver (65+)"",""Pedestrian""]",0,0,1,0,1,"[""Failure to Yield"",""No Contributing Factors""]",,Clear,Wet,Daylight,33.762253,-84.389016
5/25/16 13:40,Atlanta Police Department,Fulton,Atlanta,W Peachtree St,W Peachtree St and Ivan Allen Jr Blvd,(O) No Injury,Not a Collision with Motor Vehicle,,"[""Intersection Related"",""Distracted Driver (Confirmed)"",""Bicycle"",""Older Driver (55-64)""]",0,0,0,0,2,"[""Changed Lanes Improperly"",""No Contributing Factors""]",,Clear,Dry,Daylight,33.76476,-84.387516
9/8/16 17:46,Atlanta Police Department,Fulton,Atlanta,Lenox Rd,Lenox Rd and Buford Hwy,(B) Suspected Minor/Visible Injury,Not a Collision with Motor Vehicle,,"[""Intersection Related"",""Pedestrian""]",0,0,1,0,1,"[""Failure to Yield"",""No Contributing Factors""]",,Clear,Dry,Daylight,33.825674,-84.352868
1/11/16 9:30,Atlanta Police Department,Fulton,Atlanta,Peachtree St,Ellis St and Peachtree St,(O) No Injury,Sideswipe-Same Direction,,"[""Intersection Related"",""Hit & Run"",""Pedestrian""]",0,0,0,0,3,"[""Driver Lost Control"",""No Contributing Factors"",""No Contributing Factors""]",,Clear,Dry,Daylight,33.758428,-84.387756
5/29/16 18:49,Atlanta Police Department,Fulton,Atlanta,Ponce De Leon Ave,Ponce De Leon Pl and Ponce De Leon Ave,(O) No Injury,Rear End,,"[""Hit & Run"",""Pedestrian"",""Young Adult Driver (Age 20-24)"",""Older Driver (55-64)"",""Improper Occupant Protection""]",0,0,0,0,3,"[""Failure to Yield"",""Following Too Close"",""No Contributing Factors""]",,Clear,Dry,Daylight,33.773324,-84.365009
5/3/16 8:15,Atlanta Police Department,Fulton,Atlanta,171 17Th St,,(O) No Injury,Not a Collision with Motor Vehicle,,Pedestrian,0,0,0,0,1,"[""Failure to Yield"",""No Contributing Factors""]",,Cloudy,Dry,Daylight,33.791189,-84.393608
2/24/16 17:25,Atlanta Police Department,Fulton,Atlanta,1937 Piedmont Cir,Monroe Dr and 1937 Piedmont Cir,(B) Suspected Minor/Visible Injury,Not a Collision with Motor Vehicle,,"[""Hit & Run"",""Pedestrian"",""Distracted Driver (Suspected)"",""Improper Occupant Protection""]",0,0,1,0,1,"[""Other"",""Other""]",,Cloudy,Dry,Daylight,33.81045,-84.367811
5/11/16 21:01,Atlanta Police Department,Fulton,Atlanta,James P Brawley Dr,Jett St and James P Brawley Dr,(C) Possible Injury / Complaint,Not a Collision with Motor Vehicle,,"[""Pedestrian"",""Distracted Driver (Suspected)"",""Older Driver (55-64)""]",0,0,0,1,1,"[""No Contributing Factors"",""Other""]",,Clear,Dry,Dark-Not Lighted,33.767185,-84.412599
2/9/16 9:20,Atlanta Police Department,Fulton,Atlanta,700 14Th St,,(B) Suspected Minor/Visible Injury,Angle (Other),,"[""Bicycle"",""Older Driver (55-64)"",""Improper Occupant Protection""]",0,0,1,0,2,"[""Following Too Close"",""No Contributing Factors""]",,Snow,Dry,Daylight,33.785869,-84.410016
7/7/16 19:45,Atlanta Police Department,Fulton,Atlanta,1425 Joseph E Boone Blvd,,(C) Possible Injury / Complaint,Angle (Other),,"[""Hit & Run"",""Pedestrian""]",0,0,0,1,3,"[""Driver Lost Control"",""No Contributing Factors"",""No Contributing Factors"",""No Contributing Factors""]",,Clear,Dry,Dusk,33.763562,-84.433785
10/25/16 6:54,Atlanta Police Department,Fulton,Atlanta,Cleveland Ave,Cleveland Ave and Old Hapeville Rd,(C) Possible Injury / Complaint,Not a Collision with Motor Vehicle,,"[""Intersection Related"",""Pedestrian"",""Older Driver (55-64)""]",0,0,0,1,1,"[""Failure to Yield"",""No Contributing Factors""]",,Clear,Dry,Dark-Lighted,33.681102,-84.393733
12/15/16 5:40,Atlanta Police Department,Fulton,Atlanta,2434 Baker Rd,,(C) Possible Injury / Complaint,Not a Collision with Motor Vehicle,,"[""Pedestrian"",""Distracted Driver (Suspected)"",""Older Driver (55-64)""]",0,0,0,1,1,"[""No Contributing Factors"",""No Contributing Factors""]",,Clear,Dry,Dark-Not Lighted,33.769598,-84.467536
7/24/16 6:48,Atlanta Police Department,Fulton,Atlanta,Lee St,Lee St and Ralph David Abernathy,(C) Possible Injury / Complaint,Angle (Other),,"[""Hit & Run"",""Pedestrian"",""Older Driver (55-64)""]",0,0,0,3,3,"[""Failure to Yield"",""No Contributing Factors"",""No Contributing Factors""]",,Clear,Dry,Daylight,33.741517,-84.414069
2/8/16 22:36,Atlanta Police Department,Fulton,Atlanta,938 Peachtree St,Peachtree St and 938 Peachtree St,(B) Suspected Minor/Visible Injury,Not a Collision with Motor Vehicle,,"[""Pedestrian"",""Distracted Driver (Suspected)""]",0,0,1,0,1,"[""No Contributing Factors"",""Other""]",,Clear,Dry,Dark-Lighted,33.780154,-84.384153
3/18/16 19:10,Atlanta Police Department,Fulton,Atlanta,Martin L King Jr Dr,Barfield Ave and Martin L King Jr Dr,(B) Suspected Minor/Visible Injury,Not a Collision with Motor Vehicle,,"[""Hit & Run"",""Pedestrian""]",0,0,1,0,1,"[""Misjudged Clearance"",""No Contributing Factors""]",,Cloudy,Dry,Daylight,33.752158,-84.459956
8/17/16 16:46,Atlanta Police Department,Fulton,Atlanta,Ormewood Ave Se   Moreland Ave,Moreland Ave and Ormewood Ave Se   Moreland Ave,(B) Suspected Minor/Visible Injury,Not a Collision with Motor Vehicle,,"[""Intersection Related"",""Pedestrian""]",0,0,1,0,1,"[""Failure to Yield"",""No Contributing Factors""]",,Clear,Dry,Daylight,33.734105,-84.349328
8/13/16 21:04,Atlanta Police Department,Fulton,Atlanta,610 Spring St,,(B) Suspected Minor/Visible Injury,Not a Collision with Motor Vehicle,,"[""Hit & Run"",""Pedestrian"",""Distracted Driver (Suspected)""]",0,0,2,0,2,"[""No Contributing Factors"",""Other""]",,Clear,Dry,Dark-Lighted,33.771244,-84.389508
10/2/16 22:01,Atlanta Police Department,Fulton,Atlanta,S Eugenia Pl Nw   Donald Lee Hollowell Pkwy,Donald Lee Hollowell Pkwy and S Eugenia Pl Nw   Donald Lee Hollowell Pkwy,(C) Possible Injury / Complaint,Not a Collision with Motor Vehicle,,"[""Intersection Related"",""Pedestrian"",""Distracted Driver (Suspected)""]",0,0,0,1,1,"[""No Contributing Factors"",""Other""]",,Clear,Dry,Dark-Lighted,33.77664,-84.454063
11/10/16 11:04,Atlanta Police Department,Fulton,Atlanta,1918 Sandtown Rd Sw;,Centra Villa and 1918 Sandtown Rd Sw;,(C) Possible Injury / Complaint,Not a Collision with Motor Vehicle,,"[""Older Driver (65+)"",""Pedestrian""]",0,0,0,1,1,"[""Misjudged Clearance"",""No Contributing Factors""]",,Clear,Dry,Daylight,33.718906,-84.450991
5/7/16 12:00,Atlanta Police Department,DeKalb,Atlanta,1936 Hosea L Williams Dr,Doyle St and 1936 Hosea L Williams Dr,(O) No Injury,Rear End,,"[""Older Driver (65+)"",""Bicycle""]",0,0,0,0,2,"[""Failure to Yield"",""No Contributing Factors""]",,Clear,Dry,Daylight,33.75248,-84.324329
2/16/16 11:04,Atlanta Police Department,Fulton,Atlanta,Blvd,N Ave and  Blvd,(B) Suspected Minor/Visible Injury,Sideswipe-Opposite Direction,,"[""Intersection Related"",""Hit & Run"",""Older Driver (65+)"",""Pedestrian""]",0,0,1,2,3,"[""Disregard Stop Sign/Signal"",""No Contributing Factors"",""No Contributing Factors"",""No Contributing Factors"",""No Contributing Factors""]",,Clear,Dry,Daylight,33.771176,-84.371769
1/10/16 16:53,Atlanta Police Department,Fulton,Atlanta,575 Ponce De Leon Ave,Glen Iris Dr and 575 Ponce De Leon Ave,(O) No Injury,Angle (Other),,"[""Intersection Related"",""Hit & Run"",""Pedestrian""]",0,0,0,0,1,"[""Misjudged Clearance"",""No Contributing Factors""]",,Clear,Dry,Daylight,33.7735,-84.367632
9/21/16 19:04,Atlanta Police Department,Fulton,Atlanta,3787 Martin L King Jr Dr,Old Gordon Rd and 3787 Martin L King Jr Dr,(B) Suspected Minor/Visible Injury,Not a Collision with Motor Vehicle,,"[""Pedestrian"",""Distracted Driver (Suspected)""]",0,0,1,0,1,"[""No Contributing Factors"",""No Contributing Factors""]",,Clear,Dry,Dusk,33.76808,-84.512893
3/29/16 20:48,Atlanta Police Department,Fulton,Atlanta,10Th St,10Th St and Myrtle St,(C) Possible Injury / Complaint,Not a Collision with Motor Vehicle,,"[""Intersection Related"",""Distracted Driver (Confirmed)"",""Pedestrian""]",0,0,0,1,1,"[""Inattentive or Other Distraction (Distracted)"",""No Contributing Factors""]",,Clear,Dry,Dark-Lighted,33.781788,-84.379413
3/4/16 15:29,Atlanta Police Department,Fulton,Atlanta,Courtland St Ne   Ralph Mcgill Blvd,Ralph Mcgill Blvd and Courtland St Ne   Ralph Mcgill Blvd,(C) Possible Injury / Complaint,Head On,,"[""Intersection Related"",""Hit & Run"",""Pedestrian""]",0,0,0,1,1,"[""Failure to Yield"",""No Contributing Factors""]",,Clear,Dry,Daylight,33.764344,-84.384131
7/28/16 23:38,Atlanta Police Department,Fulton,Atlanta,Andrews Dr,Andrews Dr and Cherokee Rd,(C) Possible Injury / Complaint,Not a Collision with Motor Vehicle,,"[""Older Driver (65+)"",""Pedestrian"",""Distracted Driver (Suspected)""]",0,0,0,1,1,"[""No Contributing Factors"",""Other""]",,Clear,Wet,Dark-Lighted,33.830057,-84.387805
9/20/16 6:45,Atlanta Police Department,Fulton,Atlanta,Moreland,Moreland and Gracewood Ave,(K) Fatal Injury,Not a Collision with Motor Vehicle,,"[""Intersection Related"",""Pedestrian"",""Young Adult Driver (Age 20-24)"",""Distracted Driver (Suspected)""]",1,0,0,0,1,"[""No Contributing Factors"",""Other""]",,Clear,Dry,Dark-Lighted,33.733071,-84.349339
8/5/16 22:55,Atlanta Police Department,Fulton,Atlanta,Lindbergh Dr Ne   Piedmont Rd,Piedmont Rd and Lindbergh Dr Ne   Piedmont Rd,(C) Possible Injury / Complaint,Not a Collision with Motor Vehicle,,"[""Intersection Related"",""Pedestrian"",""Young Adult Driver (Age 20-24)"",""Distracted Driver (Suspected)""]",0,0,0,1,1,No Contributing Factors,,Clear,Dry,Dark-Lighted,33.807432,-84.366178
12/20/16 13:56,Atlanta Police Department,Fulton,Atlanta,Monroe Dr Ne   Montgomery Ferry Rd,Montgomery Ferry Rd and Monroe Dr Ne   Montgomery Ferry Rd,(C) Possible Injury / Complaint,Not a Collision with Motor Vehicle,,"[""Intersection Related"",""Pedestrian"",""Older Driver (55-64)""]",0,0,0,1,1,"[""No Contributing Factors"",""Other""]",,Cloudy,Dry,Daylight,33.801896,-84.372342
10/29/16 22:55,Atlanta Police Department,Fulton,Atlanta,21 Moreland Ave,,(B) Suspected Minor/Visible Injury,Not a Collision with Motor Vehicle,,"[""Pedestrian"",""Distracted Driver (Suspected)""]",0,0,1,0,1,"[""No Contributing Factors"",""Other""]",,Clear,Dry,Dark-Lighted,33.754069,-84.349203
6/30/16 19:25,Atlanta Police Department,Fulton,Atlanta,Pryor Rd,Pryor Rd and Pryor Cir,(O) No Injury,Not a Collision with Motor Vehicle,,"[""Intersection Related"",""Pedestrian"",""Young Driver (Age 15-19)"",""Distracted Driver (Suspected)""]",0,0,0,0,1,"[""No Contributing Factors"",""Other""]",,Clear,Dry,Daylight,33.708763,-84.393507
10/14/16 21:37,Dekalb Co Police Department,Fulton,Atlanta,Moreland Ave,Regis Rd and Moreland Ave,(C) Possible Injury / Complaint,Not a Collision with Motor Vehicle,,"[""Intersection Related"",""Hit & Run"",""Pedestrian""]",0,0,0,1,1,"[""No Contributing Factors"",""Other""]",,Clear,Dry,Dark-Lighted,33.692131,-84.349427
1/30/16 0:14,Atlanta Police Department,Fulton,Atlanta,Mitchell St,Mitchell St and Peachtree St,(C) Possible Injury / Complaint,Not a Collision with Motor Vehicle,,"[""Intersection Related"",""Pedestrian""]",0,0,0,1,1,"[""Failure to Yield"",""No Contributing Factors""]",,Clear,Dry,Dark-Lighted,33.750936,-84.393024
10/6/16 0:45,Atlanta Police Department,Fulton,Atlanta,Peachtree St,10Th St and Peachtree St,(B) Suspected Minor/Visible Injury,Angle (Other),,"[""Intersection Related"",""Pedestrian""]",0,0,1,0,1,"[""Failure to Yield"",""No Contributing Factors""]",,Clear,Dry,Dark-Lighted,33.781719,-84.384009
10/29/16 18:34,Atlanta Police Department,Fulton,Atlanta,1247 Princess Ave,,(C) Possible Injury / Complaint,Head On,,"[""Pedestrian"",""Distracted Driver (Suspected)""]",0,0,0,1,1,"[""No Contributing Factors"",""Other""]",,Clear,Dry,Daylight,33.720812,-84.425409
9/30/16 18:34,Atlanta Police Department,Fulton,Atlanta,Peachtree St,Peachtree Pl and Peachtree St,(B) Suspected Minor/Visible Injury,Angle (Other),,"[""Intersection Related"",""Bicycle"",""Older Driver (55-64)"",""Improper Occupant Protection""]",0,0,1,0,2,"[""Changed Lanes Improperly"",""No Contributing Factors""]",,Clear,Dry,Daylight,33.780743,-84.384097
3/14/16 16:30,Atlanta Police Department,Fulton,Atlanta,Peachtree St Ne   Spring St,Spring St and Peachtree St Ne   Spring St,(O) No Injury,Angle (Other),,"[""Hit & Run"",""Pedestrian"",""Young Adult Driver (Age 20-24)"",""Older Driver (55-64)""]",0,0,0,0,3,"[""Failure to Yield"",""No Contributing Factors""]",,Cloudy,Dry,Daylight,33.797555,-84.389779
6/26/16 21:54,Atlanta Police Department,Fulton,Atlanta,140 W Lake Ave,,(C) Possible Injury / Complaint,Head On,,"[""Hit & Run"",""Pedestrian"",""Distracted Driver (Suspected)""]",0,0,0,1,1,"[""No Contributing Factors"",""Other""]",,Clear,Dry,Dark-Lighted,33.757472,-84.444314
12/1/16 13:40,Atlanta Police Department,Fulton,Atlanta,Peachtree Rd,Rumson Rd and Peachtree Rd,(C) Possible Injury / Complaint,Not a Collision with Motor Vehicle,,"[""Intersection Related"",""Pedestrian""]",0,0,0,1,1,"[""Failure to Yield"",""No Contributing Factors""]",,Clear,Dry,Daylight,33.831564,-84.385396
10/23/16 13:20,Atlanta Police Department,Fulton,Atlanta,Austin Ave Ne   Euclid Ave,Euclid Ave and Austin Ave Ne   Euclid Ave,(B) Suspected Minor/Visible Injury,Not a Collision with Motor Vehicle,,"[""Intersection Related"",""Pedestrian""]",0,0,1,0,1,"[""Failure to Yield"",""No Contributing Factors""]",,Clear,Dry,Daylight,33.762563,-84.35299
7/1/16 17:02,Atlanta Police Department,Fulton,Atlanta,Jesse Hill Jr Dr Ne   Edgewood Ave,Edgewood Ave and Jesse Hill Jr Dr Ne   Edgewood Ave,(B) Suspected Minor/Visible Injury,Angle (Other),,"[""Intersection Related"",""Distracted Driver (Confirmed)"",""Pedestrian""]",0,0,1,0,1,Inattentive or Other Distraction (Distracted),,Clear,Dry,Daylight,33.754369,-84.380312
6/19/16 21:30,Atlanta Police Department,Fulton,Atlanta,Maple Dr,Maple Dr and Peachtree Rd,(C) Possible Injury / Complaint,Angle (Other),,"[""Intersection Related"",""Hit & Run"",""Pedestrian""]",0,0,0,1,1,"[""Failure to Yield"",""Other""]",,Clear,Dry,Dark-Lighted,33.843012,-84.372528
1/14/16 23:20,Atlanta Police Department,Fulton,Atlanta,3434 Peachtree Rd,,(O) No Injury,Not a Collision with Motor Vehicle,,"[""Roadway Departure"",""Pedestrian""]",0,0,0,0,1,"[""Misjudged Clearance"",""No Contributing Factors""]",,Clear,Dry,Dark-Lighted,33.849867,-84.362632
5/26/16 15:06,Atlanta Police Department,Fulton,Atlanta,Ashley Ave,Ashley Ave and Ralph Mcgill Blvd,(C) Possible Injury / Complaint,Angle (Other),,"[""Intersection Related"",""Pedestrian""]",0,0,0,1,1,Other,,Clear,Dry,Daylight,33.765795,-84.363629
10/4/16 20:24,Atlanta Police Department,Fulton,Atlanta,4Th St Nw   Spring St,Spring St and 4Th St Nw   Spring St,(C) Possible Injury / Complaint,Not a Collision with Motor Vehicle,,"[""Intersection Related"",""Pedestrian""]",0,0,0,1,1,"[""Failure to Yield"",""No Contributing Factors""]",,Clear,Dry,Dark-Lighted,33.775116,-84.388924
2/19/16 16:46,Atlanta Police Department,Fulton,Atlanta,Spring St Nw   13Th St,12Th St and Spring St Nw   13Th St,(C) Possible Injury / Complaint,Angle (Other),,"[""Intersection Related"",""Distracted Driver (Confirmed)"",""Hit & Run"",""Pedestrian""]",0,0,0,1,1,"[""Inattentive or Other Distraction (Distracted)"",""No Contributing Factors""]",,Clear,Dry,Daylight,33.784441,-84.389163
3/14/16 13:25,Atlanta Police Department,Fulton,Atlanta,Dill Ave,Dill Ave and Desoto Ave,(B) Suspected Minor/Visible Injury,Rear End,,"[""Intersection Related"",""Hit & Run"",""Pedestrian"",""Distracted Driver (Suspected)""]",0,0,1,0,3,"[""No Contributing Factors"",""Other""]",,Clear,Dry,Daylight,33.71829,-84.41185
8/17/13 22:20,Atlanta Police Department,Fulton,Atlanta,Monroe Dr,8Th St and Monroe Dr,(B) Suspected Minor/Visible Injury,Not a Collision with Motor Vehicle,,"[""Distracted Driver (Confirmed)"",""Pedestrian"",""Young Driver (Age 15-19)""]",0,0,1,0,1,"[""Inattentive or Other Distraction (Distracted)"",""No Contributing Factors""]",,Cloudy,Wet,Dark-Lighted,33.779524,-84.369399