Date and Time,Agency Name (Crash Level) ,Area: County,Area: City,Roadway (From Crash Report),Intersection Name (from Crash Report),KABCO Severity,Manner of Collision (Crash Level) ,First Harmful Event (Crash Level) ,SHSP Emphasis Areas,# of Fatalities (Person Table),# Serious Injuries,# Visible Injuries,# Complaint Injuries,# of Vehicles,Operator / Driver Contributing Factor -old,Roadway Contributing Factors (Crash Level) ,Weather Conditions (Crash Level),Surface Condition (Crash Level) ,Light Conditions (Crash Level),Latitude ,Longitude
6/22/13 22:08,Atlanta Police Department,Fulton,Atlanta,1265 Wwesley Rd,,(O) No Injury,(None),,"[""Intersection Related"",""Roadway Departure"",""Hit & Run"",""Pedestrian""]",0,0,0,0,0,,,(None),(None),(None),33.828822,-84.429326
4/5/13 22:45,Atlanta Police Department,Fulton,Atlanta,Peachtree St,11Th St and Peachtree St,(O) No Injury,Not a Collision with Motor Vehicle,,"[""Intersection Related"",""Pedestrian""]",0,0,0,0,1,"[""Failure to Yield"",""No Contributing Factors""]",,Clear,Dry,Dark-Lighted,33.783196,-84.383846
3/4/13 1:31,Atlanta Police Department,Fulton,Atlanta,98 10Th St,98 10Th St and Peachtree St,(B) Suspected Minor/Visible Injury,Not a Collision with Motor Vehicle,,"[""Intersection Related"",""Hit & Run"",""Bicycle"",""Improper Occupant Protection""]",0,0,1,0,2,"[""Improper Turn"",""No Contributing Factors""]",,Clear,Dry,Dark-Lighted,33.781494,-84.3878
12/10/13 19:45,Emory Police Department,DeKalb,Atlanta,Clifton Rd,Clifton Rd and Lowergate Dr,(A) Suspected Serious Injury,Angle (Other),,"[""Roadway Departure"",""Bicycle""]",0,1,0,0,2,,,Clear,Wet,Dark-Lighted,33.791953,-84.320968
4/25/13 14:01,Atlanta Police Department,Fulton,Atlanta,2 Meldon Ave,Jonesboro Rd and 2 Meldon Ave,(B) Suspected Minor/Visible Injury,Not a Collision with Motor Vehicle,,"[""Intersection Related"",""Hit & Run"",""Pedestrian"",""Distracted Driver (Suspected)""]",0,0,1,0,1,"[""No Contributing Factors"",""Other""]",,Clear,Dry,Daylight,33.711739,-84.382286
10/24/13 20:30,Atlanta Police Department,Fulton,Atlanta,61 N Ave Nw The Varsity,,(C) Possible Injury / Complaint,Head On,,"[""Intersection Related"",""Pedestrian"",""Young Adult Driver (Age 20-24)"",""Distracted Driver (Suspected)""]",0,0,0,1,1,,,Clear,Dry,Dawn,33.771239,-84.388873
12/3/13 8:50,Atlanta Police Department,Fulton,Atlanta,Jonesboro Rd,Jonesboro Rd and Springside Dr Se;,(O) No Injury,Not a Collision with Motor Vehicle,,"[""Intersection Related"",""Roadway Departure"",""Pedestrian"",""Distracted Driver (Suspected)"",""Older Driver (55-64)"",""Improper Occupant Protection""]",0,0,0,0,1,"[""No Contributing Factors"",""Other""]",,Cloudy,Wet,Daylight,33.676504,-84.370053
12/24/13 14:35,Atlanta Police Department,Fulton,Atlanta,Decatur St,Park Pl and Decatur St,(C) Possible Injury / Complaint,Angle (Other),,"[""Intersection Related"",""Pedestrian""]",0,0,0,1,1,"[""No Contributing Factors"",""No Contributing Factors""]",,Clear,Dry,Daylight,33.75386,-84.388963
2/12/13 18:40,Atlanta Police Department,Fulton,Atlanta,N Highland Ave,Highland Vw and N Highland Ave,(B) Suspected Minor/Visible Injury,Head On,,"[""Distracted Driver (Confirmed)"",""Pedestrian""]",0,0,1,0,1,"[""Inattentive or Other Distraction (Distracted)"",""No Contributing Factors""]",,Rain,Wet,Dark-Lighted,33.761341,-84.361786
3/24/13 3:05,Atlanta Police Department,Fulton,Atlanta,Roswell Rd,Roswell Rd and Irby Ave Ne,(C) Possible Injury / Complaint,Not a Collision with Motor Vehicle,,"[""Intersection Related"",""Pedestrian""]",0,0,0,1,1,"[""Failure to Yield"",""No Contributing Factors""]",,Rain,Wet,Dark-Lighted,33.841232,-84.379111
3/24/13 23:32,Atlanta Police Department,Fulton,Atlanta,Moreland Ave,Faith Ave and Moreland Ave,(C) Possible Injury / Complaint,Not a Collision with Motor Vehicle,,"[""Intersection Related"",""Pedestrian"",""Distracted Driver (Suspected)""]",0,0,0,1,1,"[""No Contributing Factors"",""No Contributing Factors""]",,Rain,Wet,Dark-Lighted,33.743299,-84.349236
5/30/13 13:30,Atlanta Police Department,Fulton,Atlanta,Peachtree Center Ave,W Peachtree St and Peachtree Center Ave,(O) No Injury,Angle (Other),,"[""Intersection Related"",""Pedestrian""]",0,0,0,0,2,"[""Following Too Close"",""No Contributing Factors"",""No Contributing Factors""]",,Clear,Dry,Daylight,33.764163,-84.385987
7/12/13 18:45,Georgia Tech Police Department,Fulton,Atlanta,Curren St,Curren St and Fourteenth St,(O) No Injury,Sideswipe-Same Direction,,"[""Intersection Related"",""Aggressive Driving"",""Bicycle"",""Speed Related""]",0,0,0,0,2,"[""Misjudged Clearance"",""No Contributing Factors""]",,Clear,Dry,Daylight,33.786222,-84.406046
1/20/13 12:31,Atlanta Police Department,Fulton,Atlanta,Martin Luther King Jr Dr,Anderson Ave and Martin Luther King Jr Dr,(A) Suspected Serious Injury,Not a Collision with Motor Vehicle,,"[""Intersection Related"",""Older Driver (65+)"",""Pedestrian"",""Distracted Driver (Suspected)""]",0,1,0,0,1,"[""No Contributing Factors"",""Other""]",,Clear,Dry,Daylight,33.750946,-84.446121
10/26/14 18:30,Atlanta Police Department,Fulton,Atlanta,John Portman Blvd,John Portman Blvd and Peachtree Center Ave,(C) Possible Injury / Complaint,Head On,,"[""Intersection Related"",""Pedestrian"",""Distracted Driver (Suspected)""]",0,0,0,1,1,"[""Other"",""Other""]",,Clear,Dry,Dark-Lighted,33.760967,-84.386131
6/13/14 21:40,Atlanta Police Department,Fulton,Atlanta,I 7585,I 7585 and Edgewood Ave,(O) No Injury,Rear End,,"[""Pedestrian"",""Young Driver (Age 15-19)"",""Distracted Driver (Suspected)"",""Older Driver (55-64)""]",0,0,0,0,3,"[""Following Too Close"",""No Contributing Factors"",""Other"",""Other""]",,Cloudy,Dry,Dark-Lighted,33.75989,-84.379863
8/10/14 14:09,Atlanta Police Department,Fulton,Atlanta,Joseph E Lowery Blvd,I 20 and Joseph E Lowery Blvd,(O) No Injury,Not a Collision with Motor Vehicle,,"[""Pedestrian"",""Distracted Driver (Suspected)""]",0,0,0,0,1,"[""No Contributing Factors"",""Other""]",,Clear,Dry,Daylight,33.741312,-84.417604
12/19/14 11:59,Atlanta Police Department,Fulton,Atlanta,W Paces Ferry Rd,Peachtree Rd and W Paces Ferry Rd,(O) No Injury,Not a Collision with Motor Vehicle,,"[""Intersection Related"",""Distracted Driver (Confirmed)"",""Hit & Run"",""Pedestrian"",""Improper Occupant Protection""]",0,0,0,0,1,"[""Inattentive or Other Distraction (Distracted)"",""No Contributing Factors""]",,Clear,Dry,Daylight,33.839443,-84.379997
11/8/14 1:30,Atlanta Police Department,Fulton,Atlanta,Piedmont Ave,Piedmont Ave and John Wesley Dobbs Ave,(B) Suspected Minor/Visible Injury,Not a Collision with Motor Vehicle,,"[""Intersection Related"",""Distracted Driver (Confirmed)"",""Pedestrian"",""Young Driver (Age 15-19)""]",0,0,1,0,1,"[""Inattentive or Other Distraction (Distracted)"",""No Contributing Factors""]",,Clear,Dry,Daylight,33.757204,-84.382226
9/17/14 18:39,Atlanta Police Department,Fulton,Atlanta,3534 Martin L King Jr Dr,Howell Dr and 3534 Martin L King Jr Dr,(C) Possible Injury / Complaint,Not a Collision with Motor Vehicle,,"[""Intersection Related"",""Pedestrian"",""Distracted Driver (Suspected)"",""Older Driver (55-64)""]",0,0,0,1,1,"[""No Contributing Factors"",""No Contributing Factors""]",,Clear,Dry,Daylight,33.758145,-84.503661
11/4/14 13:29,Atlanta Police Department,Fulton,Atlanta,150 Peachtree St,Trinity Ave and 150 Peachtree St,(B) Suspected Minor/Visible Injury,Not a Collision with Motor Vehicle,,"[""Intersection Related"",""Pedestrian"",""Distracted Driver (Suspected)""]",0,0,1,0,1,No Contributing Factors,,Clear,Dry,Daylight,33.749926,-84.393811
12/22/14 6:03,Atlanta Police Department,Fulton,Atlanta,3260 Donald Lee Hollowell Pkwy,I 285 and 3260 Donald Lee Hollowell Pkwy,(A) Suspected Serious Injury,Not a Collision with Motor Vehicle,,"[""Pedestrian"",""Young Adult Driver (Age 20-24)"",""Distracted Driver (Suspected)""]",0,1,0,0,1,No Contributing Factors,,Clear,Dry,Dark-Not Lighted,33.787256,-84.493775
2/1/14 1:59,Atlanta Police Department,Fulton,Atlanta,108 8Th St,108 8Th St and Peachtree St,(B) Suspected Minor/Visible Injury,Rear End,,"[""Intersection Related"",""Pedestrian"",""Impaired Driving (Confirmed)"",""Improper Occupant Protection""]",0,0,1,0,1,"[""No Contributing Factors"",""Under the Influence (U.I.)""]",,Clear,Dry,Dark-Lighted,33.779522,-84.383979
9/7/14 11:54,Atlanta Police Department,Fulton,Atlanta,Hyde Manor Dr,Hyde Manor Dr and Defoors Ferry Rd,(O) No Injury,Angle (Other),,"[""Intersection Related"",""Hit & Run"",""Pedestrian""]",0,0,0,0,1,"[""Failure to Yield"",""No Contributing Factors""]",,Clear,Dry,Daylight,33.820387,-84.436173
10/30/14 19:54,Atlanta Police Department,Fulton,Atlanta,S Central Ave Sw   I75 Rp,I 75 and S Central Ave Sw   I75 Rp,(B) Suspected Minor/Visible Injury,(None),,"[""Intersection Related"",""Pedestrian""]",0,0,1,0,1,"[""No Contributing Factors"",""Other""]",,(None),Dry,Dark-Lighted,33.744371,-84.393376
5/3/14 21:43,Atlanta Police Department,Fulton,Atlanta,303 Hill St,,(O) No Injury,Not a Collision with Motor Vehicle,,"[""Intersection Related"",""Older Driver (65+)"",""Pedestrian"",""Distracted Driver (Suspected)""]",0,0,0,0,1,"[""No Contributing Factors"",""Other""]",,Clear,Dry,Dark-Not Lighted,33.746635,-84.379293
4/30/14 20:54,Atlanta Police Department,Fulton,Atlanta,Moreland Ave,Mclendon Ave and Moreland Ave,(C) Possible Injury / Complaint,Not a Collision with Motor Vehicle,,"[""Intersection Related"",""Pedestrian""]",0,0,0,1,1,"[""Improper Turn"",""No Contributing Factors""]",,Cloudy,Dry,Dark-Lighted,33.764989,-84.349224
11/28/14 12:45,Atlanta Police Department,Fulton,Atlanta,Cleveland Ave Se   Altaview Dr,Altaview Dr and Cleveland Ave Se   Altaview Dr,(C) Possible Injury / Complaint,Not a Collision with Motor Vehicle,,"[""Intersection Related"",""Hit & Run"",""Pedestrian"",""Distracted Driver (Suspected)""]",0,0,0,1,1,Other,,Clear,Dry,Daylight,33.680666,-84.381746
9/5/14 8:04,Atlanta Police Department,Fulton,Atlanta,Defoor Ave,Defoor Ave and Bellemeade Ave,(B) Suspected Minor/Visible Injury,Angle (Other),,"[""Intersection Related"",""Pedestrian"",""Young Adult Driver (Age 20-24)""]",0,0,1,0,1,"[""No Contributing Factors"",""Other""]",,Clear,Dry,Daylight,33.800557,-84.415912
9/6/14 21:40,Atlanta Police Department,Fulton,Atlanta,842 Peachtree,6Th St and 842 Peachtree,(A) Suspected Serious Injury,Not a Collision with Motor Vehicle,,"[""Intersection Related"",""Pedestrian"",""Distracted Driver (Suspected)""]",0,1,1,0,1,"[""No Contributing Factors"",""Other""]",,Clear,Dry,Dark-Lighted,33.777513,-84.384402
5/9/14 13:00,Atlanta Police Department,Fulton,Atlanta,Alabama St,Alabama St and Peachtree St,(C) Possible Injury / Complaint,Not a Collision with Motor Vehicle,,"[""Intersection Related"",""Pedestrian"",""Distracted Driver (Suspected)"",""Older Driver (55-64)""]",0,0,0,1,1,"[""No Contributing Factors"",""Other""]",,Cloudy,Dry,Daylight,33.753161,-84.391282
4/13/14 16:32,Atlanta Police Department,Fulton,Atlanta,3749 Campbellton Rd,Fairburn Rd and 3749 Campbellton Rd,(C) Possible Injury / Complaint,Head On,,"[""Intersection Related"",""Pedestrian"",""Distracted Driver (Suspected)""]",0,0,0,1,1,,,Clear,Dry,(None),33.690993,-84.511396
7/5/14 1:07,Atlanta Police Department,Fulton,Atlanta,1087 Windsor,,(B) Suspected Minor/Visible Injury,Head On,,"[""Hit & Run"",""Pedestrian"",""Impaired (Suspected)"",""Distracted Driver (Suspected)"",""Improper Occupant Protection""]",0,0,1,0,2,"[""No Contributing Factors"",""No Contributing Factors"",""Other""]",,Clear,Dry,Dark-Not Lighted,33.72519,-84.398428
7/7/14 7:56,Atlanta Police Department,Fulton,Atlanta,Chattahoochee Ave,Marietta Blvd and Chattahoochee Ave,(B) Suspected Minor/Visible Injury,Angle (Other),,"[""Intersection Related"",""Pedestrian""]",0,0,1,0,1,"[""Failure to Yield"",""No Contributing Factors""]",,Clear,Dry,Daylight,33.810442,-84.43883
12/4/14 17:45,Atlanta Police Department,Fulton,Atlanta,Linden Ave,Linden Ave and Peachtree St,(O) No Injury,Angle (Other),,"[""Intersection Related"",""Hit & Run"",""Pedestrian"",""Improper Occupant Protection""]",0,0,0,0,1,"[""No Contributing Factors"",""Other""]",,Clear,Dry,Dark-Lighted,33.769686,-84.385153
11/7/14 20:15,Atlanta Police Department,Fulton,Atlanta,Courtland St,Courtland St and John Wesley Dobbs Ave,(C) Possible Injury / Complaint,Not a Collision with Motor Vehicle,,"[""Intersection Related"",""Pedestrian""]",0,0,0,2,1,"[""Disregard Stop Sign/Signal"",""Disregard Stop Sign/Signal"",""No Contributing Factors""]",,Clear,Dry,Dark-Not Lighted,33.757114,-84.384242
10/25/14 17:25,Atlanta Police Department,Fulton,Atlanta,N Ave Ne   Parkway Dr,Parkway Dr and N Ave Ne   Parkway Dr,(B) Suspected Minor/Visible Injury,Not a Collision with Motor Vehicle,,"[""Intersection Related"",""Pedestrian"",""Distracted Driver (Suspected)""]",0,0,1,1,1,"[""No Contributing Factors"",""Other""]",,Clear,Dry,Daylight,33.77118,-84.372687
11/13/14 22:35,Atlanta Police Department,Fulton,Atlanta,2258 Cheshire Bridge Rd,Lenox Rd and 2258 Cheshire Bridge Rd,(C) Possible Injury / Complaint,Sideswipe-Same Direction,,Pedestrian,0,0,0,1,1,"[""Other"",""Under the Influence (U.I.)""]",,Clear,Dry,Dark-Lighted,33.816311,-84.352407
9/18/14 18:50,Atlanta Police Department,Fulton,Atlanta,30 Forsyth,Broad St and 30 Forsyth,(B) Suspected Minor/Visible Injury,Not a Collision with Motor Vehicle,,"[""Intersection Related"",""Pedestrian"",""Distracted Driver (Suspected)"",""Improper Occupant Protection""]",0,0,1,0,1,"[""No Contributing Factors"",""No Contributing Factors""]",,Clear,Dry,Daylight,33.753804,-84.392656
6/27/14 16:33,Atlanta Police Department,Fulton,Atlanta,1648 Richmond Ave,,(O) No Injury,Sideswipe-Same Direction,,"[""Hit & Run"",""Pedestrian""]",0,0,0,0,1,"[""Driver Condition"",""No Contributing Factors""]",,Clear,Dry,Daylight,33.709552,-84.379392
1/14/14 16:55,Atlanta Police Department,Fulton,Atlanta,Forsyth St Swforsyth St,Alabama St and Forsyth St Swforsyth St,(B) Suspected Minor/Visible Injury,Not a Collision with Motor Vehicle,,"[""Intersection Related"",""Motorcycle"",""Pedestrian"",""Distracted Driver (Suspected)""]",0,0,1,0,1,"[""No Contributing Factors"",""Other""]",,Clear,Dry,Daylight,33.753874,-84.392548
1/11/14 15:58,Atlanta Police Department,Fulton,Atlanta,Peachtree St,14Th St and Peachtree St,(C) Possible Injury / Complaint,Angle (Other),,"[""Intersection Related"",""Distracted Driver (Confirmed)"",""Bicycle""]",0,0,0,1,2,"[""Inattentive or Other Distraction (Distracted)"",""No Contributing Factors""]",,Clear,Dry,Daylight,33.78673,-84.383194
9/14/16 16:15,Atlanta Police Department,Fulton,Atlanta,Mitchell,Mitchell and Northside Dr,(O) No Injury,Head On,,"[""Intersection Related"",""Distracted Driver (Confirmed)"",""Hit & Run"",""Pedestrian"",""Impaired (Suspected)""]",0,0,0,0,1,"[""Inattentive or Other Distraction (Distracted)"",""No Contributing Factors""]",,Clear,Dry,Daylight,33.753858,-84.402871
10/14/16 16:04,Atlanta Police Department,Fulton,Atlanta,2221 Peachtree Rd,,(C) Possible Injury / Complaint,Angle (Other),,Pedestrian,0,0,0,1,1,"[""No Contributing Factors"",""Other""]",,Clear,Dry,Daylight,33.815139,-84.39159
10/20/16 16:54,Atlanta Police Department,Fulton,Atlanta,Joseph E Lowery Blvd Nw   N Ave,N Ave and Joseph E Lowery Blvd Nw   N Ave,(B) Suspected Minor/Visible Injury,Not a Collision with Motor Vehicle,,"[""Intersection Related"",""Pedestrian"",""Distracted Driver (Suspected)""]",0,0,1,0,1,"[""No Contributing Factors"",""Other""]",,Clear,Dry,Daylight,33.769913,-84.417409
3/27/16 3:10,Atlanta Police Department,Fulton,Atlanta,Windsor St Sw   I20 Expy,I 20 and Windsor St Sw   I20 Expy,(C) Possible Injury / Complaint,Not a Collision with Motor Vehicle,,"[""Pedestrian"",""Young Adult Driver (Age 20-24)"",""Distracted Driver (Suspected)""]",0,0,0,1,1,"[""No Contributing Factors"",""No Contributing Factors""]",,Clear,Dry,Dark-Lighted,33.745883,-84.397821
3/12/16 22:50,Gsp Post 00,Fulton,Atlanta,85Sb N Of Bufor,,(B) Suspected Minor/Visible Injury,Rear End,,"[""Roadway Departure"",""Hit & Run"",""Pedestrian"",""Impaired Driving (Confirmed)""]",0,0,1,0,1,"[""Changed Lanes Improperly"",""No Contributing Factors""]",,Clear,Dry,Dark-Not Lighted,33.811677,-84.371124
4/19/16 15:35,Atlanta Police Department,Fulton,Atlanta,11Th St Ne   Piedmont Ave,Piedmont Ave and 11Th St Ne   Piedmont Ave,(B) Suspected Minor/Visible Injury,Angle (Other),,"[""Intersection Related"",""Pedestrian""]",0,0,1,0,1,"[""No Contributing Factors"",""No Contributing Factors""]",,Clear,Dry,Daylight,33.7826,-84.380066
10/15/16 11:15,Atlanta Police Department,Fulton,Atlanta,3780 Paces Rdg,Mount Paran Rd and 3780 Paces Rdg,(O) No Injury,Head On,,"[""Distracted Driver (Confirmed)"",""Pedestrian"",""Young Driver (Age 15-19)""]",0,0,0,0,1,"[""No Contributing Factors"",""Other""]",,Clear,Dry,Daylight,33.857943,-84.440138
11/19/16 10:55,Sandy Springs Police Dept.,Fulton,Atlanta,Hammond Dr,Hammond Dr and Lake Forrest Dr,(B) Suspected Minor/Visible Injury,Not a Collision with Motor Vehicle,,"[""Intersection Related"",""Older Driver (65+)"",""Pedestrian"",""Distracted Driver (Suspected)""]",0,0,3,0,1,"[""No Contributing Factors"",""Other"",""Other""]",,Clear,Dry,Daylight,33.751886,-84.467477
9/21/16 15:27,Atlanta Police Department,Fulton,Atlanta,960 Oakland Dr,,(B) Suspected Minor/Visible Injury,Not a Collision with Motor Vehicle,,"[""Intersection Related"",""Pedestrian"",""Young Adult Driver (Age 20-24)"",""Distracted Driver (Suspected)""]",0,0,1,0,1,"[""No Contributing Factors"",""Other""]",,Clear,Dry,Daylight,33.728715,-84.427242
12/9/16 17:47,Atlanta Police Department,DeKalb,Atlanta,39 Candler Rd,39 Candler Rd and Hosea L Williams Dr,(B) Suspected Minor/Visible Injury,Head On,,"[""Aggressive Driving"",""Pedestrian""]",0,0,1,0,1,"[""Improper Passing"",""No Contributing Factors""]",,Clear,Dry,Dark-Not Lighted,33.752718,-84.292095
8/25/16 9:27,Chamblee Police Department,DeKalb,Atlanta,Clifton Rd,Clifton Rd and Fishburne Dr,(C) Possible Injury / Complaint,Rear End,,"[""Pedestrian"",""Distracted Driver (Suspected)""]",0,0,0,1,1,"[""Following Too Close"",""No Contributing Factors""]",,Clear,Dry,Daylight,33.790282,-84.320936
11/29/16 8:00,Atlanta Police Department,Fulton,Atlanta,Ralph D Abernathy Blvd,Peeples St and Ralph D Abernathy Blvd,(C) Possible Injury / Complaint,Not a Collision with Motor Vehicle,,"[""Intersection Related"",""Hit & Run"",""Older Driver (65+)"",""Pedestrian""]",0,0,0,2,2,"[""Failure to Yield"",""No Contributing Factors"",""No Contributing Factors""]",,Rain,Wet,Dark-Lighted,33.738027,-84.420578
6/9/16 12:00,Atlanta Police Department,Fulton,Atlanta,1854 Cummings Dr,,(C) Possible Injury / Complaint,Not a Collision with Motor Vehicle,,"[""Distracted Driver (Confirmed)"",""Hit & Run"",""Pedestrian"",""Older Driver (55-64)"",""Improper Occupant Protection""]",0,0,0,1,1,"[""Inattentive or Other Distraction (Distracted)"",""No Contributing Factors""]",,Clear,Dry,Daylight,33.717208,-84.44848
9/22/16 17:31,Atlanta Police Department,Fulton,Atlanta,Peachtree St,Porter Pl and Peachtree St,(B) Suspected Minor/Visible Injury,Angle (Other),,"[""Intersection Related"",""Hit & Run"",""Pedestrian""]",0,0,1,0,1,"[""Failure to Yield"",""No Contributing Factors""]",,Clear,Dry,Daylight,33.764054,-84.386083
12/21/16 17:46,Atlanta Police Department,Fulton,Atlanta,Pine Tree Rd,Pine Tree Rd and Sidney Marcus Blvd,(C) Possible Injury / Complaint,Not a Collision with Motor Vehicle,,"[""Intersection Related"",""Pedestrian""]",0,0,0,1,1,"[""Failure to Yield"",""No Contributing Factors""]",,Clear,Dry,Dark-Lighted,33.824986,-84.358477
6/1/16 8:33,Atlanta Police Department,Fulton,Atlanta,936 Delaware Ave,,(B) Suspected Minor/Visible Injury,Not a Collision with Motor Vehicle,,"[""Pedestrian"",""Older Driver (55-64)""]",0,0,1,0,1,"[""Failure to Yield"",""No Contributing Factors""]",,Clear,Dry,Daylight,33.730633,-84.35707
8/9/16 11:53,Atlanta Police Department,Fulton,Atlanta,1035 Lindbergh Dr,Lindgridge Dr and 1035 Lindbergh Dr,(C) Possible Injury / Complaint,Not a Collision with Motor Vehicle,,"[""Intersection Related"",""Pedestrian"",""Older Driver (55-64)""]",0,0,0,1,1,"[""Misjudged Clearance"",""Misjudged Clearance""]",,Cloudy,Wet,Daylight,33.819139,-84.353791
4/25/16 20:20,Atlanta Police Department,Fulton,Atlanta,Marietta St,Marietta St and Ivan Allen Jr Blvd,(C) Possible Injury / Complaint,Not a Collision with Motor Vehicle,,"[""Intersection Related"",""Pedestrian"",""Young Adult Driver (Age 20-24)"",""Distracted Driver (Suspected)""]",0,0,0,1,1,Other,,Clear,Dry,Dark-Lighted,33.764296,-84.397257
12/21/16 11:50,Atlanta Police Department,Fulton,Atlanta,Martin L King Jr Dr,Central Ave and Martin L King Jr Dr,(A) Suspected Serious Injury,Not a Collision with Motor Vehicle,,"[""Intersection Related"",""Older Driver (65+)"",""Pedestrian""]",0,1,0,0,1,"[""Failure to Yield"",""No Contributing Factors""]",,Clear,Dry,Daylight,33.750879,-84.389997
9/22/16 17:52,Atlanta Police Department,Fulton,Atlanta,Krog St,Krog St and Dekalb Ave,(B) Suspected Minor/Visible Injury,Angle (Other),,"[""Intersection Related"",""Hit & Run"",""Pedestrian""]",0,0,1,0,1,"[""Disregard Stop Sign/Signal"",""No Contributing Factors""]",,Clear,Dry,Daylight,33.753491,-84.363869
8/8/16 8:35,Atlanta Police Department,Fulton,Atlanta,Dekalb Ave,Dekalb Ave and Degress Ave,(C) Possible Injury / Complaint,Angle (Other),,"[""Intersection Related"",""Pedestrian""]",0,0,0,1,1,"[""Failure to Yield"",""No Contributing Factors""]",,Cloudy,Dry,Daylight,33.75859,-84.351699
2/12/16 20:00,Atlanta Police Department,Fulton,Atlanta,2396 Barge Rd,2396 Barge Rd and Campbellton Rd,(C) Possible Injury / Complaint,Not a Collision with Motor Vehicle,,"[""Intersection Related"",""Pedestrian"",""Improper Occupant Protection""]",0,0,0,1,1,"[""Failure to Yield"",""No Contributing Factors""]",,Clear,Dry,Dark-Lighted,33.689765,-84.506246
5/14/16 20:25,Atlanta Police Department,DeKalb,Atlanta,Kirkwood Rd Ne   Ridgedale Rd,Ridgedale Rd and Kirkwood Rd Ne   Ridgedale Rd,(O) No Injury,Not a Collision with Motor Vehicle,,"[""Intersection Related"",""Pedestrian"",""Young Adult Driver (Age 20-24)"",""Distracted Driver (Suspected)""]",0,0,0,0,1,"[""No Contributing Factors"",""Other""]",,Clear,Dry,Dark-Lighted,33.753364,-84.321726
1/6/16 19:31,Atlanta Police Department,Fulton,Atlanta,Walton St,Walton St and Ted Turner Dr,(O) No Injury,Angle (Other),,"[""Intersection Related"",""Pedestrian"",""Young Adult Driver (Age 20-24)""]",0,0,0,0,1,"[""Failure to Yield"",""No Contributing Factors""]",,Clear,Dry,Dark-Lighted,33.757527,-84.391894
8/20/16 9:06,Atlanta Police Department,Fulton,Atlanta,Bolton Rd,Adams Dr and Bolton Rd,(B) Suspected Minor/Visible Injury,Angle (Other),,"[""Intersection Related"",""Hit & Run"",""Bicycle""]",0,0,1,0,2,"[""Disregard Stop Sign/Signal"",""No Contributing Factors""]",,Clear,Dry,Daylight,33.821193,-84.454389
5/2/16 15:55,Emory Police Department,DeKalb,Atlanta,Clifton Rd,Clifton Rd and Gatewood Rd,(A) Suspected Serious Injury,Not a Collision with Motor Vehicle,,"[""Intersection Related"",""Pedestrian""]",0,1,0,0,1,"[""Failure to Yield"",""No Contributing Factors""]",,Clear,Dry,Daylight,33.79714,-84.322329
3/21/16 13:19,Atlanta Police Department,Fulton,Atlanta,Edgewood Ave,Courtland St and Edgewood Ave,(C) Possible Injury / Complaint,Angle (Other),,"[""Intersection Related"",""Older Driver (65+)"",""Pedestrian""]",0,0,0,1,1,"[""Failure to Yield"",""No Contributing Factors""]",,Clear,Dry,Daylight,33.754462,-84.384298
5/31/16 9:20,Atlanta Police Department,Fulton,Atlanta,97 10Th St,97 10Th St and Williams St,(C) Possible Injury / Complaint,Angle (Other),,"[""Intersection Related"",""Bicycle"",""Improper Occupant Protection""]",0,0,0,1,2,"[""No Contributing Factors"",""No Contributing Factors""]",,Clear,Dry,Daylight,33.781525,-84.39058
3/5/16 22:45,Atlanta Police Department,Fulton,Atlanta,Northside Dr,Thurmond St and Northside Dr,(C) Possible Injury / Complaint,Head On,,"[""Intersection Related"",""Pedestrian"",""Distracted Driver (Suspected)""]",0,0,0,1,1,"[""No Contributing Factors"",""Other""]",,Clear,Dry,Dark-Lighted,33.761144,-84.402749
1/14/16 9:50,Atlanta Police Department,Fulton,Atlanta,W Peachtree St,W Peachtree St and W  Peachtree Pl,(C) Possible Injury / Complaint,Not a Collision with Motor Vehicle,,"[""Intersection Related"",""Distracted Driver (Confirmed)"",""Pedestrian"",""Older Driver (55-64)""]",0,0,0,1,1,"[""Inattentive or Other Distraction (Distracted)"",""No Contributing Factors""]",,Clear,Dry,Daylight,33.763986,-84.387527
11/21/16 16:30,Atlanta Police Department,Fulton,Atlanta,2280 Campbellton Rd Sw;,,(B) Suspected Minor/Visible Injury,Head On,,"[""Pedestrian"",""Distracted Driver (Suspected)""]",0,0,1,0,1,"[""No Contributing Factors"",""Other""]",,Clear,Dry,Daylight,33.704543,-84.463409
10/30/16 14:53,Atlanta Police Department,Fulton,Atlanta,N Ave Nw   Centennial Olympic P Dr,Centennial Olympic P Dr and N Ave Nw   Centennial Olympic P Dr,(O) No Injury,Angle (Other),,"[""Intersection Related"",""Hit & Run"",""Pedestrian"",""Young Adult Driver (Age 20-24)""]",0,0,0,0,1,"[""Failure to Yield"",""No Contributing Factors""]",,Clear,Dry,Dusk,33.771289,-84.392272
8/31/16 15:01,Atlanta Police Department,Fulton,Atlanta,935 Bolton Rd,935 Bolton Rd and Donald Lee Hollowell Pkwy,(C) Possible Injury / Complaint,Rear End,,"[""Hit & Run"",""Pedestrian"",""Distracted Driver (Suspected)"",""Older Driver (55-64)""]",0,0,0,1,3,"[""Following Too Close"",""No Contributing Factors"",""Parked Improperly""]",,Clear,Dry,Daylight,33.780922,-84.49828