Date and Time,Agency Name (Crash Level) ,Area: County,Area: City,Roadway (From Crash Report),Intersection Name (from Crash Report),KABCO Severity,Manner of Collision (Crash Level) ,First Harmful Event (Crash Level) ,SHSP Emphasis Areas,# of Fatalities (Person Table),# Serious Injuries,# Visible Injuries,# Complaint Injuries,# of Vehicles,Operator / Driver Contributing Factor -old,Roadway Contributing Factors (Crash Level) ,Weather Conditions (Crash Level),Surface Condition (Crash Level) ,Light Conditions (Crash Level),Latitude ,Longitude
12/10/13 15:50,Atlanta Police Department,Fulton,Atlanta,467 Moreland Ave,,(B) Suspected Minor/Visible Injury,Head On,,"[""Older Driver (65+)"",""Pedestrian"",""Distracted Driver (Suspected)""]",0,0,1,0,1,"[""No Contributing Factors"",""Other""]",,Clear,Dry,Daylight,33.767073,-84.349047
1/6/13 23:10,Dekalb Co Police Department,DeKalb,Atlanta,Asbury Cir,Clifton Rd and Asbury Cir,(B) Suspected Minor/Visible Injury,Not a Collision with Motor Vehicle,,Pedestrian,0,0,1,0,1,"[""Failure to Yield"",""Failure to Yield""]",,Clear,Dry,Dark-Lighted,33.790541,-84.320939
11/12/13 16:57,Atlanta Police Department,Fulton,Atlanta,Market St,16Th St and Market St,(O) No Injury,Not a Collision with Motor Vehicle,,"[""Intersection Related"",""Pedestrian"",""Young Adult Driver (Age 20-24)""]",0,0,0,0,1,"[""Failure to Yield"",""No Contributing Factors""]",,Clear,Dry,Daylight,33.790108,-84.395253
6/3/13 21:50,Atlanta Police Department,Fulton,Atlanta,Atlantic Dr,14Th St and Atlantic Dr,(B) Suspected Minor/Visible Injury,Angle (Other),,"[""Intersection Related"",""Bicycle"",""Improper Occupant Protection""]",0,0,1,0,2,"[""Failure to Yield"",""No Contributing Factors""]",,Clear,Dry,Dark-Lighted,33.786089,-84.397671
10/1/13 11:01,Atlanta Police Department,Fulton,Atlanta,Decatur St Sedecatur St,Jesse Hill Jr Dr and Decatur St Sedecatur St,(C) Possible Injury / Complaint,Not a Collision with Motor Vehicle,,"[""Intersection Related"",""Pedestrian""]",0,0,0,1,1,"[""Failure to Yield"",""No Contributing Factors""]",,Clear,Dry,Daylight,33.750627,-84.384217
7/26/13 0:23,Atlanta Police Department,Fulton,Atlanta,Laurelmont Dr,Hollydale Dr and Laurelmont Dr,(K) Fatal Injury,Not a Collision with Motor Vehicle,,"[""Hit & Run"",""Pedestrian""]",2,0,0,0,1,Failure to Yield,,Clear,Dry,Dark-Lighted,33.73393,-84.492343
6/18/13 15:48,Atlanta Police Department,Fulton,Atlanta,Piedmont Rd,Morosgo Dr and Piedmont Rd,(O) No Injury,Angle (Other),,"[""Intersection Related"",""Bicycle""]",0,0,0,0,2,"[""Failure to Yield"",""No Contributing Factors""]",,Cloudy,Wet,Daylight,33.823582,-84.367243
4/24/13 10:03,Gsp Post 00,Fulton,Atlanta,I 85,,(O) No Injury,Sideswipe-Same Direction,,Pedestrian,0,0,0,0,2,"[""Following Too Close"",""No Contributing Factors"",""No Contributing Factors""]",,Clear,Dry,Daylight,33.691123,-84.401439
6/15/13 15:01,Atlanta Police Department,Fulton,Atlanta,295 Ponce De Leon Ave,,(C) Possible Injury / Complaint,Angle (Other),,Pedestrian,0,0,0,1,2,"[""Failure to Yield"",""No Contributing Factors"",""No Contributing Factors""]",,Clear,Dry,Daylight,33.772563,-84.378115
6/23/13 20:39,Atlanta Police Department,Fulton,Atlanta,648 Ponce De Leon Ave,,(C) Possible Injury / Complaint,Angle (Other),,"[""Bicycle"",""Improper Occupant Protection""]",0,0,0,1,2,"[""No Contributing Factors"",""Wrong Side of Road""]",,Clear,Dry,Dusk,33.773357,-84.365475
10/5/13 21:00,Atlanta Police Department,Fulton,Atlanta,Metropolitan Pkwy,Pegg Rd and Metropolitan Pkwy,(A) Suspected Serious Injury,Head On,,"[""Intersection Related"",""Older Driver (65+)"",""Pedestrian"",""Distracted Driver (Suspected)""]",0,1,0,0,1,"[""No Contributing Factors"",""Other""]",,Clear,Dry,Dusk,33.68923,-84.408206
11/3/13 15:51,Atlanta Police Department,Fulton,Atlanta,N Ave,N Ave and Techwood Dr,(C) Possible Injury / Complaint,Not a Collision with Motor Vehicle,,"[""Intersection Related"",""Pedestrian"",""Young Adult Driver (Age 20-24)"",""Distracted Driver (Suspected)""]",0,0,0,1,1,No Contributing Factors,,Clear,Dry,Daylight,33.77127,-84.392066
11/2/13 16:21,Atlanta Police Department,Fulton,Atlanta,John Portman Blvd Nwjohn Portman Blvd,Williams St and John Portman Blvd Nwjohn Portman Blvd,(A) Suspected Serious Injury,Not a Collision with Motor Vehicle,,"[""Distracted Driver (Confirmed)"",""Pedestrian"",""Older Driver (55-64)""]",0,1,0,0,1,Disregard Stop Sign/Signal,,Clear,Dry,Daylight,33.760309,-84.389836
8/9/13 14:06,Atlanta Police Department,Fulton,Atlanta,Connally St,Memorial Dr and Connally St,(B) Suspected Minor/Visible Injury,Not a Collision with Motor Vehicle,,"[""Intersection Related"",""Hit & Run"",""Pedestrian"",""Distracted Driver (Suspected)"",""Improper Occupant Protection""]",0,0,1,0,1,"[""No Contributing Factors"",""Other""]",,Clear,Dry,Daylight,33.746833,-84.38154
6/13/13 20:15,Atlanta Police Department,Fulton,Atlanta,531 Plainville Dr,Willow Cove Way and 531 Plainville Dr,(A) Suspected Serious Injury,Angle (Other),,"[""Intersection Related"",""Bicycle"",""Improper Occupant Protection""]",0,1,0,0,2,"[""Changed Lanes Improperly"",""No Contributing Factors""]",,Rain,Wet,Dark-Not Lighted,33.742615,-84.517931
3/15/13 22:40,Atlanta Police Department,Fulton,Atlanta,Boulevard Se   Woodward Ave,Woodward Ave and Boulevard Se   Woodward Ave,(C) Possible Injury / Complaint,Angle (Other),,"[""Intersection Related"",""Pedestrian"",""Young Adult Driver (Age 20-24)""]",0,0,0,1,1,"[""Failure to Yield"",""No Contributing Factors""]",,Clear,Dry,Dark-Lighted,33.74546,-84.36812
2/23/13 9:45,Atlanta Police Department,Fulton,Atlanta,Lee St,Lee St and Astor Ave,(C) Possible Injury / Complaint,Not a Collision with Motor Vehicle,,"[""Roadway Departure"",""Hit & Run"",""Pedestrian"",""Impaired (Suspected)"",""Distracted Driver (Suspected)"",""Improper Occupant Protection""]",0,0,0,1,1,No Contributing Factors,,Rain,Wet,Daylight,33.701849,-84.429079
7/15/13 13:46,Atlanta Police Department,Fulton,Atlanta,1545 Montreat Pl,Montreat Ave and 1545 Montreat Pl,(B) Suspected Minor/Visible Injury,Angle (Other),,"[""Hit & Run"",""Pedestrian"",""Young Adult Driver (Age 20-24)"",""Improper Occupant Protection""]",0,0,1,0,1,"[""Driver Condition"",""No Contributing Factors""]",,Cloudy,Dry,Daylight,33.730289,-84.43911
9/16/13 17:48,Atlanta Police Department,Fulton,Atlanta,246 Atlanta Ave,,(O) No Injury,Angle (Other),,"[""Intersection Related"",""Pedestrian""]",0,0,0,0,2,No Contributing Factors,,Clear,Dry,Daylight,33.730342,-84.379676
8/29/13 22:22,Atlanta Police Department,Fulton,Atlanta,895 Ralph D Abernathy Blvd,Joseph E Lowry Blvd and 895 Ralph D Abernathy Blvd,(C) Possible Injury / Complaint,Not a Collision with Motor Vehicle,,"[""Intersection Related"",""Pedestrian"",""Distracted Driver (Suspected)"",""Improper Occupant Protection""]",0,0,0,1,1,,,Clear,Dry,Dark-Lighted,33.738084,-84.417732
11/29/13 15:43,Atlanta Police Department,Fulton,Atlanta,1975 Campbellton Rd,Honeysuckle and 1975 Campbellton Rd,(O) No Injury,Not a Collision with Motor Vehicle,,"[""Intersection Related"",""Distracted Driver (Confirmed)"",""Pedestrian""]",0,0,0,0,1,"[""Inattentive or Other Distraction (Distracted)"",""No Contributing Factors""]",,Clear,Dry,Daylight,33.707962,-84.453592
6/22/13 9:00,Atlanta Police Department,Fulton,Atlanta,3652 Roswell Rd,Piedmont Rd and 3652 Roswell Rd,(B) Suspected Minor/Visible Injury,Not a Collision with Motor Vehicle,,"[""Intersection Related"",""Roadway Departure"",""Hit & Run"",""Pedestrian""]",0,0,1,0,1,"[""Failure to Yield"",""No Contributing Factors""]",,Clear,Dry,Daylight,33.854103,-84.38267
6/19/13 14:40,Atlanta Police Department,Fulton,Atlanta,1073 Woodland Ave,,(C) Possible Injury / Complaint,Head On,,"[""Roadway Departure"",""Older Driver (65+)"",""Pedestrian"",""Distracted Driver (Suspected)""]",0,0,0,1,1,,,Clear,Dry,Daylight,33.814741,-84.352351
5/29/13 14:30,Atlanta Police Department,Fulton,Atlanta,842 Coleman St,,(C) Possible Injury / Complaint,Head On,,"[""Intersection Related"",""Bicycle"",""Impaired (Suspected)"",""Distracted Driver (Suspected)"",""Improper Occupant Protection""]",0,0,0,1,2,"[""No Contributing Factors"",""Wrong Side of Road""]",,Clear,Dry,Daylight,33.732041,-84.403824
2/6/13 9:39,Atlanta Police Department,DeKalb,Atlanta,Hosea L Williams Dr Ne   Rogers St,Rogers St and Hosea L Williams Dr Ne   Rogers St,(B) Suspected Minor/Visible Injury,Not a Collision with Motor Vehicle,,"[""Intersection Related"",""Pedestrian"",""Young Driver (Age 15-19)""]",0,0,1,0,1,"[""Failure to Yield"",""No Contributing Factors""]",,Clear,Dry,Daylight,33.753354,-84.329203
5/7/13 22:39,Atlanta Police Department,Fulton,Atlanta,Lindbergh Dr,Piedmont Rd and Lindbergh Dr,(B) Suspected Minor/Visible Injury,Angle (Other),,"[""Intersection Related"",""Pedestrian"",""Older Driver (55-64)""]",0,0,1,0,2,"[""Disregard Stop Sign/Signal"",""No Contributing Factors"",""No Contributing Factors""]",,Clear,Dry,Dark-Lighted,33.821417,-84.367466
6/21/13 21:53,Atlanta Police Department,Fulton,Atlanta,Piedmont Ave,10Th St and Piedmont Ave,(O) No Injury,Angle (Other),,"[""Intersection Related"",""Pedestrian""]",0,0,0,0,1,"[""Failure to Yield"",""No Contributing Factors""]",,Clear,Dry,Dark-Lighted,33.781782,-84.380487
7/30/13 14:00,Atlanta Police Department,Fulton,Atlanta,Peachtree St,18Th St and Peachtree St,(O) No Injury,Not a Collision with Motor Vehicle,,"[""Intersection Related"",""Hit & Run"",""Pedestrian""]",0,0,0,0,1,"[""Failure to Yield"",""No Contributing Factors""]",,Clear,Dry,Daylight,33.793316,-84.387899
11/7/13 5:53,Atlanta Police Department,Fulton,Atlanta,Peachtree Rd,Stratford Rd and Peachtree Rd,(B) Suspected Minor/Visible Injury,Not a Collision with Motor Vehicle,,"[""Intersection Related"",""Pedestrian""]",0,0,1,0,1,"[""Failure to Yield"",""No Contributing Factors""]",,Rain,Wet,Dark-Lighted,33.84858,-84.366394
1/9/13 17:00,Atlanta Police Department,Fulton,Atlanta,365 Cleveland Ave,Fairlane Dr and 365 Cleveland Ave,(B) Suspected Minor/Visible Injury,Not a Collision with Motor Vehicle,,"[""Aggressive Driving"",""Pedestrian""]",0,0,1,0,1,"[""Improper Passing"",""Other""]",,Cloudy,Dry,Dusk,33.680619,-84.37921
9/12/13 16:05,Atlanta Police Department,Fulton,Atlanta,142 John Portman Blvd,142 John Portman Blvd and Centennial Olympic P Dr,(B) Suspected Minor/Visible Injury,Not a Collision with Motor Vehicle,,"[""Intersection Related"",""Pedestrian"",""Distracted Driver (Suspected)""]",0,0,1,0,1,"[""Improper Backing"",""No Contributing Factors""]",,Clear,Dry,Daylight,33.760984,-84.39205
10/2/13 8:33,Atlanta Police Department,Fulton,Atlanta,4022 Cornell Blvd,,(O) No Injury,Angle (Other),,"[""Distracted Driver (Confirmed)"",""Pedestrian"",""Young Adult Driver (Age 20-24)""]",0,0,0,0,1,"[""No Contributing Factors"",""Other""]",,Clear,Dry,Daylight,33.758841,-84.519167
1/11/13 6:37,Atlanta Police Department,Fulton,Atlanta,390 Stovall St,Moreland Ave and 390 Stovall St,(C) Possible Injury / Complaint,Not a Collision with Motor Vehicle,,"[""Pedestrian"",""Distracted Driver (Suspected)""]",0,0,0,1,1,"[""No Contributing Factors"",""Other""]",,Rain,Wet,Dark-Not Lighted,33.744272,-84.349236
2/19/13 8:40,Atlanta Police Department,Fulton,Atlanta,3330 Piedmont Rd,,(O) No Injury,Sideswipe-Same Direction,,"[""Hit & Run"",""Pedestrian""]",0,0,0,0,1,"[""Failure to Yield"",""No Contributing Factors""]",,Cloudy,Wet,Daylight,33.847212,-84.373141
1/16/13 12:54,Atlanta Police Department,Fulton,Atlanta,438 Moreland Ave,Mansfield Ave and 438 Moreland Ave,(B) Suspected Minor/Visible Injury,Not a Collision with Motor Vehicle,,"[""Intersection Related"",""Pedestrian""]",0,0,1,0,1,"[""Failure to Yield"",""No Contributing Factors""]",,Rain,Wet,Daylight,33.767794,-84.349035
10/2/13 7:22,Atlanta Police Department,Fulton,Atlanta,Howell Mill Rd,14Th St and Howell Mill Rd,(B) Suspected Minor/Visible Injury,Angle (Other),,"[""Intersection Related"",""Bicycle"",""Secondary Crash""]",0,0,1,0,2,"[""Failure to Yield"",""No Contributing Factors""]",,Cloudy,Dry,Dark-Lighted,33.785775,-84.411644
1/19/13 15:30,Atlanta Police Department,Fulton,Atlanta,1110 Mcdaniel St,Roy St and 1110 Mcdaniel St,(B) Suspected Minor/Visible Injury,Head On,,"[""Intersection Related"",""Distracted Driver (Confirmed)"",""Pedestrian"",""Young Adult Driver (Age 20-24)""]",0,0,1,0,1,"[""Inattentive or Other Distraction (Distracted)"",""No Contributing Factors""]",,Clear,Dry,Daylight,33.724194,-84.401643
4/17/13 5:23,Atlanta Police Department,Fulton,Atlanta,Sylvan Rd,Cox Ave and Sylvan Rd,(B) Suspected Minor/Visible Injury,Angle (Other),,"[""Intersection Related"",""Bicycle"",""Older Driver (55-64)"",""Improper Occupant Protection""]",0,0,1,0,2,"[""No Contributing Factors"",""Other""]",,Clear,Dry,Dark-Lighted,33.719594,-84.418072
4/9/13 14:45,Atlanta Police Department,Fulton,Atlanta,1988 Lois Pl,,(B) Suspected Minor/Visible Injury,Not a Collision with Motor Vehicle,,"[""Pedestrian"",""Distracted Driver (Suspected)""]",0,0,1,0,1,"[""Improper Backing"",""No Contributing Factors""]",,Clear,Dry,Daylight,33.784423,-84.453352
10/1/13 6:37,Atlanta Police Department,Fulton,Atlanta,Peachtree Rd,Lenox Rd and Peachtree Rd,(A) Suspected Serious Injury,Head On,,"[""Intersection Related"",""Distracted Driver (Confirmed)"",""Older Driver (65+)"",""Pedestrian""]",0,1,0,0,1,"[""Inattentive or Other Distraction (Distracted)"",""No Contributing Factors""]",,Clear,Dry,Dark-Lighted,33.850482,-84.361865
10/1/13 8:12,Atlanta Police Department,Fulton,Atlanta,R D A Blvd,Lawton St and R D A Blvd,(K) Fatal Injury,Not a Collision with Motor Vehicle,,"[""Older Driver (65+)"",""Pedestrian""]",1,0,0,0,1,"[""Failure to Yield"",""No Contributing Factors""]",,Clear,Dry,Daylight,33.738126,-84.421396
7/16/13 6:45,Atlanta Police Department,Fulton,Atlanta,Moores Mill Rd,Northside Pkwy and Moores Mill Rd,(B) Suspected Minor/Visible Injury,Not a Collision with Motor Vehicle,,"[""Intersection Related"",""Distracted Driver (Confirmed)"",""Pedestrian""]",0,0,1,0,1,"[""Inattentive or Other Distraction (Distracted)"",""No Contributing Factors""]",,Cloudy,Dry,Daylight,33.840054,-84.416212
9/25/13 15:00,Georgia Tech Police Department,Fulton,Atlanta,Fifth St,Fifth St and Fowler St,(C) Possible Injury / Complaint,Angle (Other),,"[""Intersection Related"",""Bicycle""]",0,0,0,1,2,"[""Failure to Yield"",""No Contributing Factors""]",,Rain,Wet,Daylight,33.776891,-84.393636
9/30/13 6:58,Atlanta Police Department,Fulton,Atlanta,1630 Metropolitan Pkwy,Deckner Ave and 1630 Metropolitan Pkwy,(A) Suspected Serious Injury,Not a Collision with Motor Vehicle,,"[""Older Driver (65+)"",""Pedestrian""]",0,1,0,0,1,"[""No Contributing Factors"",""Other""]",,Clear,Dry,Dark-Lighted,33.711892,-84.407942
4/22/13 9:17,Atlanta Police Department,Fulton,Atlanta,I 85,I 85 and Sr 400,(A) Suspected Serious Injury,Head On,,"[""Hit & Run"",""Pedestrian"",""Distracted Driver (Suspected)""]",0,1,0,0,1,"[""Other"",""Other""]",,Clear,Dry,Daylight,33.816102,-84.363207
1/14/13 10:15,Atlanta Police Department,Fulton,Atlanta,Peachtree Rd,Peachtree Rd and Peachtree Park Rd,(A) Suspected Serious Injury,Not a Collision with Motor Vehicle,,"[""Intersection Related"",""Pedestrian"",""Distracted Driver (Suspected)""]",0,1,0,0,1,"[""No Contributing Factors"",""No Contributing Factors""]",,Cloudy,Wet,Dark-Lighted,33.812314,-84.392275
5/14/13 11:55,Atlanta Police Department,Fulton,Atlanta,373 Lakemoore Dr,,(O) No Injury,Not a Collision with Motor Vehicle,,"[""Roadway Departure"",""Pedestrian"",""Distracted Driver (Suspected)""]",0,0,0,0,1,"[""Improper Backing"",""No Contributing Factors""]",,Clear,Dry,Daylight,33.866272,-84.375237
2/27/13 11:40,Atlanta Police Department,Fulton,Atlanta,550 Joseph E Lowery Blvd,,(B) Suspected Minor/Visible Injury,Head On,,"[""Intersection Related"",""Hit & Run"",""Pedestrian"",""Distracted Driver (Suspected)""]",0,0,1,0,1,"[""No Contributing Factors"",""Other""]",,Clear,Dry,Daylight,33.772324,-84.417383
4/23/13 7:35,Atlanta Police Department,Fulton,Atlanta,Joseph E Boone Blvd,Joseph E Boone Blvd and Hamilton E Holmes Dr,(B) Suspected Minor/Visible Injury,Not a Collision with Motor Vehicle,,"[""Intersection Related"",""Pedestrian"",""Young Driver (Age 15-19)""]",0,0,1,0,1,"[""Disregard Stop Sign/Signal"",""No Contributing Factors""]",,Clear,Dry,Dawn,33.763628,-84.469948
1/21/13 15:18,Atlanta Police Department,Fulton,Atlanta,Centennial Olympic P Dr,Pine St and Centennial Olympic P Dr,(B) Suspected Minor/Visible Injury,Angle (Other),,"[""Intersection Related"",""Bicycle"",""Improper Occupant Protection""]",0,0,1,0,2,"[""Failure to Yield"",""No Contributing Factors""]",,Clear,Dry,Daylight,33.767793,-84.391892
4/5/13 18:51,Atlanta Police Department,DeKalb,Atlanta,Mclendon Ave,Mclendon Ave and Southerland Ter,(B) Suspected Minor/Visible Injury,Angle (Other),,"[""Intersection Related"",""Bicycle"",""Older Driver (55-64)""]",0,0,1,0,2,"[""Failure to Yield"",""No Contributing Factors""]",,Clear,Dry,Daylight,33.764775,-84.324943
8/15/13 13:34,Atlanta Police Department,Fulton,Atlanta,Williams St,10 Th St and Williams St,(O) No Injury,Not a Collision with Motor Vehicle,,"[""Intersection Related"",""Older Driver (65+)"",""Pedestrian""]",0,0,0,0,1,"[""Disregard Stop Sign/Signal"",""No Contributing Factors""]",,Cloudy,Dry,Daylight,33.781517,-84.39055
10/10/13 20:12,Atlanta Police Department,Fulton,Atlanta,10Th St,10Th St and Spring St,(C) Possible Injury / Complaint,Not a Collision with Motor Vehicle,,"[""Intersection Related"",""Pedestrian""]",0,0,0,1,1,"[""Disregard Stop Sign/Signal"",""No Contributing Factors""]",,(None),Dry,Dark-Lighted,33.781539,-84.389313
6/7/13 19:30,Atlanta Police Department,Fulton,Atlanta,2000 Monroe Pl,Monroe Dr and 2000 Monroe Pl,(A) Suspected Serious Injury,Not a Collision with Motor Vehicle,,"[""Intersection Related"",""Pedestrian"",""Distracted Driver (Suspected)""]",0,1,0,0,1,Other,,Cloudy,Wet,Dusk,33.810644,-84.370369
5/1/13 17:49,Atlanta Police Department,Fulton,Atlanta,3145 Cascade Rd,,(O) No Injury,Angle (Other),,"[""Distracted Driver (Confirmed)"",""Older Driver (65+)"",""Bicycle"",""Improper Occupant Protection""]",0,0,0,0,2,"[""Inattentive or Other Distraction (Distracted)"",""No Contributing Factors""]",,Clear,Dry,Daylight,33.72038,-84.491384
10/7/13 7:20,Atlanta Police Department,Fulton,Atlanta,2155 Hollywood Dr,Hollywood Rd and 2155 Hollywood Dr,(B) Suspected Minor/Visible Injury,Not a Collision with Motor Vehicle,,"[""Distracted Driver (Confirmed)"",""Pedestrian""]",0,0,1,0,1,"[""Inattentive or Other Distraction (Distracted)"",""No Contributing Factors""]",,Rain,Wet,Dark-Not Lighted,33.782975,-84.457715
9/28/13 11:00,Atlanta Police Department,Fulton,Atlanta,70 University Ave,,(C) Possible Injury / Complaint,Sideswipe-Same Direction,,"[""Hit & Run"",""Pedestrian"",""Young Adult Driver (Age 20-24)"",""Improper Occupant Protection""]",0,0,0,1,1,,,Clear,Dry,Daylight,33.721406,-84.389155
10/14/13 12:29,Atlanta Police Department,Fulton,Atlanta,Moreland Ave,Arkwright Pl and Moreland Ave,(C) Possible Injury / Complaint,Not a Collision with Motor Vehicle,,"[""Intersection Related"",""Pedestrian"",""Distracted Driver (Suspected)"",""Older Driver (55-64)""]",0,0,0,1,1,No Contributing Factors,,Clear,Dry,Daylight,33.748053,-84.349218
7/25/13 21:29,Atlanta Police Department,Fulton,Atlanta,Sr 54,Sr 54 and Cleveland Ave,(K) Fatal Injury,Not a Collision with Motor Vehicle,,"[""Intersection Related"",""Pedestrian"",""Impaired Driving (Confirmed)""]",1,0,0,0,1,"[""Failure to Yield"",""Failure to Yield""]",,Clear,Dry,Dark-Lighted,33.680262,-84.367423
4/18/13 13:50,Atlanta Police Department,DeKalb,Atlanta,Hosea L Williams Dr Ne   Oakview Rd,Lake View Dr and Hosea L Williams Dr Ne   Oakview Rd,(O) No Injury,Sideswipe-Same Direction,,"[""Intersection Related"",""Bicycle""]",0,0,0,0,2,"[""Improper Backing"",""Improper Backing""]",,Clear,Dry,Daylight,33.751137,-84.314246
6/5/13 8:01,Atlanta Police Department,Fulton,Atlanta,Hollywood Rd,Brooks Ave and Hollywood Rd,(A) Suspected Serious Injury,Not a Collision with Motor Vehicle,,"[""Intersection Related"",""Roadway Departure"",""Older Driver (65+)"",""Pedestrian"",""Distracted Driver (Suspected)""]",0,2,0,0,1,"[""Driver Lost Control"",""No Contributing Factors"",""No Contributing Factors""]",,Clear,Dry,Daylight,33.785357,-84.46137
5/23/13 20:06,Atlanta Police Department,Fulton,Atlanta,1634 Laurelwood Dr,Willis Ml and 1634 Laurelwood Dr,(B) Suspected Minor/Visible Injury,Not a Collision with Motor Vehicle,,"[""Bicycle"",""Distracted Driver (Suspected)"",""Improper Occupant Protection""]",0,0,1,0,2,"[""Other"",""Other""]",,Clear,Dry,Daylight,33.706205,-84.467254
12/5/15 9:00,Atlanta Police Department,Fulton,Atlanta,Joseph E Lowery Blvd,Lucile Ave and Joseph E Lowery Blvd,(B) Suspected Minor/Visible Injury,Not a Collision with Motor Vehicle,,"[""Intersection Related"",""Distracted Driver (Confirmed)"",""Hit & Run"",""Pedestrian"",""Impaired (Suspected)""]",0,0,1,0,1,"[""Inattentive or Other Distraction (Distracted)"",""No Contributing Factors""]",,Clear,Dry,Daylight,33.742229,-84.417679
12/8/15 16:10,Atlanta Police Department,DeKalb,Atlanta,Memorial Dr,Clifton St and Memorial Dr,(C) Possible Injury / Complaint,Sideswipe-Same Direction,,"[""Intersection Related"",""Pedestrian""]",0,0,0,2,3,"[""Changed Lanes Improperly"",""No Contributing Factors"",""No Contributing Factors"",""No Contributing Factors""]",,Clear,Dry,Daylight,33.747414,-84.33185
10/8/15 14:00,Atlanta Police Department,Fulton,Atlanta,West Peachtree St St,Peachtree St and West Peachtree St St,(C) Possible Injury / Complaint,Angle (Other),,"[""Intersection Related"",""Pedestrian""]",0,0,0,1,1,"[""Failure to Yield"",""No Contributing Factors""]",,Clear,Dry,Daylight,33.771199,-84.387422
9/13/15 21:28,Atlanta Police Department,Fulton,Atlanta,14Th St,14Th St and Peachtree St,(B) Suspected Minor/Visible Injury,Not a Collision with Motor Vehicle,,"[""Intersection Related"",""Pedestrian"",""Young Adult Driver (Age 20-24)"",""Distracted Driver (Suspected)""]",0,0,1,0,1,"[""No Contributing Factors"",""Other""]",,Clear,Dry,Dark-Lighted,33.786589,-84.383245
6/4/15 20:52,Atlanta Police Department,Fulton,Atlanta,Bass St,Bass St and Cooper St,(B) Suspected Minor/Visible Injury,Angle (Other),,"[""Intersection Related"",""Pedestrian""]",0,0,1,0,1,"[""Disregard Stop Sign/Signal"",""No Contributing Factors""]",,Clear,Dry,Dusk,33.735602,-84.397083
9/8/15 18:35,Atlanta Police Department,Fulton,Atlanta,Cascade Rd,Dolphin Dr and Cascade Rd,(C) Possible Injury / Complaint,Not a Collision with Motor Vehicle,,"[""Intersection Related"",""Pedestrian"",""Distracted Driver (Suspected)""]",0,0,0,1,1,"[""No Contributing Factors"",""Other""]",,Clear,Dry,Daylight,33.722467,-84.46173
6/9/15 19:00,Atlanta Police Department,Fulton,Atlanta,Wieuca Rd,N Ivy Rd and Wieuca Rd,(O) No Injury,Rear End,,"[""Intersection Related"",""Hit & Run"",""Bicycle"",""Distracted Driver (Suspected)""]",0,0,0,0,4,"[""Following Too Close"",""No Contributing Factors"",""No Contributing Factors""]",,Cloudy,Wet,Daylight,33.862231,-84.365345
8/26/15 9:08,Atlanta Police Department,Fulton,Atlanta,Spring St,Spring St and Peachtree St,(A) Suspected Serious Injury,Not a Collision with Motor Vehicle,,"[""Pedestrian"",""Impaired Driving (Confirmed)""]",0,1,0,0,1,"[""Improper Turn"",""No Contributing Factors""]",,Clear,Dry,Daylight,33.797415,-84.389479
4/18/15 17:42,Atlanta Police Department,Fulton,Atlanta,1580 Howell Mill Rd,Antone St and 1580 Howell Mill Rd,(C) Possible Injury / Complaint,Not a Collision with Motor Vehicle,,"[""Intersection Related"",""Pedestrian"",""Distracted Driver (Suspected)""]",0,0,0,1,1,,,Cloudy,Dry,Daylight,33.797894,-84.416123
2/5/15 6:55,Atlanta Police Department,Fulton,Atlanta,510 Whitehall St,Mc Daniels St and 510 Whitehall St,(C) Possible Injury / Complaint,Not a Collision with Motor Vehicle,,"[""Intersection Related"",""Pedestrian"",""Young Driver (Age 15-19)"",""Distracted Driver (Suspected)""]",0,0,0,1,1,"[""Other"",""Other""]",,Clear,Dry,Dawn,33.74341,-84.404425
11/19/15 19:45,Atlanta Police Department,Fulton,Atlanta,10Th St Nw St,10Th St Nw St and Howell Mill Rd,(C) Possible Injury / Complaint,Not a Collision with Motor Vehicle,,"[""Intersection Related"",""Pedestrian"",""Distracted Driver (Suspected)""]",0,0,0,1,1,"[""No Contributing Factors"",""Other""]",,Clear,Dry,Dark-Lighted,33.781403,-84.411066
10/24/15 23:23,Atlanta Police Department,Fulton,Atlanta,Martin L King Jr Dr Nw Dr,Fairburn Rd and Martin L King Jr Dr Nw Dr,(C) Possible Injury / Complaint,Not a Collision with Motor Vehicle,,"[""Intersection Related"",""Pedestrian"",""Distracted Driver (Suspected)"",""Older Driver (55-64)""]",0,0,0,1,1,"[""No Contributing Factors"",""Other""]",,Clear,Dry,Dark-Lighted,33.75949,-84.505328
4/1/15 22:55,Atlanta Police Department,Fulton,Atlanta,W Peachtree St,10Th St and W Peachtree St,(B) Suspected Minor/Visible Injury,Head On,,"[""Intersection Related"",""Pedestrian"",""Young Adult Driver (Age 20-24)""]",0,0,1,0,1,"[""Failure to Yield"",""No Contributing Factors""]",,Clear,Dry,Dark-Not Lighted,33.781439,-84.387788
4/1/15 8:32,Atlanta Police Department,Fulton,Atlanta,Paines Ave,Neal St and Paines Ave,(K) Fatal Injury,Not a Collision with Motor Vehicle,,"[""Intersection Related"",""Pedestrian""]",1,0,0,0,1,"[""Failure to Yield"",""Other""]",,Clear,Dry,Daylight,33.766347,-84.41471