Date and Time,Agency Name (Crash Level) ,Area: County,Area: City,Roadway (From Crash Report),Intersection Name (from Crash Report),KABCO Severity,Manner of Collision (Crash Level) ,First Harmful Event (Crash Level) ,SHSP Emphasis Areas,# of Fatalities (Person Table),# Serious Injuries,# Visible Injuries,# Complaint Injuries,# of Vehicles,Operator / Driver Contributing Factor -old,Roadway Contributing Factors (Crash Level) ,Weather Conditions (Crash Level),Surface Condition (Crash Level) ,Light Conditions (Crash Level),Latitude ,Longitude
10/1/15 15:25,Atlanta Police Department,Fulton,Atlanta,2230 2230 Jonesboro Rd Se Rd,Constitution Rd and 2230 2230 Jonesboro Rd Se Rd,(B) Suspected Minor/Visible Injury,Not a Collision with Motor Vehicle,,"[""Intersection Related"",""Pedestrian"",""Young Adult Driver (Age 20-24)"",""Distracted Driver (Suspected)""]",0,0,1,0,1,"[""No Contributing Factors"",""Other""]",,Cloudy,Dry,Daylight,33.693354,-84.366962
3/29/15 13:58,Atlanta Police Department,Fulton,Atlanta,I 285,I 20 and I 285,(C) Possible Injury / Complaint,Rear End,,"[""Hit & Run"",""Pedestrian"",""Distracted Driver (Suspected)""]",0,0,0,1,3,"[""Following Too Close"",""No Contributing Factors"",""No Contributing Factors""]",,Clear,Dry,Daylight,33.74487,-84.389966
4/16/15 8:36,Atlanta Police Department,Fulton,Atlanta,Metropolitan Pkwy,Genessee Ave and Metropolitan Pkwy,(B) Suspected Minor/Visible Injury,Not a Collision with Motor Vehicle,,"[""Intersection Related"",""Pedestrian"",""Distracted Driver (Suspected)""]",0,0,1,0,1,"[""No Contributing Factors"",""Other""]",,Cloudy,Dry,Daylight,33.716206,-84.407887
9/1/15 21:38,Atlanta Police Department,Fulton,Atlanta,Pryor Rd,Pryor Rd and University Ave,(B) Suspected Minor/Visible Injury,Not a Collision with Motor Vehicle,,"[""Pedestrian"",""Older Driver (55-64)""]",0,0,1,0,1,"[""Failure to Yield"",""No Contributing Factors""]",,Clear,Dry,Dark-Lighted,33.722208,-84.393383
2/23/15 8:47,Atlanta Police Department,Fulton,Atlanta,W Peachtree St Ne   10Th St,10Th St and W Peachtree St Ne   10Th St,(B) Suspected Minor/Visible Injury,Not a Collision with Motor Vehicle,,"[""Intersection Related"",""Distracted Driver (Confirmed)"",""Pedestrian"",""Young Adult Driver (Age 20-24)""]",0,0,1,0,1,"[""Inattentive or Other Distraction (Distracted)"",""No Contributing Factors""]",,Cloudy,Wet,Daylight,33.781521,-84.387837
11/2/15 20:15,Atlanta Police Department,Fulton,Atlanta,Peachtree St Sw  Alabama St Sw St,Alabama St and Peachtree St Sw  Alabama St Sw St,(B) Suspected Minor/Visible Injury,Not a Collision with Motor Vehicle,,"[""Pedestrian"",""Young Adult Driver (Age 20-24)"",""Distracted Driver (Suspected)""]",0,0,1,0,1,"[""No Contributing Factors"",""Other""]",,Cloudy,Wet,Dark-Lighted,33.753344,-84.390969
2/2/15 17:00,Atlanta Police Department,Fulton,Atlanta,Peachtree Rd,Piedmont Rd and Peachtree Rd,(C) Possible Injury / Complaint,Not a Collision with Motor Vehicle,,"[""Intersection Related"",""Aggressive Driving"",""Pedestrian""]",0,0,0,1,1,"[""Improper Passing"",""No Contributing Factors""]",,Clear,Dry,Daylight,33.844231,-84.371644
1/22/15 23:10,Atlanta Police Department,Fulton,Atlanta,Moreland Ave,I 20 and Moreland Ave,(B) Suspected Minor/Visible Injury,Head On,,Pedestrian,0,0,1,0,1,Failure to Yield,,Rain,Wet,Dark-Not Lighted,33.74602,-84.349223
6/12/15 17:00,Atlanta Police Department,Fulton,Atlanta,3020 Delmar Ln,,(B) Suspected Minor/Visible Injury,Not a Collision with Motor Vehicle,,"[""Distracted Driver (Confirmed)"",""Hit & Run"",""Pedestrian"",""Impaired (Suspected)""]",0,0,1,0,1,"[""Inattentive or Other Distraction (Distracted)"",""No Contributing Factors""]",,Rain,Wet,Daylight,33.755561,-84.487581
10/29/15 19:43,Atlanta Police Department,Fulton,Atlanta,Peachtree St Ne   10Th St Ne St,10Th St and Peachtree St Ne   10Th St Ne St,(O) No Injury,Angle (Other),,"[""Intersection Related"",""Distracted Driver (Confirmed)"",""Hit & Run"",""Pedestrian"",""Young Driver (Age 15-19)""]",0,0,0,0,2,"[""Inattentive or Other Distraction (Distracted)"",""No Contributing Factors"",""Other""]",,Clear,Dry,Dark-Lighted,33.786611,-84.384329
9/25/15 0:25,Gsp Post 00,Fulton,Atlanta,I 85,,(O) No Injury,Rear End,,"[""Aggressive Driving"",""Hit & Run"",""Pedestrian"",""Speed Related""]",0,0,0,0,3,"[""No Contributing Factors"",""No Contributing Factors"",""No Contributing Factors"",""Too Fast for Conditions""]",,Rain,Wet,Dark-Not Lighted,33.744145,-84.391218
12/29/15 19:55,Gsp Post 00,Fulton,Atlanta,I 85,,(O) No Injury,Rear End,,"[""Roadway Departure"",""Hit & Run"",""Pedestrian""]",0,0,0,0,1,"[""Improper Backing"",""Other""]",,Clear,Dry,Dark-Lighted,33.799917,-84.391226
5/29/15 20:07,Atlanta Police Department,Fulton,Atlanta,398 Enota Pl,,(B) Suspected Minor/Visible Injury,Not a Collision with Motor Vehicle,,"[""Intersection Related"",""Pedestrian"",""Distracted Driver (Suspected)""]",0,0,1,0,1,No Contributing Factors,,Clear,Dry,Daylight,33.746023,-84.43396
10/30/15 16:43,Atlanta Police Department,Fulton,Atlanta,10Th St Ne   Peachtree St Ne St,Peachtree St and 10Th St Ne   Peachtree St Ne St,(B) Suspected Minor/Visible Injury,Angle (Other),,"[""Intersection Related"",""Pedestrian""]",0,0,1,0,1,No Contributing Factors,,Clear,Dry,Daylight,33.781504,-84.387886
5/31/15 11:00,Atlanta Police Department,Fulton,Atlanta,176 Burbank Dr,,(B) Suspected Minor/Visible Injury,Head On,,"[""Distracted Driver (Confirmed)"",""Pedestrian""]",0,0,1,0,1,"[""Inattentive or Other Distraction (Distracted)"",""No Contributing Factors""]",,Clear,Dry,Daylight,33.759912,-84.429275
5/13/15 9:17,Atlanta Police Department,Fulton,Atlanta,1436 Childress Dr,,(O) No Injury,Not a Collision with Motor Vehicle,,"[""Distracted Driver (Confirmed)"",""Older Driver (65+)"",""Pedestrian""]",0,0,0,0,1,"[""Inattentive or Other Distraction (Distracted)"",""No Contributing Factors""]",,Clear,Dry,Daylight,33.716479,-84.49044
9/21/15 16:09,Dekalb Co Police Department,DeKalb,Atlanta,Flat Shoals Rd,Flat Shoals Rd and Fayetteville Rd,(A) Suspected Serious Injury,Not a Collision with Motor Vehicle,,"[""Distracted Driver (Confirmed)"",""Pedestrian""]",0,1,0,0,1,"[""Inattentive or Other Distraction (Distracted)"",""No Contributing Factors""]",,Cloudy,Dry,Daylight,33.725704,-84.322187
4/24/15 12:09,Atlanta Police Department,DeKalb,Atlanta,Hosea L Williams Dr,Howard St and Hosea L Williams Dr,(B) Suspected Minor/Visible Injury,Not a Collision with Motor Vehicle,,"[""Intersection Related"",""Older Driver (65+)"",""Bicycle""]",0,0,1,0,2,,,Clear,Dry,Daylight,33.752114,-84.323626
9/9/15 18:02,Atlanta Police Department,Fulton,Atlanta,497 Peachtree St,,(O) No Injury,Angle (Other),,Pedestrian,0,0,0,0,1,"[""No Contributing Factors"",""No Contributing Factors""]",,Clear,Dry,Daylight,33.768119,-84.385309
1/2/15 21:42,Atlanta Police Department,Fulton,Atlanta,Ponce De Leon Pl,Ponce De Leon Pl and Ponce De Leon Ave,(B) Suspected Minor/Visible Injury,Angle (Other),,"[""Intersection Related"",""Hit & Run"",""Pedestrian""]",0,0,1,0,1,,,Rain,Wet,Dark-Lighted,33.77356,-84.36382
6/15/15 22:44,Atlanta Police Department,Fulton,Atlanta,670 Mcdaniel St,,(A) Suspected Serious Injury,Not a Collision with Motor Vehicle,,"[""Intersection Related"",""Roadway Departure"",""Hit & Run"",""Pedestrian"",""Distracted Driver (Suspected)""]",0,1,0,2,1,"[""Driver Lost Control"",""No Contributing Factors"",""No Contributing Factors"",""No Contributing Factors"",""No Contributing Factors"",""No Contributing Factors""]",,Clear,Dry,Dark-Lighted,33.736732,-84.401645
11/23/15 19:57,Atlanta Police Department,Fulton,Atlanta,Pines St St,Pines St St and Courtland Ave,(O) No Injury,Rear End,,"[""Pedestrian"",""Distracted Driver (Suspected)"",""Older Driver (55-64)""]",0,0,0,0,1,"[""Improper Backing"",""No Contributing Factors""]",,Clear,Dry,Dark-Lighted,33.767457,-84.384433
10/30/15 19:30,Atlanta Police Department,Fulton,Atlanta,W Peachtree St Nw St,N Ave and W Peachtree St Nw St,(C) Possible Injury / Complaint,Not a Collision with Motor Vehicle,,"[""Intersection Related"",""Pedestrian""]",0,0,0,1,1,"[""Failure to Yield"",""No Contributing Factors""]",,Clear,Dry,Dark-Lighted,33.771288,-84.385077
4/11/15 12:57,Atlanta Police Department,Fulton,Atlanta,Peachtree St Sw S R 9,Trinity Ave S R 14 and Peachtree St Sw S R 9,(K) Fatal Injury,Not a Collision with Motor Vehicle,,"[""Hit & Run"",""Pedestrian"",""Young Adult Driver (Age 20-24)""]",1,0,0,0,1,"[""Failure to Yield"",""No Contributing Factors""]",,Clear,Dry,Daylight,33.749375,-84.394252
10/9/15 13:15,Atlanta Police Department,Fulton,Atlanta,31 31 Peachtree,Alabama St and 31 31 Peachtree,(B) Suspected Minor/Visible Injury,Angle (Other),,"[""Intersection Related"",""Older Driver (65+)"",""Pedestrian""]",0,0,1,0,1,"[""No Contributing Factors"",""No Contributing Factors""]",,Clear,Dry,Daylight,33.75356,-84.390475
6/22/15 17:10,Atlanta Police Department,Fulton,Atlanta,4233 Roswell Rd,Rickenbacker Rd and 4233 Roswell Rd,(B) Suspected Minor/Visible Injury,Head On,,"[""Pedestrian"",""Young Adult Driver (Age 20-24)""]",0,0,1,0,1,"[""Failure to Yield"",""No Contributing Factors""]",,Clear,Dry,Daylight,33.870614,-84.381064
3/28/15 2:16,Atlanta Police Department,Fulton,Atlanta,48 Jackson St,Gartrell St and 48 Jackson St,(A) Suspected Serious Injury,Sideswipe-Same Direction,,"[""Intersection Related"",""Hit & Run"",""Pedestrian""]",0,1,0,0,3,"[""Other"",""Other""]",,Clear,Dry,Dark-Lighted,33.752852,-84.374287
6/11/15 21:55,Atlanta Police Department,Fulton,Atlanta,Cherokee Ave,Memorial Dr and Cherokee Ave,(B) Suspected Minor/Visible Injury,Angle (Other),,"[""Intersection Related"",""Hit & Run"",""Pedestrian"",""Young Adult Driver (Age 20-24)""]",0,0,1,1,2,"[""Failure to Yield"",""No Contributing Factors"",""No Contributing Factors""]",,Clear,Dry,Dark-Lighted,33.746752,-84.373382
3/30/16 8:13,Georgia Tech Police Department,Fulton,Atlanta,Ferst St,Ferst St and Fowler St,(C) Possible Injury / Complaint,Angle (Other),,"[""Intersection Related"",""Bicycle""]",0,0,0,1,2,"[""Failure to Yield"",""No Contributing Factors""]",,Clear,Dry,Daylight,33.776904,-84.393635
11/16/17 0:36,Atlanta Police Department,Fulton,Atlanta,Northside Dr,Collier Rd and Northside Dr,(A) Suspected Serious Injury,Not a Collision with Motor Vehicle,,"[""Intersection Related"",""Pedestrian""]",0,1,0,0,1,"[""Misjudged Clearance"",""No Contributing Factors""]",,Clear,Dry,Dark-Lighted,33.810183,-84.407782
11/10/17 17:25,Atlanta Police Department,Fulton,Atlanta,1177 Joseph E Boone Blvd,,(B) Suspected Minor/Visible Injury,Not a Collision with Motor Vehicle,,"[""Aggressive Driving"",""Hit & Run"",""Pedestrian""]",0,0,1,0,1,"[""Improper Passing of School Bus"",""No Contributing Factors""]",,Clear,Dry,Dusk,33.763525,-84.426509
5/21/17 18:26,Atlanta Police Department,Fulton,Atlanta,835 Martin Luther King Jr Dr,,(A) Suspected Serious Injury,Head On,,"[""Intersection Related"",""Older Driver (65+)"",""Pedestrian"",""Distracted Driver (Suspected)""]",0,1,0,0,1,"[""No Contributing Factors"",""No Contributing Factors""]",,Clear,Dry,Dusk,33.754719,-84.415353
7/31/17 12:35,Atlanta Police Department,Fulton,Atlanta,Marietta St,Fairlie St and Marietta St,(O) No Injury,Sideswipe-Same Direction,,"[""Intersection Related"",""Bicycle"",""Improper Occupant Protection""]",0,0,0,0,2,Misjudged Clearance,,Clear,Dry,Daylight,33.755929,-84.391671
11/9/17 17:30,Atlanta Police Department,Fulton,Atlanta,Peachtree St,10Th St and Peachtree St,(O) No Injury,Angle (Other),,"[""Intersection Related"",""Older Driver (65+)"",""Bicycle"",""Improper Occupant Protection""]",0,0,0,0,2,"[""Disregard Stop Sign/Signal"",""Disregard Stop Sign/Signal""]",,Clear,Dry,Dark-Lighted,33.781722,-84.384009
7/16/17 20:14,Atlanta Police Department,Fulton,Atlanta,Ethel St Nw   Mcmillan St,Mcmillan St and Ethel St Nw   Mcmillan St,(B) Suspected Minor/Visible Injury,Angle (Other),,"[""Intersection Related"",""Bicycle""]",0,0,1,0,2,"[""Disregard Stop Sign/Signal"",""No Contributing Factors""]",,Clear,Dry,Daylight,33.784523,-84.404244
3/18/17 13:05,Atlanta Police Department,Fulton,Atlanta,Los Angeles Ave,N Highland Ave and Los Angeles Ave,Unknown,Angle (Other),,"[""Intersection Related"",""Bicycle"",""Older Driver (55-64)""]",0,0,0,0,2,"[""Changed Lanes Improperly"",""No Contributing Factors""]",,Cloudy,Dry,Daylight,33.783436,-84.354566
8/14/17 8:45,Atlanta Police Department,Fulton,Atlanta,Peachtree Rd Ne   Lenox Rd,Lenox Rd and Peachtree Rd Ne   Lenox Rd,(O) No Injury,Not a Collision with Motor Vehicle,,"[""Intersection Related"",""Pedestrian"",""Distracted Driver (Suspected)""]",0,0,0,0,1,"[""No Contributing Factors"",""No Contributing Factors""]",,Clear,Dry,Daylight,33.850436,-84.3621
2/22/17 6:50,Atlanta Police Department,Fulton,Atlanta,Hamilton E Holmes Dr,Martin L King Jr Dr and Hamilton E Holmes Dr,(A) Suspected Serious Injury,Not a Collision with Motor Vehicle,,"[""Intersection Related"",""Pedestrian"",""Distracted Driver (Suspected)"",""Older Driver (55-64)""]",0,1,0,0,1,"[""No Contributing Factors"",""Other""]",,Rain,Wet,Dark-Lighted,33.752057,-84.467466
9/25/17 10:55,Atlanta Police Department,Fulton,Atlanta,Capitol Sq,Capitol Sq and Capitol Ave,(B) Suspected Minor/Visible Injury,Not a Collision with Motor Vehicle,,"[""Intersection Related"",""Hit & Run"",""Pedestrian"",""Distracted Driver (Suspected)""]",0,0,1,0,1,No Contributing Factors,,(None),Dry,Daylight,33.748088,-84.387822
4/4/17 16:58,Atlanta Police Department,Fulton,Atlanta,Cheshire Bridge Rd,I 85 and Cheshire Bridge Rd,(C) Possible Injury / Complaint,Rear End,,"[""Bicycle"",""Distracted Driver (Suspected)"",""Older Driver (55-64)""]",0,0,0,1,2,"[""Following Too Close"",""No Contributing Factors""]",,Clear,Dry,Daylight,33.823391,-84.351875
2/1/17 21:14,Atlanta Police Department,Fulton,Atlanta,Cleveland Ave,Cleveland Ave and Old Hapeville Rd,(B) Suspected Minor/Visible Injury,Not a Collision with Motor Vehicle,,"[""Intersection Related"",""Pedestrian""]",0,0,1,0,1,"[""Disregard Stop Sign/Signal"",""No Contributing Factors""]",,Clear,Dry,Dark-Lighted,33.681119,-84.393694
7/1/17 21:00,Atlanta Police Department,Fulton,Atlanta,Blvd,Blvd and Gartrell St,(O) No Injury,Not a Collision with Motor Vehicle,,"[""Intersection Related"",""Pedestrian""]",0,0,0,0,1,"[""Failure to Yield"",""No Contributing Factors""]",,Cloudy,Dry,Dawn,33.752851,-84.371565
4/8/17 10:19,Atlanta Police Department,Fulton,Atlanta,Arden Rd Nw   W Paces Ferry Rd,W Paces Ferry Rd and Arden Rd Nw   W Paces Ferry Rd,(A) Suspected Serious Injury,Not a Collision with Motor Vehicle,,"[""Intersection Related"",""Pedestrian""]",0,1,0,0,1,"[""Failure to Yield"",""No Contributing Factors""]",,Clear,Dry,Daylight,33.844173,-84.396643
12/21/17 18:30,Atlanta Police Department,Fulton,Atlanta,Montgomery Ferry Dr,Polo Dr and Montgomery Ferry Dr,(B) Suspected Minor/Visible Injury,Not a Collision with Motor Vehicle,,"[""Pedestrian"",""Distracted Driver (Suspected)"",""Older Driver (55-64)""]",0,0,1,0,1,"[""No Contributing Factors"",""Other""]",,Rain,Wet,Dark-Lighted,33.798709,-84.376208
4/1/17 8:36,Atlanta Police Department,Fulton,Atlanta,Collier Rd,Collier Rd and Peachtree Rd,(B) Suspected Minor/Visible Injury,Not a Collision with Motor Vehicle,,"[""Intersection Related"",""Older Driver (65+)"",""Pedestrian""]",0,0,1,0,1,"[""Failure to Yield"",""No Contributing Factors""]",,Clear,Dry,Daylight,33.806702,-84.393889
3/3/17 15:43,Atlanta Police Department,Fulton,Atlanta,Mcdaniel St,Fulton St and Mcdaniel St,(B) Suspected Minor/Visible Injury,Not a Collision with Motor Vehicle,,"[""Intersection Related"",""Hit & Run"",""Pedestrian""]",0,0,1,0,1,"[""Disregard Stop Sign/Signal"",""No Contributing Factors""]",,Clear,Dry,Daylight,33.741573,-84.402942
7/23/17 17:29,Atlanta Police Department,Fulton,Atlanta,500 Northside Dr,,(A) Suspected Serious Injury,Not a Collision with Motor Vehicle,,"[""Aggressive Driving"",""Roadway Departure"",""Hit & Run"",""Pedestrian"",""Young Driver (Age 15-19)"",""Impaired (Suspected)"",""Speed Related""]",0,1,1,0,3,"[""No Contributing Factors"",""Other"",""Other""]",,Clear,Dry,Daylight,33.741663,-84.408168
7/24/17 14:30,Atlanta Police Department,Fulton,Atlanta,Peachtree St Ne   Ralph Mcgill Blvd,Peachtree St and Peachtree St Ne   Ralph Mcgill Blvd,(C) Possible Injury / Complaint,Not a Collision with Motor Vehicle,,"[""Intersection Related"",""Hit & Run"",""Pedestrian"",""Distracted Driver (Suspected)""]",0,0,0,1,1,"[""No Contributing Factors"",""No Contributing Factors""]",,Clear,Dry,Daylight,33.764542,-84.385746
3/11/17 23:03,Atlanta Police Department,Fulton,Atlanta,Piedmont Rd,Morosgo Dr and Piedmont Rd,(B) Suspected Minor/Visible Injury,Not a Collision with Motor Vehicle,,"[""Intersection Related"",""Pedestrian"",""Young Adult Driver (Age 20-24)"",""Distracted Driver (Suspected)""]",0,0,1,0,1,"[""No Contributing Factors"",""Other""]",,Rain,Wet,Dark-Lighted,33.823581,-84.367318
7/19/17 10:00,Atlanta Police Department,Fulton,Atlanta,N Highland Ave,N Highland Ave and Ponce De Leon Ave,(C) Possible Injury / Complaint,Not a Collision with Motor Vehicle,,"[""Intersection Related"",""Distracted Driver (Confirmed)"",""Pedestrian""]",0,0,0,1,1,"[""Inattentive or Other Distraction (Distracted)"",""No Contributing Factors""]",,Clear,Dry,Daylight,33.773833,-84.352519
10/2/17 0:09,Atlanta Police Department,Fulton,Atlanta,448 Blvd,,Unknown,Not a Collision with Motor Vehicle,,"[""Intersection Related"",""Pedestrian"",""Distracted Driver (Suspected)""]",0,0,0,0,1,"[""No Contributing Factors"",""Other""]",,Clear,Dry,Dark-Lighted,33.742233,-84.368152
11/30/17 15:50,Atlanta Police Department,Fulton,Atlanta,Metropolitan Pkwy,Casplan St and Metropolitan Pkwy,(B) Suspected Minor/Visible Injury,Not a Collision with Motor Vehicle,,"[""Intersection Related"",""Pedestrian"",""Young Adult Driver (Age 20-24)""]",0,0,1,0,1,"[""Disregard Stop Sign/Signal"",""No Contributing Factors""]",,Cloudy,Wet,Daylight,33.707262,-84.408025
8/4/17 10:00,Atlanta Police Department,Fulton,Atlanta,Highland Ave,Jackson St and Highland Ave,(O) No Injury,Angle (Other),,"[""Intersection Related"",""Bicycle""]",0,0,0,0,2,"[""Failure to Yield"",""No Contributing Factors""]",,Clear,Dry,Daylight,33.761381,-84.374276
11/14/17 16:24,Atlanta Police Department,Fulton,Atlanta,2840 Greenbriar Pkwy,The Fountainebleau and 2840 Greenbriar Pkwy,(B) Suspected Minor/Visible Injury,Not a Collision with Motor Vehicle,,"[""Pedestrian"",""Young Adult Driver (Age 20-24)"",""Distracted Driver (Suspected)""]",0,0,1,0,1,"[""No Contributing Factors"",""Other""]",,Clear,Dry,Daylight,33.679381,-84.488078
7/25/17 3:37,Atlanta Police Department,Fulton,Atlanta,I 7585,I 7585 and 10Th St,(K) Fatal Injury,Not a Collision with Motor Vehicle,,"[""Hit & Run"",""Pedestrian"",""Impaired (Suspected)"",""Distracted Driver (Suspected)""]",1,0,0,0,3,"[""No Contributing Factors"",""No Contributing Factors"",""Other""]",,Clear,Dry,Dark-Lighted,33.78118,-84.391216
12/1/17 13:31,Atlanta Police Department,Fulton,Atlanta,Peachtree Center Ave,John Portman Blvd and Peachtree Center Ave,(O) No Injury,Not a Collision with Motor Vehicle,,"[""Intersection Related"",""Distracted Driver (Confirmed)"",""Pedestrian""]",0,0,0,0,1,"[""Inattentive or Other Distraction (Distracted)"",""No Contributing Factors""]",,Clear,Dry,Daylight,33.76095,-84.386041
2/15/17 16:51,Atlanta Police Department,Fulton,Atlanta,,and Hank Aaron Dr,(C) Possible Injury / Complaint,Angle (Other),,"[""Intersection Related"",""Hit & Run"",""Pedestrian"",""Young Adult Driver (Age 20-24)""]",0,0,0,1,3,"[""Improper Turn"",""No Contributing Factors"",""No Contributing Factors""]",,Clear,Dry,Daylight,33.7304,-84.387961
1/9/17 13:12,Atlanta Police Department,Fulton,Atlanta,Peachtree St,Peachtree St and Peachtree Center Ave,(O) No Injury,Angle (Other),,"[""Intersection Related"",""Hit & Run"",""Bicycle""]",0,0,0,0,2,"[""Failure to Yield"",""No Contributing Factors""]",,Clear,Dry,Daylight,33.764304,-84.385897
11/10/17 23:20,Atlanta Police Department,Fulton,Atlanta,Carnegie Way,Fairlie St and Carnegie Way,(A) Suspected Serious Injury,Not a Collision with Motor Vehicle,,"[""Intersection Related"",""Hit & Run"",""Pedestrian"",""Distracted Driver (Suspected)""]",0,1,1,0,2,No Contributing Factors,,Clear,Dry,Dark-Lighted,33.758192,-84.388383
6/24/17 15:01,Atlanta Police Department,Fulton,Atlanta,Monroe Dr Ne   10Th St,10Th St and Monroe Dr Ne   10Th St,(O) No Injury,Sideswipe-Opposite Direction,,"[""Intersection Related"",""Bicycle"",""Distracted Driver (Suspected)"",""Improper Occupant Protection""]",0,0,0,0,2,"[""No Contributing Factors"",""Other""]",,Cloudy,Dry,Daylight,33.781756,-84.36868
7/13/17 11:52,Atlanta Police Department,Fulton,Atlanta,126 Sunset Ave,Magnolia St and 126 Sunset Ave,(C) Possible Injury / Complaint,Angle (Other),,"[""Intersection Related"",""Bicycle"",""Older Driver (55-64)"",""Improper Occupant Protection""]",0,0,0,1,2,"[""Disregard Stop Sign/Signal"",""No Contributing Factors""]",,Clear,Dry,Daylight,33.758077,-84.409992
7/13/17 10:49,Gsp Post 00,Fulton,Atlanta,Capitol Sq,Capitol Sq and Capitol Ave,(B) Suspected Minor/Visible Injury,Not a Collision with Motor Vehicle,,"[""Intersection Related"",""Pedestrian"",""Distracted Driver (Suspected)""]",0,0,1,0,1,No Contributing Factors,,Clear,Dry,Daylight,33.748085,-84.387817
6/23/17 11:23,Georgia Tech Police Department,Fulton,Atlanta,Ferst Dr,Ferst Dr and Fowler St,(A) Suspected Serious Injury,Angle (Other),,"[""Intersection Related"",""Older Driver (65+)"",""Bicycle"",""Improper Occupant Protection""]",0,1,0,0,2,"[""Failure to Yield"",""No Contributing Factors""]",,Clear,Dry,Daylight,33.776904,-84.393635
3/30/17 22:30,Atlanta Police Department,Fulton,Atlanta,Lillian Ave,Murphy Ave and Lillian Ave,(C) Possible Injury / Complaint,Not a Collision with Motor Vehicle,,"[""Intersection Related"",""Hit & Run"",""Pedestrian"",""Distracted Driver (Suspected)""]",0,0,0,1,1,No Contributing Factors,,Rain,Wet,Dark-Not Lighted,33.731222,-84.413714
4/7/17 19:00,Atlanta Police Department,DeKalb,Atlanta,Hutchinson St,Hardee St and Hutchinson St,(O) No Injury,Sideswipe-Opposite Direction,,"[""Hit & Run"",""Pedestrian"",""Improper Occupant Protection""]",0,0,0,0,1,"[""Misjudged Clearance"",""No Contributing Factors""]",,Clear,Dry,Daylight,33.755399,-84.340968
7/11/17 16:45,Atlanta Police Department,Fulton,Atlanta,691 University Ave,,Unknown,Head On,,"[""Intersection Related"",""Pedestrian"",""Young Adult Driver (Age 20-24)"",""Distracted Driver (Suspected)""]",0,0,0,0,1,"[""No Contributing Factors"",""Other""]",,Cloudy,Dry,Daylight,33.722173,-84.407868
12/5/17 16:48,Atlanta Police Department,Fulton,Atlanta,Bill Kennedy Way,Garrett St and Bill Kennedy Way,(B) Suspected Minor/Visible Injury,Angle (Other),,"[""Intersection Related"",""Bicycle"",""Older Driver (55-64)"",""Improper Occupant Protection""]",0,0,1,0,2,"[""Improper Turn"",""No Contributing Factors""]",,Clear,Dry,Daylight,33.740568,-84.358155
3/31/17 17:13,Atlanta Police Department,Fulton,Atlanta,Piedmont Rd,Piedmont Rd and Tower Place Dr,(C) Possible Injury / Complaint,Sideswipe-Same Direction,,"[""Intersection Related"",""Pedestrian""]",0,0,0,1,1,"[""Disregard Police - Traffic Control"",""No Contributing Factors""]",,Clear,Dry,Daylight,33.777174,-84.475713
2/23/17 20:43,Atlanta Police Department,Fulton,Atlanta,Peachtree St,Pine St and Peachtree St,Unknown,Angle (Other),,Bicycle,0,0,0,0,2,"[""No Contributing Factors"",""No Contributing Factors""]",,Clear,Dry,Dark-Lighted,33.768063,-84.385314
9/4/17 3:46,Atlanta Police Department,Fulton,Atlanta,2416 Piedmont Rd,,(C) Possible Injury / Complaint,Head On,,"[""Intersection Related"",""Roadway Departure"",""Hit & Run"",""Pedestrian""]",0,0,0,2,2,"[""Misjudged Clearance"",""No Contributing Factors"",""No Contributing Factors""]",,Clear,Dry,Dark-Not Lighted,33.820988,-84.367515
9/6/17 16:36,Atlanta Police Department,Fulton,Atlanta,Ponce De Leon Ave Ne   Argonne Ave,Argonne Ave and Ponce De Leon Ave Ne   Argonne Ave,(B) Suspected Minor/Visible Injury,Angle (Other),,"[""Intersection Related"",""Bicycle"",""Older Driver (55-64)""]",0,0,1,0,2,"[""Failure to Yield"",""No Contributing Factors""]",,Clear,Dry,Daylight,33.772554,-84.377703
8/1/17 11:20,Atlanta Police Department,Fulton,Atlanta,10 Th,,(C) Possible Injury / Complaint,Not a Collision with Motor Vehicle,,"[""Intersection Related"",""Pedestrian""]",0,0,0,1,1,"[""Disregard Stop Sign/Signal"",""No Contributing Factors""]",,Clear,Dry,Daylight,33.781774,-84.372796
8/30/17 13:30,Atlanta Police Department,Fulton,Atlanta,61 N Ave,,(O) No Injury,Rear End,,"[""Intersection Related"",""Hit & Run"",""Older Driver (65+)"",""Pedestrian"",""Impaired (Suspected)"",""Distracted Driver (Suspected)""]",0,0,0,0,3,,,Rain,Wet,Daylight,33.771242,-84.389297
4/26/17 19:47,Atlanta Police Department,Fulton,Atlanta,2444 Piedmont Rd,,Unknown,Not a Collision with Motor Vehicle,,"[""Pedestrian"",""Distracted Driver (Suspected)""]",0,0,0,0,1,"[""No Contributing Factors"",""Other""]",,Clear,Dry,Daylight,33.822211,-84.367376
1/19/17 22:10,Atlanta Police Department,Fulton,Atlanta,Peachtree St,15Th St and Peachtree St,(B) Suspected Minor/Visible Injury,Not a Collision with Motor Vehicle,,"[""Intersection Related"",""Pedestrian""]",0,0,1,0,1,"[""Disregard Stop Sign/Signal"",""No Contributing Factors""]",,Rain,Dry,Dark-Lighted,33.788448,-84.383866