Date and Time,Agency Name (Crash Level) ,Area: County,Area: City,Roadway (From Crash Report),Intersection Name (from Crash Report),KABCO Severity,Manner of Collision (Crash Level) ,First Harmful Event (Crash Level) ,SHSP Emphasis Areas,# of Fatalities (Person Table),# Serious Injuries,# Visible Injuries,# Complaint Injuries,# of Vehicles,Operator / Driver Contributing Factor -old,Roadway Contributing Factors (Crash Level) ,Weather Conditions (Crash Level),Surface Condition (Crash Level) ,Light Conditions (Crash Level),Latitude ,Longitude
5/26/17 13:00,Atlanta Police Department,Fulton,Atlanta,Renaissance Pkwy Ne   Piedmont Ave,Piedmont Ave and Renaissance Pkwy Ne   Piedmont Ave,(C) Possible Injury / Complaint,Not a Collision with Motor Vehicle,,"[""Intersection Related"",""Pedestrian"",""Distracted Driver (Suspected)""]",0,0,0,1,1,"[""No Contributing Factors"",""Other""]",,Clear,Dry,Daylight,33.768677,-84.381989
3/20/17 19:24,Atlanta Police Department,DeKalb,Atlanta,Memorial Dr,Campbell St and Memorial Dr,(K) Fatal Injury,Not a Collision with Motor Vehicle,,"[""Intersection Related"",""Pedestrian"",""Distracted Driver (Suspected)""]",1,0,0,0,1,No Contributing Factors,,Clear,Dry,Dusk,33.747425,-84.325384
6/30/17 22:06,Atlanta Police Department,Fulton,Atlanta,950 Fowler St,10Th St and 950 Fowler St,(B) Suspected Minor/Visible Injury,Rear End,,"[""Intersection Related"",""Hit & Run"",""Pedestrian"",""Distracted Driver (Suspected)""]",0,0,1,0,3,"[""No Contributing Factors"",""No Contributing Factors"",""Other""]",,Clear,Dry,Dark-Lighted,33.781504,-84.393562
7/17/17 12:36,Atlanta Police Department,Fulton,Atlanta,Howell Mill Rd Nw,10Th St and Howell Mill Rd Nw,(B) Suspected Minor/Visible Injury,Not a Collision with Motor Vehicle,,"[""Intersection Related"",""Pedestrian""]",0,0,1,1,1,"[""Failure to Yield"",""No Contributing Factors""]",,Clear,Dry,Daylight,33.781559,-84.411141
10/31/17 17:41,Atlanta Police Department,Fulton,Atlanta,906 Monroe Dr,,(B) Suspected Minor/Visible Injury,Angle (Other),,"[""Intersection Related"",""Hit & Run"",""Pedestrian""]",0,0,2,0,2,"[""No Contributing Factors"",""No Contributing Factors"",""No Contributing Factors""]",,Clear,Dry,Daylight,33.779127,-84.36953
6/24/18 13:00,Atlanta Police Department,Fulton,Atlanta,Jonesboro Rd,Jonesboro Rd and Cleveland Ave,(O) No Injury,Not a Collision with Motor Vehicle,,"[""Intersection Related"",""Pedestrian"",""Distracted Driver (Suspected)""]",0,0,0,0,1,"[""No Contributing Factors"",""Other""]",,Clear,Dry,Daylight,33.680256,-84.367401
4/23/18 17:32,Atlanta Police Department,Fulton,Atlanta,950 W Peachtree St,Peachtree Pl and 950 W Peachtree St,(O) No Injury,Angle (Other),,Pedestrian,0,0,0,0,1,Failure to Yield,,Rain,Dry,Daylight,33.780152,-84.387292
5/27/18 20:25,Atlanta Police Department,Fulton,Atlanta,10Th St,10Th St and Argonne Ave,(O) No Injury,Not a Collision with Motor Vehicle,,"[""Intersection Related"",""Pedestrian"",""Distracted Driver (Suspected)""]",0,0,0,0,1,No Contributing Factors,,Clear,Dry,Dark-Lighted,33.781785,-84.377655
8/29/18 17:11,Atlanta Police Department,Fulton,Atlanta,Jonesboro Rd,Conley Rd and Jonesboro Rd,(O) No Injury,Not a Collision with Motor Vehicle,,"[""Intersection Related"",""Hit & Run"",""Pedestrian"",""Distracted Driver (Suspected)""]",0,0,0,0,1,"[""No Contributing Factors"",""Other""]",,Clear,Dry,Daylight,33.648391,-84.365554
10/6/18 14:04,Atlanta Police Department,Fulton,Atlanta,Peachtree Rd,Junction Ave and Peachtree Rd,(A) Suspected Serious Injury,Angle (Other),,"[""Roadway Departure"",""Bicycle"",""Improper Occupant Protection""]",0,1,0,0,2,,,Clear,Dry,Daylight,33.818572,-84.388782
4/22/18 1:37,Atlanta Police Department,Fulton,Atlanta,Parkway Dr,Parkway Dr and Ralph Mcgill Blvd,(O) No Injury,Angle (Other),,"[""Intersection Related"",""Pedestrian""]",0,0,0,0,1,Disregard Stop Sign/Signal,,Clear,Dry,Dark-Lighted,33.763976,-84.373656
10/16/18 17:38,Atlanta Police Department,Fulton,Atlanta,22 Joseph E Lowery Blvd,,(O) No Injury,Not a Collision with Motor Vehicle,,"[""Pedestrian"",""Distracted Driver (Suspected)""]",0,0,0,0,1,"[""No Contributing Factors"",""Other""]",,Clear,Dry,Daylight,33.755253,-84.417556
12/22/18 0:35,Atlanta Police Department,Fulton,Atlanta,3196 Roswell Rd,E Andrews Dr and 3196 Roswell Rd,Unknown,Not a Collision with Motor Vehicle,,"[""Pedestrian"",""Young Driver (Age 15-19)"",""Impaired Driving (Confirmed)""]",0,0,0,0,1,Other,,Clear,Dry,Dark-Not Lighted,33.842183,-84.378891
8/28/18 8:30,Atlanta Police Department,Fulton,Atlanta,Jonesboro Rd,I 285 and Jonesboro Rd,Unknown,Not a Collision with Motor Vehicle,,"[""Roadway Departure"",""Hit & Run"",""Pedestrian"",""Distracted Driver (Suspected)""]",0,0,0,0,1,"[""Driver Lost Control"",""No Contributing Factors""]",,Clear,Dry,Daylight,33.651985,-84.366999
12/27/18 20:22,Atlanta Police Department,Fulton,Atlanta,Northside Dr Nw   Ivan Allen Jr Blvd,Ivan Allen Jr Blvd and Northside Dr Nw   Ivan Allen Jr Blvd,(O) No Injury,Not a Collision with Motor Vehicle,,"[""Intersection Related"",""Pedestrian"",""Distracted Driver (Suspected)""]",0,0,0,0,1,,,Rain,Wet,Dark-Lighted,33.763369,-84.402922
3/2/18 13:03,Atlanta Police Department,Fulton,Atlanta,Peachtree Ave,Peachtree Rd and Peachtree Ave,Unknown,Not a Collision with Motor Vehicle,,"[""Intersection Related"",""Pedestrian"",""Young Adult Driver (Age 20-24)"",""Distracted Driver (Suspected)""]",0,0,0,0,1,No Contributing Factors,,Clear,Dry,Daylight,33.834886,-84.382433
9/15/18 10:04,Atlanta Police Department,Fulton,Atlanta,2469 Piedmont Rd,Morosgo Dr and 2469 Piedmont Rd,(O) No Injury,Not a Collision with Motor Vehicle,,"[""Intersection Related"",""Pedestrian"",""Distracted Driver (Suspected)""]",0,0,0,0,1,"[""No Contributing Factors"",""Other""]",,Clear,Dry,Daylight,33.823604,-84.367269
11/1/18 17:06,Atlanta Police Department,Fulton,Atlanta,Martin St,Martin St and Memorial Dr,(O) No Injury,Not a Collision with Motor Vehicle,,"[""Intersection Related"",""Pedestrian"",""Distracted Driver (Suspected)""]",0,0,0,0,1,,,Rain,Wet,Daylight,33.746861,-84.383833
3/23/18 21:40,Atlanta Police Department,Fulton,Atlanta,Moreland Ave,Mclendon Ave and Moreland Ave,(C) Possible Injury / Complaint,Head On,,"[""Pedestrian"",""Young Driver (Age 15-19)"",""Distracted Driver (Suspected)""]",0,0,0,1,2,No Contributing Factors,,(None),Dry,Dark-Lighted,33.764534,-84.349536
11/6/18 15:03,Atlanta Police Department,Fulton,Atlanta,Calhoun St,Terrell St and Calhoun St,(O) No Injury,Not a Collision with Motor Vehicle,,"[""Intersection Related"",""Hit & Run"",""Pedestrian""]",0,0,0,0,1,"[""Misjudged Clearance"",""No Contributing Factors""]",,Clear,Dry,Daylight,33.782909,-84.40371
12/10/18 7:03,Atlanta Police Department,Fulton,Atlanta,2205 Campbellton Rd,Delowe St and 2205 Campbellton Rd,Unknown,Not a Collision with Motor Vehicle,,"[""Pedestrian"",""Distracted Driver (Suspected)""]",0,0,0,0,1,"[""No Contributing Factors"",""No Contributing Factors""]",,(None),(None),Dawn,33.705644,-84.460656
10/26/18 23:45,Atlanta Police Department,Fulton,Atlanta,W Peachtree St,,(O) No Injury,Not a Collision with Motor Vehicle,,"[""Intersection Related"",""Hit & Run"",""Pedestrian"",""Distracted Driver (Suspected)""]",0,0,0,0,1,,,Clear,Dry,Dark-Lighted,33.778722,-84.387283
6/19/18 15:49,Atlanta Police Department,Fulton,Atlanta,1565 Martin L King Jr Dr,,(O) No Injury,Not a Collision with Motor Vehicle,,Pedestrian,0,0,0,0,1,"[""Failure to Yield"",""No Contributing Factors""]",,Clear,Dry,Daylight,33.753504,-84.439446
8/1/18 6:17,Atlanta Police Department,Fulton,Atlanta,4000 Campbellton Rd,,(A) Suspected Serious Injury,Not a Collision with Motor Vehicle,,"[""Intersection Related"",""CMV Related"",""Pedestrian"",""Distracted Driver (Suspected)""]",0,1,0,0,1,"[""Other"",""Other""]",,Rain,Dry,Dark-Lighted,33.693395,-84.518409
1/10/18 22:16,Atlanta Police Department,Fulton,Atlanta,Pharr Rd,Pharr Rd and Peachtree Rd,(O) No Injury,Not a Collision with Motor Vehicle,,"[""Intersection Related"",""Hit & Run"",""Pedestrian"",""Distracted Driver (Suspected)"",""Older Driver (55-64)""]",0,0,0,0,2,,,Rain,Dry,Dark-Lighted,33.837082,-84.381415
9/18/18 7:30,Atlanta Police Department,Fulton,Atlanta,17Th St,17Th St and Bishop St,(O) No Injury,Not a Collision with Motor Vehicle,,"[""Pedestrian"",""Older Driver (55-64)""]",0,0,0,0,1,"[""Failure to Yield"",""No Contributing Factors""]",,Clear,Dry,Daylight,33.791842,-84.406077
10/4/18 18:04,Atlanta Police Department,Fulton,Atlanta,432 Jones Ave,,Unknown,Sideswipe-Same Direction,,"[""Intersection Related"",""Pedestrian""]",0,0,0,0,1,,,Clear,Dry,Daylight,33.763963,-84.401681
11/15/18 13:00,Atlanta Police Department,Fulton,Atlanta,Piedmont Rd,Miami Cir and Piedmont Rd,(O) No Injury,Angle (Other),,"[""Intersection Related"",""Pedestrian""]",0,0,0,0,1,,,Clear,Dry,Daylight,33.828071,-84.367303
5/6/18 20:48,Atlanta Police Department,Fulton,Atlanta,Peachtree St,Peachtree St and Ponce De Leon Ave,Unknown,Not a Collision with Motor Vehicle,,"[""Intersection Related"",""Pedestrian"",""Distracted Driver (Suspected)""]",0,0,0,0,1,Other,,Clear,Dry,Dark-Lighted,33.772232,-84.384913
11/28/18 22:21,Atlanta Police Department,Fulton,Atlanta,Peachtree St,Marietta St and Peachtree St,(O) No Injury,Angle (Other),,"[""Intersection Related"",""Hit & Run"",""Pedestrian""]",0,0,0,0,1,,,Clear,Dry,Dark-Lighted,33.754294,-84.389802
11/6/18 12:05,Georgia Tech Police Department,Fulton,Atlanta,Fifth St,Fifth St and Williams St,(O) No Injury,Not a Collision with Motor Vehicle,,"[""Intersection Related"",""Aggressive Driving"",""Bicycle"",""Secondary Crash""]",0,0,0,0,2,,,Cloudy,Wet,Dusk,33.776858,-84.390225
7/19/18 8:30,Atlanta Police Department,Fulton,Atlanta,Ted Turner Dr,,Unknown,Not a Collision with Motor Vehicle,,"[""Intersection Related"",""Pedestrian""]",0,0,0,0,1,"[""Failure to Yield"",""No Contributing Factors""]",,Clear,Dry,Daylight,33.75353,-84.394777
3/18/18 1:05,Atlanta Police Department,Fulton,Atlanta,Edgewood Ave,Blvd and Edgewood Ave,Unknown,Not a Collision with Motor Vehicle,,"[""Intersection Related"",""Pedestrian"",""Distracted Driver (Suspected)""]",0,0,0,0,1,Other,,Clear,Dry,Dark-Lighted,33.754308,-84.372426
5/11/18 13:45,Atlanta Police Department,Fulton,Atlanta,2459 Piedmont Rd,2459 Piedmont Rd and Sidney Marcus Blvd,(O) No Injury,Head On,,"[""Intersection Related"",""Pedestrian"",""Distracted Driver (Suspected)""]",0,0,0,0,1,Other,,Clear,Dry,Daylight,33.825798,-84.367042
8/22/18 17:56,Atlanta Police Department,Fulton,Atlanta,Williams St,10Th St and Williams St,(O) No Injury,Sideswipe-Same Direction,,"[""Intersection Related"",""Pedestrian"",""Young Adult Driver (Age 20-24)""]",0,0,0,0,2,"[""Improper Turn"",""No Contributing Factors"",""No Contributing Factors""]",,Clear,Dry,Daylight,33.781523,-84.39058
6/23/18 10:13,Atlanta Police Department,Fulton,Atlanta,Peachtree Rd,Collier Rd and Peachtree Rd,Unknown,Not a Collision with Motor Vehicle,,"[""Intersection Related"",""Pedestrian"",""Older Driver (55-64)""]",0,0,0,0,1,"[""Failure to Yield"",""No Contributing Factors""]",,Clear,Dry,Daylight,33.806694,-84.39389
8/3/18 11:16,Atlanta Police Department,Fulton,Atlanta,50 Old Ivy Rd,Old Ivy Rd and 50 Old Ivy Rd,(O) No Injury,Not a Collision with Motor Vehicle,,"[""Pedestrian"",""Distracted Driver (Suspected)"",""Older Driver (55-64)""]",0,0,0,0,1,"[""No Contributing Factors"",""Other""]",,Clear,Dry,Daylight,33.854684,-84.381046
11/12/18 11:16,Atlanta Police Department,Fulton,Atlanta,Stratford Rd Ne   Peachtree Rd,Peachtree Rd and Stratford Rd Ne   Peachtree Rd,(O) No Injury,Angle (Other),,"[""Intersection Related"",""Pedestrian""]",0,0,0,0,1,,,Rain,Wet,Daylight,33.848707,-84.366404
9/21/18 18:30,Atlanta Police Department,Fulton,Atlanta,585 Joseph E Lowery Blvd,Ralph David Abernathy and 585 Joseph E Lowery Blvd,(O) No Injury,Not a Collision with Motor Vehicle,,"[""Distracted Driver (Confirmed)"",""Pedestrian"",""Older Driver (55-64)""]",0,0,0,0,1,"[""Inattentive or Other Distraction (Distracted)"",""No Contributing Factors""]",,Clear,Dry,Daylight,33.770744,-84.417126
3/29/18 20:55,Atlanta Police Department,Fulton,Atlanta,Metropolitan Pkwy Sw   Ralph David Abern Blvd,Metrpolitan Pkwy and Metropolitan Pkwy Sw   Ralph David Abern Blvd,(O) No Injury,Head On,,"[""Intersection Related"",""Pedestrian"",""Distracted Driver (Suspected)""]",0,0,0,0,1,Other,,Rain,Wet,Dark-Lighted,33.73823,-84.408184
12/13/18 14:51,Atlanta Police Department,DeKalb,Atlanta,S Ponce De Leon Ave,Oakdale Rd and S Ponce De Leon Ave,(O) No Injury,Not a Collision with Motor Vehicle,,"[""Intersection Related"",""Pedestrian"",""Young Driver (Age 15-19)"",""Distracted Driver (Suspected)""]",0,0,0,0,1,,,Cloudy,Dry,Daylight,33.774506,-84.341774
10/19/18 16:50,Atlanta Police Department,Fulton,Atlanta,Ralph D Abernathy Blvd Sw   Lee St,Lee St and Ralph D Abernathy Blvd Sw   Lee St,(O) No Injury,Not a Collision with Motor Vehicle,,"[""Intersection Related"",""Pedestrian""]",0,0,0,0,1,,,Clear,Dry,Daylight,33.738246,-84.414088
5/18/18 8:22,Atlanta Police Department,Fulton,Atlanta,Killian St,Blvd and Killian St,(O) No Injury,Not a Collision with Motor Vehicle,,"[""Intersection Related"",""Hit & Run"",""Pedestrian"",""Distracted Driver (Suspected)""]",0,0,0,0,1,No Contributing Factors,,Clear,Dry,Daylight,33.737682,-84.368097
8/17/18 2:33,Atlanta Police Department,Fulton,Atlanta,I 85,I 85 and Buford Highway Conn,Unknown,Not a Collision with Motor Vehicle,,"[""Pedestrian"",""Distracted Driver (Suspected)""]",0,0,0,0,1,"[""No Contributing Factors"",""Other""]",,Clear,Dry,Dark-Not Lighted,33.8071,-84.380013
6/4/18 15:57,Atlanta Police Department,Fulton,Atlanta,Peachtree Rd,Palisades Rd and Peachtree Rd,(O) No Injury,Angle (Other),,"[""Intersection Related"",""Pedestrian"",""Older Driver (55-64)""]",0,0,0,0,1,No Contributing Factors,,Clear,Dry,Daylight,33.804873,-84.393657
6/11/18 16:02,Atlanta Police Department,Fulton,Atlanta,Peachtree St Ne   N Ave,N Ave and Peachtree St Ne   N Ave,Unknown,Not a Collision with Motor Vehicle,,"[""Intersection Related"",""Distracted Driver (Confirmed)"",""Pedestrian""]",0,0,0,0,1,"[""Inattentive or Other Distraction (Distracted)"",""No Contributing Factors""]",,Clear,Dry,Daylight,33.771287,-84.385058
8/16/18 9:42,Atlanta Police Department,Fulton,Atlanta,780 Bellemeade Ave,Howell Mill Rd and 780 Bellemeade Ave,(O) No Injury,Not a Collision with Motor Vehicle,,"[""Pedestrian"",""Distracted Driver (Suspected)"",""Older Driver (55-64)""]",0,0,0,0,1,"[""No Contributing Factors"",""Other""]",,Clear,Dry,Daylight,33.800204,-84.413946
10/24/18 12:34,Atlanta Police Department,Fulton,Atlanta,Washington St Sw   Trinity Ave,Trinity Ave and Washington St Sw   Trinity Ave,Unknown,Not a Collision with Motor Vehicle,,"[""Intersection Related"",""Pedestrian""]",0,0,0,0,1,,,Clear,Dry,Daylight,33.747811,-84.390202
7/3/18 8:38,Georgia Tech Police Department,Fulton,Atlanta,State St,Tenth St and State St,(O) No Injury,Not a Collision with Motor Vehicle,,"[""Intersection Related"",""Bicycle""]",0,0,0,0,2,"[""Failure to Yield"",""No Contributing Factors""]",,Clear,Dry,Daylight,33.781512,-84.399166
11/26/18 12:40,Atlanta Police Department,Fulton,Atlanta,Armstrong St Se   Piedmont Ave,Piedmont Ave and Armstrong St Se   Piedmont Ave,(O) No Injury,Not a Collision with Motor Vehicle,,"[""Intersection Related"",""Distracted Driver (Confirmed)"",""Hit & Run"",""Pedestrian""]",0,0,0,0,1,,,Clear,Dry,Daylight,33.753568,-84.383148
11/11/18 0:17,Atlanta Police Department,Fulton,Atlanta,Centennial Olympic P Dr Nw   Marietta St,Marietta St and Centennial Olympic P Dr Nw   Marietta St,(O) No Injury,Head On,,"[""Intersection Related"",""Pedestrian"",""Distracted Driver (Suspected)""]",0,0,0,0,1,,,Clear,Dry,Dark-Lighted,33.757868,-84.393552
8/28/18 15:52,Dekalb Co Police Department,DeKalb,Atlanta,Haygood Dr,Haygood Dr and Ridgewood Dr,(C) Possible Injury / Complaint,Not a Collision with Motor Vehicle,,"[""Intersection Related"",""Bicycle"",""Distracted Driver (Suspected)""]",0,0,0,1,1,"[""No Contributing Factors"",""No Contributing Factors""]",,Clear,Dry,Daylight,33.793477,-84.317532
9/18/18 19:21,Atlanta Police Department,Fulton,Atlanta,Peachtree St Ne   4Th St,4Th St and Peachtree St Ne   4Th St,(C) Possible Injury / Complaint,Angle (Other),,"[""Intersection Related"",""Older Driver (65+)"",""Pedestrian"",""Improper Occupant Protection""]",0,0,0,1,3,"[""Failure to Yield"",""No Contributing Factors"",""No Contributing Factors"",""No Contributing Factors""]",,Clear,Dry,Daylight,33.774905,-84.384649
8/1/18 18:25,Atlanta Police Department,Fulton,Atlanta,Bell St,Bell St and Auburn Ave,(O) No Injury,Not a Collision with Motor Vehicle,,"[""Intersection Related"",""Aggressive Driving"",""Hit & Run"",""Pedestrian""]",0,0,0,0,1,"[""Aggressive Driving"",""No Contributing Factors""]",,Rain,Wet,Dusk,33.755531,-84.37942
6/15/18 21:38,Atlanta Police Department,Fulton,Atlanta,Sardis Way Ne  Peachtree Rd,Peachtree Rd and Sardis Way Ne  Peachtree Rd,(C) Possible Injury / Complaint,Not a Collision with Motor Vehicle,,"[""Intersection Related"",""Pedestrian"",""Distracted Driver (Suspected)""]",0,0,0,1,1,"[""Driver Lost Control"",""No Contributing Factors""]",,Clear,Dry,Daylight,33.840302,-84.378728
10/24/17 16:54,Atlanta Police Department,Fulton,Atlanta,1418 Lockwood Dr,,(O) No Injury,Head On,,"[""Distracted Driver (Confirmed)"",""Pedestrian"",""Young Driver (Age 15-19)""]",0,0,0,0,1,"[""Inattentive or Other Distraction (Distracted)"",""No Contributing Factors""]",,Clear,Dry,Daylight,33.716583,-84.438815
7/13/17 10:15,Atlanta Police Department,Fulton,Atlanta,7Th St,7Th St and Juniper St,(O) No Injury,Angle (Other),,Pedestrian,0,0,0,0,1,"[""Failure to Yield"",""No Contributing Factors""]",,Clear,Dry,Daylight,33.777294,-84.383492
12/13/17 15:15,Atlanta Police Department,Fulton,Atlanta,Wood St,Wood St and Memorial Dr,(B) Suspected Minor/Visible Injury,Angle (Other),,"[""Intersection Related"",""Bicycle"",""Improper Occupant Protection""]",0,0,1,0,2,"[""Failure to Yield"",""No Contributing Factors""]",,Clear,Dry,Daylight,33.74676,-84.372523
10/17/17 15:35,Atlanta Police Department,Fulton,Atlanta,401 W Peachtree St Ne Peachtree Smt,Ivan Allen Blvd and 401 W Peachtree St Ne Peachtree Smt,(C) Possible Injury / Complaint,Not a Collision with Motor Vehicle,,"[""Intersection Related"",""Pedestrian""]",0,0,0,1,1,"[""Failure to Yield"",""No Contributing Factors""]",,Clear,Dry,Daylight,33.764793,-84.387477
5/4/17 21:48,Atlanta Police Department,Fulton,Atlanta,Seaboard Ave Ne   Moreland Ave,Moreland Ave and Seaboard Ave Ne   Moreland Ave,(O) No Injury,Rear End,,"[""Intersection Related"",""Hit & Run"",""Pedestrian"",""Distracted Driver (Suspected)"",""Older Driver (55-64)""]",0,0,0,0,3,"[""No Contributing Factors"",""No Contributing Factors"",""Other""]",,Rain,Wet,Dark-Not Lighted,33.758429,-84.349231
8/7/17 8:45,Atlanta Police Department,DeKalb,Atlanta,Oakdale Rd,N Ave and Oakdale Rd,(B) Suspected Minor/Visible Injury,Angle (Other),,"[""Intersection Related"",""Hit & Run"",""Pedestrian""]",0,0,1,1,2,"[""Failure to Yield"",""No Contributing Factors"",""No Contributing Factors""]",,Cloudy,Dry,Daylight,33.771186,-84.341618
11/6/17 16:14,Gsp Post 00,Fulton,Atlanta,Ivan Allen,Luckie St and Ivan Allen,(K) Fatal Injury,Angle (Other),,"[""Intersection Related"",""Aggressive Driving"",""Hit & Run"",""Pedestrian"",""Speed Related""]",1,0,0,0,1,"[""Disregard Stop Sign/Signal"",""No Contributing Factors""]",,Clear,Dry,Daylight,33.764604,-84.396258
6/26/17 8:35,Dekalb Co Police Department,DeKalb,Atlanta,Michael St,Clifton Rd and Michael St,(O) No Injury,Not a Collision with Motor Vehicle,,"[""Intersection Related"",""Bicycle""]",0,0,0,0,2,"[""Improper Turn"",""No Contributing Factors""]",,Clear,Dry,Daylight,33.795715,-84.321461
1/12/17 18:24,Atlanta Police Department,Fulton,Atlanta,Cherry St Nw   N Ave,N Ave and Cherry St Nw   N Ave,(C) Possible Injury / Complaint,Not a Collision with Motor Vehicle,,"[""Intersection Related"",""Distracted Driver (Confirmed)"",""Pedestrian"",""Young Adult Driver (Age 20-24)""]",0,0,0,1,1,"[""Inattentive or Other Distraction (Distracted)"",""No Contributing Factors""]",,Clear,Dry,Dark-Lighted,33.771399,-84.395528
10/20/17 16:18,Atlanta Police Department,Fulton,Atlanta,Martin L King Jr Dr,Peyton Pl and Martin L King Jr Dr,(C) Possible Injury / Complaint,Angle (Other),,"[""Intersection Related"",""Pedestrian""]",0,0,0,1,1,"[""Other"",""Other""]",,Clear,Dry,Daylight,33.754266,-84.476434
4/14/17 17:43,Atlanta Police Department,Fulton,Atlanta,Oakland Dr,Oakland Dr and Montreat Ave,(O) No Injury,Angle (Other),,"[""Intersection Related"",""Bicycle"",""Improper Occupant Protection""]",0,0,0,0,2,"[""Disregard Stop Sign/Signal"",""Failure to Yield""]",,Clear,Dry,Daylight,33.72967,-84.427247
11/18/17 23:43,Atlanta Police Department,Fulton,Atlanta,Peachtree St,Pine St and Peachtree St,(C) Possible Injury / Complaint,Not a Collision with Motor Vehicle,,"[""Hit & Run"",""Pedestrian"",""Distracted Driver (Suspected)""]",0,0,0,1,1,No Contributing Factors,,(None),Wet,Dark-Lighted,33.767113,-84.385411
8/12/17 17:25,Atlanta Police Department,Fulton,Atlanta,1087 Hobson St,,(O) No Injury,Not a Collision with Motor Vehicle,,"[""Pedestrian"",""Distracted Driver (Suspected)""]",0,0,0,0,1,"[""No Contributing Factors"",""Other""]",,Clear,Dry,Daylight,33.725245,-84.405448
7/9/17 13:45,Georgia Tech Police Department,Fulton,Atlanta,Fowler St,Eighth St and Fowler St,(O) No Injury,Not a Collision with Motor Vehicle,,"[""Distracted Driver (Confirmed)"",""Hit & Run"",""Pedestrian"",""Older Driver (55-64)""]",0,0,0,0,1,Inattentive or Other Distraction (Distracted),,Clear,Dry,Daylight,33.779328,-84.393597
10/4/17 8:15,Atlanta Police Department,Fulton,Atlanta,3092 Delmar Ln,,(C) Possible Injury / Complaint,(None),,"[""Intersection Related"",""Pedestrian""]",0,0,0,1,1,,,Clear,Dry,Daylight,33.755653,-84.488473
1/1/17 0:55,Atlanta Police Department,Fulton,Atlanta,N Highland Ave,Rosedale Dr and N Highland Ave,(A) Suspected Serious Injury,Not a Collision with Motor Vehicle,,"[""Intersection Related"",""Hit & Run"",""Pedestrian""]",0,1,0,0,1,,,Rain,Wet,Dark-Lighted,33.779804,-84.353369
10/21/17 20:34,Atlanta Police Department,Fulton,Atlanta,Northside Dr Sw   Mcdaniel St,Mcdaniel St and Northside Dr Sw   Mcdaniel St,(O) No Injury,Rear End,,"[""Intersection Related"",""Hit & Run"",""Pedestrian"",""Distracted Driver (Suspected)""]",0,0,0,0,3,"[""No Contributing Factors"",""No Contributing Factors"",""No Contributing Factors""]",,Clear,Dry,Dark-Lighted,33.746254,-84.406599
4/9/17 11:56,Atlanta Police Department,Fulton,Atlanta,Metropolitan Pkwy Sw S R 3,Casplan St and Metropolitan Pkwy Sw S R 3,(A) Suspected Serious Injury,Not a Collision with Motor Vehicle,,"[""Intersection Related"",""Distracted Driver (Confirmed)"",""Older Driver (65+)"",""Pedestrian""]",0,1,0,0,1,"[""Inattentive or Other Distraction (Distracted)"",""No Contributing Factors""]",,Clear,Dry,Daylight,33.707278,-84.407935
4/21/17 9:07,Atlanta Police Department,Fulton,Atlanta,8Th St,8Th St and Northside Dr,(O) No Injury,Not a Collision with Motor Vehicle,,"[""Intersection Related"",""Pedestrian""]",0,0,0,0,1,"[""Failure to Yield"",""No Contributing Factors""]",,Clear,Dry,Daylight,33.779642,-84.407706
1/11/17 13:08,Atlanta Police Department,Fulton,Atlanta,2333 Peachtree Rd,Peachtree Rd and 2333 Peachtree Rd,(C) Possible Injury / Complaint,Not a Collision with Motor Vehicle,,"[""Pedestrian"",""Distracted Driver (Suspected)""]",0,0,0,1,1,"[""No Contributing Factors"",""Other""]",,Cloudy,Dry,Daylight,33.818655,-84.38876
11/28/17 17:20,Atlanta Police Department,Fulton,Atlanta,Northside Dr,10Th St and Northside Dr,(O) No Injury,Head On,,"[""Intersection Related"",""Pedestrian"",""Distracted Driver (Suspected)""]",0,0,0,0,1,"[""No Contributing Factors"",""Other""]",,Clear,Dry,Daylight,33.781665,-84.407476
5/12/17 14:05,Atlanta Police Department,Fulton,Atlanta,Centennial Olympic P Dr Nw   Marietta St,Marietta St and Centennial Olympic P Dr Nw   Marietta St,(B) Suspected Minor/Visible Injury,Not a Collision with Motor Vehicle,,"[""Intersection Related"",""Distracted Driver (Confirmed)"",""Pedestrian""]",0,0,1,0,1,"[""Disregard Stop Sign/Signal"",""No Contributing Factors""]",,Clear,Dry,Daylight,33.757814,-84.393623
1/30/17 19:33,Atlanta Police Department,Fulton,Atlanta,Lenox Rd,Lenox Rd and Peachtree Rd,Unknown,Angle (Other),,"[""Intersection Related"",""Pedestrian"",""Young Adult Driver (Age 20-24)""]",0,0,0,0,1,"[""Failure to Yield"",""No Contributing Factors""]",,Clear,Dry,Daylight,33.850392,-84.361802
5/8/17 8:19,Atlanta Police Department,Fulton,Atlanta,Peyton Rd,Peyton Rd and James Jackson Pkwy,(B) Suspected Minor/Visible Injury,Not a Collision with Motor Vehicle,,"[""Intersection Related"",""Pedestrian""]",0,0,1,0,1,"[""Failure to Yield"",""No Contributing Factors""]",,Clear,Dry,Daylight,33.808029,-84.476001
4/24/17 18:20,Atlanta Police Department,Fulton,Atlanta,Mcdaniel St,Mary St and Mcdaniel St,(B) Suspected Minor/Visible Injury,Not a Collision with Motor Vehicle,,"[""Intersection Related"",""Bicycle"",""Distracted Driver (Suspected)"",""Improper Occupant Protection""]",0,0,1,0,2,"[""No Contributing Factors"",""No Contributing Factors""]",,Clear,Dry,Daylight,33.729316,-84.401626