Date and Time,Agency Name (Crash Level) ,Area: County,Area: City,Roadway (From Crash Report),Intersection Name (from Crash Report),KABCO Severity,Manner of Collision (Crash Level) ,First Harmful Event (Crash Level) ,SHSP Emphasis Areas,# of Fatalities (Person Table),# Serious Injuries,# Visible Injuries,# Complaint Injuries,# of Vehicles,Operator / Driver Contributing Factor -old,Roadway Contributing Factors (Crash Level) ,Weather Conditions (Crash Level),Surface Condition (Crash Level) ,Light Conditions (Crash Level),Latitude ,Longitude
2/25/18 18:58,Atlanta Police Department,Fulton,Atlanta,1175 Ralph D Abernathy Blvd,,(O) No Injury,Not a Collision with Motor Vehicle,,"[""Intersection Related"",""Hit & Run"",""Pedestrian"",""Distracted Driver (Suspected)"",""Improper Occupant Protection""]",0,0,0,0,1,No Contributing Factors,,Clear,Dry,Daylight,33.738523,-84.426346
10/18/18 12:49,Atlanta Police Department,Fulton,Atlanta,1050 Howell Mill Rd,,(O) No Injury,Not a Collision with Motor Vehicle,,"[""Distracted Driver (Confirmed)"",""Pedestrian""]",0,0,0,0,1,"[""Inattentive or Other Distraction (Distracted)"",""No Contributing Factors""]",,Cloudy,Dry,Daylight,33.783269,-84.411743
12/20/18 17:34,Atlanta Police Department,Fulton,Atlanta,W Peachtree St,Peachtree Pl and W Peachtree St,Unknown,Not a Collision with Motor Vehicle,,"[""Intersection Related"",""Pedestrian""]",0,0,0,0,1,,,Rain,Wet,Dark-Lighted,33.780722,-84.387506
9/15/18 10:55,Atlanta Police Department,Fulton,Atlanta,Joseph E Lowery Blvd Nw   Donald Lee Hol Pkwy,Donald Lee Hollowell Pkwy and Joseph E Lowery Blvd Nw   Donald Lee Hol Pkwy,Unknown,Not a Collision with Motor Vehicle,,"[""Intersection Related"",""Pedestrian""]",0,0,0,0,1,"[""No Contributing Factors"",""Vision Obscured""]",,Clear,Dry,Daylight,33.773042,-84.417359
7/17/18 18:07,Atlanta Police Department,Fulton,Atlanta,Mcdaniel St Sw   Roy St,Roy St and Mcdaniel St Sw   Roy St,(O) No Injury,Angle (Other),,"[""Intersection Related"",""Pedestrian""]",0,0,0,0,1,"[""Failure to Yield"",""No Contributing Factors""]",,Clear,Dry,Daylight,33.724242,-84.401642
8/20/18 19:57,Atlanta Police Department,Fulton,Atlanta,3102 Martin L King Jr Dr,,(O) No Injury,Not a Collision with Motor Vehicle,,"[""Pedestrian"",""Distracted Driver (Suspected)""]",0,0,0,0,1,"[""Changed Lanes Improperly"",""Other""]",,Clear,Dry,Daylight,33.750983,-84.488109
10/16/18 19:09,Atlanta Police Department,Fulton,Atlanta,187 James P Brawley Dr,,(O) No Injury,Not a Collision with Motor Vehicle,,"[""Intersection Related"",""Older Driver (65+)"",""Pedestrian"",""Distracted Driver (Suspected)""]",0,0,0,0,1,"[""No Contributing Factors"",""Other""]",,Clear,Dry,Daylight,33.759823,-84.412667
3/8/18 9:29,Atlanta Police Department,Fulton,Atlanta,970 Spring St,10 St and 970 Spring St,(O) No Injury,Angle (Other),,"[""Intersection Related"",""Hit & Run"",""Pedestrian""]",0,0,0,0,1,No Contributing Factors,,Clear,Dry,Daylight,33.781497,-84.389167
6/16/18 14:20,Atlanta Police Department,Fulton,Atlanta,230 John Wesley Dobbs Ave,Jesse Hill Junior Dr and 230 John Wesley Dobbs Ave,(O) No Injury,Not a Collision with Motor Vehicle,,"[""Pedestrian"",""Secondary Crash"",""Distracted Driver (Suspected)""]",0,0,0,0,1,,,Clear,Dry,Daylight,33.757412,-84.380248
3/2/18 23:32,Atlanta Police Department,Fulton,Atlanta,I 20,I 20 and Capitol Ave,(K) Fatal Injury,Not a Collision with Motor Vehicle,,"[""Pedestrian"",""Distracted Driver (Suspected)""]",1,0,0,0,4,"[""No Contributing Factors"",""No Contributing Factors"",""No Contributing Factors"",""No Contributing Factors"",""Other""]",,Clear,Dry,Dark-Lighted,33.743309,-84.382986
6/19/18 14:07,Atlanta Police Department,Fulton,Atlanta,375 18Th St,,Unknown,Not a Collision with Motor Vehicle,,"[""Intersection Related"",""Pedestrian"",""Distracted Driver (Suspected)""]",0,0,0,0,1,"[""No Contributing Factors"",""Other""]",,Clear,Dry,Daylight,33.792343,-84.398889
9/15/18 13:06,Atlanta Police Department,Fulton,Atlanta,Spring St,8Th St and Spring St,Unknown,Not a Collision with Motor Vehicle,,"[""Intersection Related"",""Pedestrian""]",0,0,0,0,1,"[""Failure to Yield"",""No Contributing Factors""]",,Clear,Dry,Daylight,33.779493,-84.388808
12/20/18 8:05,Atlanta Police Department,Fulton,Atlanta,Memorial Dr,Memorial Dr and Whitehall St,(O) No Injury,Not a Collision with Motor Vehicle,,"[""Intersection Related"",""Pedestrian"",""Distracted Driver (Suspected)""]",0,0,0,0,1,,,Rain,Wet,Daylight,33.746992,-84.396841
1/12/18 12:58,Atlanta Police Department,Fulton,Atlanta,John Wesley Dobbs Ave Ne Jessie Hill Jr Dr,Jessie Hill Jr Dr and John Wesley Dobbs Ave Ne Jessie Hill Jr Dr,(O) No Injury,(None),,Pedestrian,0,0,0,0,1,No Contributing Factors,,Rain,Wet,Daylight,33.757412,-84.380248
11/19/18 23:13,Atlanta Police Department,Fulton,Atlanta,N Ave,N Ave and Parkway Dr,(O) No Injury,Angle (Other),,"[""Intersection Related"",""Pedestrian"",""Young Adult Driver (Age 20-24)""]",0,0,0,0,1,"[""Failure to Yield"",""No Contributing Factors""]",,Clear,Dry,Dark-Lighted,33.77118,-84.372776
7/13/18 9:06,Atlanta Police Department,Fulton,Atlanta,John Portman Blvd Nw   Ted Turner Dr,Ted Turner Dr and John Portman Blvd Nw   Ted Turner Dr,(O) No Injury,Not a Collision with Motor Vehicle,,"[""Intersection Related"",""Older Driver (65+)"",""Pedestrian"",""Distracted Driver (Suspected)""]",0,0,0,0,1,"[""No Contributing Factors"",""Other""]",,Clear,Dry,Daylight,33.760987,-84.389382
11/18/18 17:25,Atlanta Police Department,Fulton,Atlanta,Peachtree Rd,Stratford Rd and Peachtree Rd,(O) No Injury,Not a Collision with Motor Vehicle,,Pedestrian,0,0,0,0,1,"[""Improper Turn"",""No Contributing Factors""]",,Clear,Dry,Daylight,33.849953,-84.357938
9/27/18 20:25,Atlanta Police Department,Fulton,Atlanta,Peachtree Rd,Rumson Rd and Peachtree Rd,(O) No Injury,Not a Collision with Motor Vehicle,,"[""Intersection Related"",""Older Driver (65+)"",""Pedestrian""]",0,0,0,0,1,"[""Failure to Yield"",""No Contributing Factors""]",,Cloudy,Dry,Dark-Not Lighted,33.831558,-84.385402
2/16/18 13:50,Atlanta Police Department,Fulton,Atlanta,Wall St,Wall St and Peachtree St,(O) No Injury,Not a Collision with Motor Vehicle,,"[""Intersection Related"",""Hit & Run"",""Pedestrian""]",0,0,0,0,1,Failure to Yield,,Clear,Dry,Daylight,33.753763,-84.390214
9/30/18 12:23,Atlanta Police Department,Fulton,Atlanta,Highland Dr,Highland Dr and Peachtree Rd,(B) Suspected Minor/Visible Injury,Angle (Other),,"[""Intersection Related"",""Bicycle"",""Improper Occupant Protection""]",0,0,1,0,2,"[""No Contributing Factors"",""Wrong Side of Road""]",,Cloudy,Dry,Daylight,33.844998,-84.368707
9/17/18 12:40,Georgia Tech Police Department,Fulton,Atlanta,Ferst Dr,Ferst Dr and Fowler St,(O) No Injury,Not a Collision with Motor Vehicle,,"[""Intersection Related"",""Roadway Departure"",""Bicycle""]",0,0,0,0,2,,,Clear,Dry,Daylight,33.776904,-84.393635
4/6/18 11:01,Atlanta Police Department,Fulton,Atlanta,821 Beckwith St,Milton St and 821 Beckwith St,(O) No Injury,Head On,,"[""Intersection Related"",""Pedestrian"",""Young Driver (Age 15-19)"",""Distracted Driver (Suspected)""]",0,0,0,0,1,Other,,Clear,Dry,Daylight,33.752166,-84.414477
4/6/18 16:03,Atlanta Police Department,Fulton,Atlanta,2653 Oldknow Dr,,(O) No Injury,Not a Collision with Motor Vehicle,,"[""Pedestrian"",""Impaired (Suspected)"",""Distracted Driver (Suspected)""]",0,0,0,0,1,Other,,Clear,Other,Daylight,33.771767,-84.474439
9/12/18 13:50,Georgia Tech Police Department,Fulton,Atlanta,Ferst Dr,State St and Ferst Dr,(O) No Injury,Not a Collision with Motor Vehicle,,"[""Intersection Related"",""Bicycle""]",0,0,0,0,2,,,Clear,Dry,Daylight,33.77827,-84.399127
12/26/18 13:03,Atlanta Police Department,Fulton,Atlanta,Peyton Rd,Peyton Rd and James Jackson Pkwy,(O) No Injury,Not a Collision with Motor Vehicle,,"[""Intersection Related"",""Hit & Run"",""Pedestrian""]",0,0,0,0,1,,,Clear,(None),Daylight,33.808049,-84.475936
1/2/18 9:00,Atlanta Police Department,Fulton,Atlanta,Collier Rd,Anjaco Rd and Collier Rd,(C) Possible Injury / Complaint,Not a Collision with Motor Vehicle,,"[""Intersection Related"",""Pedestrian"",""Distracted Driver (Suspected)""]",0,0,0,1,1,"[""Disregard Police - Traffic Control"",""No Contributing Factors""]",,Clear,Dry,Daylight,33.807935,-84.396339
1/26/19 16:20,Atlanta Police Department,Fulton,Atlanta,3901 Campbellton Rd,,(B) Suspected Minor/Visible Injury,Angle (Other),,"[""Pedestrian"",""Young Driver (Age 15-19)""]",0,0,2,1,2,,,Clear,Dry,Daylight,33.69124,-84.514514
7/8/19 10:39,Atlanta Police Department,Fulton,Atlanta,2333 Peachtree Rd,Peachtree and 2333 Peachtree Rd,(C) Possible Injury / Complaint,Angle (Other),,"[""Roadway Departure"",""Older Driver (65+)"",""Pedestrian"",""Improper Occupant Protection""]",0,0,0,1,1,"[""Other"",""Other""]",,Cloudy,Dry,Daylight,33.829514,-84.386746
3/4/19 14:55,Atlanta Police Department,Fulton,Atlanta,Ivan Allen Jr Blvd,Ted Turner Dr and Ivan Allen Jr Blvd,(O) No Injury,Not a Collision with Motor Vehicle,,"[""Roadway Departure"",""Hit & Run"",""Pedestrian""]",0,0,0,0,1,,,Clear,Dry,Daylight,33.765156,-84.38897
5/29/19 17:13,Atlanta Police Department,Fulton,Atlanta,Courtland St,Ellis St and Courtland St,(O) No Injury,Angle (Other),,"[""Intersection Related"",""Older Driver (65+)"",""Pedestrian""]",0,0,0,0,1,"[""Failure to Yield"",""No Contributing Factors""]",,Clear,Dry,Daylight,33.758384,-84.38422
4/9/19 17:04,Atlanta Police Department,Fulton,Atlanta,369 Mcdaniel St,,(O) No Injury,Angle (Other),,"[""Hit & Run"",""Pedestrian"",""Secondary Crash""]",0,0,0,0,1,"[""Other"",""Other""]",,Rain,Dry,Daylight,33.745106,-84.405145
1/8/19 19:42,Atlanta Police Department,Fulton,Atlanta,3820 Roswell Rd,,(O) No Injury,Not a Collision with Motor Vehicle,,"[""Pedestrian"",""Distracted Driver (Suspected)""]",0,0,0,0,1,"[""No Contributing Factors"",""Other""]",,Cloudy,Dry,Dark-Lighted,33.85896,-84.380779
9/18/19 10:46,Atlanta Police Department,DeKalb,Atlanta,1988 Flat Shoals Rd,,(O) No Injury,Not a Collision with Motor Vehicle,,"[""Hit & Run"",""Pedestrian"",""Older Driver (55-64)""]",0,0,0,0,1,"[""Disregard Stop Sign/Signal"",""No Contributing Factors""]",,Clear,Dry,Daylight,33.726384,-84.322596
7/15/19 6:02,Atlanta Police Department,Fulton,Atlanta,981 Moreland Dr,,Unknown,Not a Collision with Motor Vehicle,,"[""Pedestrian"",""Distracted Driver (Suspected)""]",0,0,0,0,1,,,Clear,Dry,Dark-Not Lighted,33.708968,-84.356884
9/22/19 17:39,Atlanta Police Department,Fulton,Atlanta,935 Peachtree,10Th St and 935 Peachtree,(O) No Injury,Sideswipe-Same Direction,,"[""Intersection Related"",""Bicycle""]",0,0,0,0,2,"[""Misjudged Clearance"",""Misjudged Clearance""]",,Clear,Dry,Daylight,33.781705,-84.384006
9/24/19 12:02,Atlanta Police Department,Fulton,Atlanta,Edgewood Ave Ne   Park Pl,Park Pl and Edgewood Ave Ne   Park Pl,(O) No Injury,Not a Collision with Motor Vehicle,,"[""Intersection Related"",""Pedestrian"",""Young Driver (Age 15-19)"",""Distracted Driver (Suspected)""]",0,0,0,0,1,,,Clear,Dry,Daylight,33.754504,-84.388525
8/1/19 5:56,Atlanta Police Department,Fulton,Atlanta,Jesse Hill Jr Dr Ne   John Wesley Dobbs Ave,John Wesley Dobbs Ave and Jesse Hill Jr Dr Ne   John Wesley Dobbs Ave,(O) No Injury,Head On,,"[""Distracted Driver (Confirmed)"",""Hit & Run"",""Pedestrian""]",0,0,0,0,1,,,Clear,Dry,Dark-Lighted,33.75741,-84.380256
5/28/19 15:37,Atlanta Police Department,Fulton,Atlanta,737 Ponce De Leon Ave,,(C) Possible Injury / Complaint,Not a Collision with Motor Vehicle,,"[""Roadway Departure"",""Bicycle"",""Distracted Driver (Suspected)"",""Improper Occupant Protection""]",0,0,0,1,2,"[""No Contributing Factors"",""Other""]",,Clear,Dry,Daylight,33.773474,-84.362886
11/26/19 23:16,Atlanta Police Department,DeKalb,Atlanta,Flat Shoals Ave,Glenwood Ave and Flat Shoals Ave,(O) No Injury,Head On,,"[""Intersection Related"",""Hit & Run"",""Pedestrian"",""Impaired Driving (Confirmed)""]",0,0,0,0,1,"[""Disregard Stop Sign/Signal"",""No Contributing Factors"",""No Contributing Factors""]",,Cloudy,Dry,Dark-Lighted,33.740141,-84.345357
5/18/19 3:05,Dekalb Co Police Department,Fulton,Atlanta,S River Industrial,Moreland Ave and S River Industrial,(O) No Injury,Not a Collision with Motor Vehicle,,"[""Pedestrian"",""Older Driver (55-64)"",""Improper Occupant Protection""]",0,0,0,0,1,"[""Failure to Yield"",""No Contributing Factors""]",,Clear,Dry,Dark-Lighted,33.682958,-84.349266
4/27/19 17:46,Atlanta Police Department,Fulton,Atlanta,Flat Shoals Ave Se   Memorial Dr,Memorial Dr and Flat Shoals Ave Se   Memorial Dr,(O) No Injury,Not a Collision with Motor Vehicle,,"[""Intersection Related"",""Older Driver (65+)"",""Pedestrian"",""Distracted Driver (Suspected)""]",0,0,0,0,1,,,Clear,Dry,Daylight,33.747352,-84.350405
4/10/19 14:54,Gsp Post 00,Fulton,Atlanta,Blvd,,(B) Suspected Minor/Visible Injury,Angle (Other),,"[""Intersection Related"",""Older Driver (65+)"",""Pedestrian""]",0,0,1,0,1,,,Clear,Dry,Daylight,33.736814,-84.368213
8/28/19 18:36,Atlanta Police Department,Fulton,Atlanta,1980 Turner Rd,Isa and 1980 Turner Rd,(O) No Injury,Head On,,"[""Hit & Run"",""Pedestrian"",""Distracted Driver (Suspected)""]",0,0,0,0,1,"[""No Contributing Factors"",""No Contributing Factors"",""No Contributing Factors""]",,Clear,Dry,Daylight,33.699784,-84.354996
1/26/19 19:42,Atlanta Police Department,DeKalb,Atlanta,1668 Eastland Rd,,(O) No Injury,Not a Collision with Motor Vehicle,,"[""Intersection Related"",""Hit & Run"",""Pedestrian""]",0,0,0,0,1,,,Clear,Dry,Dark-Not Lighted,33.718631,-84.329935
3/15/19 7:24,Atlanta Police Department,Fulton,Atlanta,Metropolitan Pkwy Sw   Lynnhaven Dr,Lynnhaven Dr and Metropolitan Pkwy Sw   Lynnhaven Dr,(O) No Injury,Not a Collision with Motor Vehicle,,"[""Intersection Related"",""Pedestrian"",""Distracted Driver (Suspected)""]",0,0,0,0,1,,,Rain,Wet,Dark-Lighted,33.716197,-84.407887
5/18/19 0:22,Atlanta Police Department,Fulton,Atlanta,Ponce De Leon Ave,N Highland Ave and Ponce De Leon Ave,(O) No Injury,Sideswipe-Opposite Direction,,"[""Intersection Related"",""Pedestrian"",""Young Adult Driver (Age 20-24)""]",0,0,0,0,1,,,Clear,Dry,Dark-Lighted,33.773833,-84.352517
6/22/19 10:49,Atlanta Police Department,Fulton,Atlanta,14Th St,14Th St and Juniper St,(O) No Injury,Not a Collision with Motor Vehicle,,"[""Hit & Run"",""Pedestrian"",""Distracted Driver (Suspected)""]",0,0,0,0,1,"[""No Contributing Factors"",""Other""]",,Clear,Dry,Daylight,33.786488,-84.381196
7/26/19 18:56,Atlanta Police Department,Fulton,Atlanta,Rockwell St,Rockwell St and Humphries St,(O) No Injury,Not a Collision with Motor Vehicle,,"[""Hit & Run"",""Pedestrian"",""Distracted Driver (Suspected)"",""Improper Occupant Protection""]",0,0,0,0,1,"[""No Contributing Factors"",""Other""]",,Clear,Dry,Daylight,33.731931,-84.405406
6/14/19 8:09,Atlanta Police Department,Fulton,Atlanta,N Ave Nw   Luckie St,Luckie St and N Ave Nw   Luckie St,(O) No Injury,Not a Collision with Motor Vehicle,,"[""Intersection Related"",""Distracted Driver (Confirmed)"",""Pedestrian""]",0,0,0,0,1,,,Clear,Dry,Daylight,33.771343,-84.396121
4/9/19 15:43,Atlanta Police Department,Fulton,Atlanta,N Ave Nw   W Peachtree St,W Peachtree St and N Ave Nw   W Peachtree St,(O) No Injury,Not a Collision with Motor Vehicle,,"[""Intersection Related"",""Pedestrian""]",0,0,0,0,1,,,Cloudy,Dry,Daylight,33.771176,-84.387422
8/10/19 13:50,Atlanta Police Department,Fulton,Atlanta,Moreland Ave,Custer Ave and Moreland Ave,(O) No Injury,Angle (Other),,"[""Intersection Related"",""Motorcycle"",""Pedestrian"",""Young Adult Driver (Age 20-24)""]",0,0,0,0,1,,,Clear,Dry,Daylight,33.715507,-84.349526
7/14/19 2:05,Atlanta Police Department,Fulton,Atlanta,3214 Peachtree Rd,,(O) No Injury,Not a Collision with Motor Vehicle,,"[""Intersection Related"",""Hit & Run"",""Pedestrian"",""Impaired Driving (Confirmed)""]",0,0,0,0,1,,,Clear,Dry,Dark-Lighted,33.841884,-84.374188
1/23/19 20:54,Atlanta Police Department,Fulton,Atlanta,Peachtree St,3Rd St and Peachtree St,(O) No Injury,Not a Collision with Motor Vehicle,,"[""Intersection Related"",""Pedestrian"",""Impaired (Suspected)""]",0,0,0,0,1,,,Rain,Wet,Dark-Lighted,33.773671,-84.384775
11/8/19 1:21,Atlanta Police Department,Fulton,Atlanta,1550 Stokes Ave,,(O) No Injury,Not a Collision with Motor Vehicle,,"[""Hit & Run"",""Pedestrian"",""Distracted Driver (Suspected)""]",0,0,0,0,1,"[""No Contributing Factors"",""Other""]",,Cloudy,Wet,Dark-Lighted,33.740694,-84.438276
3/22/19 16:53,Atlanta Police Department,Fulton,Atlanta,841 Kings Grant Dr,Wpeek Dr and 841 Kings Grant Dr,(O) No Injury,Not a Collision with Motor Vehicle,,"[""Hit & Run"",""Pedestrian"",""Distracted Driver (Suspected)""]",0,0,0,0,1,"[""No Contributing Factors"",""Other""]",,Clear,Dry,Daylight,33.777404,-84.483126
7/9/19 19:04,Atlanta Police Department,Fulton,Atlanta,Blvd,Blvd and Memorial Dr,(O) No Injury,Head On,,"[""Intersection Related"",""Pedestrian""]",0,0,0,0,1,,,Clear,Dry,Daylight,33.746692,-84.368105
8/23/19 23:40,Atlanta Police Department,Fulton,Atlanta,Oakland Dr Sw   Campbellton Rd,Campbellton Rd and Oakland Dr Sw   Campbellton Rd,(O) No Injury,Not a Collision with Motor Vehicle,,"[""Intersection Related"",""Hit & Run"",""Pedestrian"",""Distracted Driver (Suspected)""]",0,0,0,0,1,,,Clear,Dry,Dark-Lighted,33.717599,-84.427448
11/5/19 17:43,Atlanta Police Department,Fulton,Atlanta,W Peachtree St,17Th St and W Peachtree St,(O) No Injury,Angle (Other),,"[""Intersection Related"",""Pedestrian"",""Older Driver (55-64)""]",0,0,0,0,1,"[""Failure to Yield"",""No Contributing Factors""]",,Clear,Dry,Daylight,33.791834,-84.387768
8/29/19 9:16,Atlanta Police Department,Fulton,Atlanta,Highland Ave,Jackson St and Highland Ave,(O) No Injury,Not a Collision with Motor Vehicle,,"[""Distracted Driver (Confirmed)"",""Hit & Run"",""Pedestrian""]",0,0,0,0,1,"[""No Contributing Factors"",""Other Activity - Mobile Device (Distracted)""]",,Clear,Dry,Daylight,33.761054,-84.375876
5/8/19 22:49,Atlanta Police Department,Fulton,Atlanta,Northside Dr,Northside Dr and Martin L King Jr Dr,Unknown,Not a Collision with Motor Vehicle,,"[""Intersection Related"",""Pedestrian"",""Young Adult Driver (Age 20-24)"",""Distracted Driver (Suspected)""]",0,0,0,0,1,,,Clear,Dry,Dark-Lighted,33.754553,-84.402819
3/30/19 1:24,Atlanta Police Department,Fulton,Atlanta,3660 Martin L King Jr Dr,Adamsville Dr and 3660 Martin L King Jr Dr,(O) No Injury,Angle (Other),,Pedestrian,0,0,0,0,1,"[""No Contributing Factors"",""Other""]",,Clear,Dry,Dawn,33.762164,-84.508646
9/15/19 19:49,Atlanta Police Department,Fulton,Atlanta,2381 Jonesboro Rd,Forest Park Dr and 2381 Jonesboro Rd,(O) No Injury,Not a Collision with Motor Vehicle,,"[""Pedestrian"",""Older Driver (55-64)""]",0,0,0,0,1,"[""Failure to Yield"",""No Contributing Factors""]",,Clear,Dry,Dark-Lighted,33.689434,-84.364436
8/8/19 9:58,Atlanta Police Department,Fulton,Atlanta,1992 Donald Lee Hollowell Pkwy,Hollywood Rd and 1992 Donald Lee Hollowell Pkwy,Unknown,Not a Collision with Motor Vehicle,,"[""Intersection Related"",""Pedestrian"",""Impaired (Suspected)"",""Distracted Driver (Suspected)""]",0,0,0,0,1,"[""No Contributing Factors"",""Other""]",,Clear,Dry,Daylight,33.776404,-84.450046
1/12/19 1:24,Atlanta Police Department,Fulton,Atlanta,Roswell Rd,Roswell Rd and E Andrews Dr,(O) No Injury,Not a Collision with Motor Vehicle,,"[""Hit & Run"",""Pedestrian"",""Distracted Driver (Suspected)""]",0,0,0,0,1,,,Clear,Dry,Dark-Lighted,33.843171,-84.379131
7/17/19 17:28,Atlanta Police Department,Fulton,Atlanta,Donald Lee Hollowell Pkwy Nw   James P B Dr,Donald Lee Hollowell Pkwy and Donald Lee Hollowell Pkwy Nw   James P B Dr,(O) No Injury,Not a Collision with Motor Vehicle,,"[""Intersection Related"",""Pedestrian"",""Distracted Driver (Suspected)""]",0,0,0,0,1,,,Cloudy,Dry,Daylight,33.77305,-84.412431
5/26/19 12:38,Atlanta Police Department,Fulton,Atlanta,Fort St,Fort St and Edgewood Ave,(O) No Injury,Angle (Other),,"[""Hit & Run"",""Pedestrian""]",0,0,0,0,1,,,Clear,Dry,Daylight,33.754368,-84.378052
6/27/19 13:09,Atlanta Police Department,Fulton,Atlanta,2460 Martin L King Jr Dr,Hamilton E Holmes and 2460 Martin L King Jr Dr,(O) No Injury,Not a Collision with Motor Vehicle,,"[""Intersection Related"",""Pedestrian"",""Distracted Driver (Suspected)""]",0,0,0,0,1,"[""No Contributing Factors"",""Other""]",,Cloudy,Dry,Daylight,33.751957,-84.467766
1/23/19 15:29,Atlanta Police Department,Fulton,Atlanta,1560 Metropolitan Pkwy Sw Atlanta Area Tech,Deckner and 1560 Metropolitan Pkwy Sw Atlanta Area Tech,(O) No Injury,Angle (Other),,Pedestrian,0,0,0,0,1,,,Cloudy,Dry,Daylight,33.711976,-84.407941
12/12/19 18:38,Atlanta Police Department,Fulton,Atlanta,Cleveland Ave Sw  Old Hapeville Rd,Old Hapeville Rd and Cleveland Ave Sw  Old Hapeville Rd,Unknown,Head On,,"[""Intersection Related"",""Pedestrian"",""Distracted Driver (Suspected)""]",0,0,0,0,1,,,Rain,Wet,Dark-Lighted,33.681119,-84.393704
12/23/19 19:43,Atlanta Police Department,Fulton,Atlanta,Jonesboro Rd,Hutchens Rd and Jonesboro Rd,(O) No Injury,Not a Collision with Motor Vehicle,,"[""Intersection Related"",""Roadway Departure"",""Hit & Run"",""Older Driver (65+)"",""Pedestrian"",""Distracted Driver (Suspected)"",""Improper Occupant Protection""]",0,0,0,0,2,"[""No Contributing Factors"",""No Contributing Factors"",""Other""]",,Rain,Dry,Dark-Lighted,33.67189,-84.372369
9/27/19 20:20,Atlanta Police Department,Fulton,Atlanta,7Th St Ne   Juniper St,Juniper St and 7Th St Ne   Juniper St,(O) No Injury,(None),,"[""Intersection Related"",""Motorcycle"",""Pedestrian"",""Secondary Crash""]",0,0,0,0,1,,,Clear,Dry,Daylight,33.778421,-84.382737
3/6/19 11:34,Atlanta Police Department,Fulton,Atlanta,Ponce De Leon Ave,Frederica St and Ponce De Leon Ave,Unknown,Not a Collision with Motor Vehicle,,"[""Intersection Related"",""Pedestrian""]",0,0,0,0,1,,,Clear,Dry,Daylight,33.773824,-84.355596
5/11/19 23:03,Atlanta Police Department,Fulton,Atlanta,N Ave,N Ave and W Peachtree St,(O) No Injury,Not a Collision with Motor Vehicle,,"[""Intersection Related"",""Pedestrian"",""Distracted Driver (Suspected)""]",0,0,0,0,1,"[""No Contributing Factors"",""Other""]",,Rain,Wet,Dark-Lighted,33.771271,-84.387417
12/9/19 16:00,Atlanta Police Department,Fulton,Atlanta,Joseph E Lowery Blvd,,(O) No Injury,Not a Collision with Motor Vehicle,,"[""Distracted Driver (Confirmed)"",""Hit & Run"",""Motorcycle"",""Pedestrian""]",0,0,0,0,1,"[""Inattentive or Other Distraction (Distracted)"",""No Contributing Factors""]",,Clear,Dry,Daylight,33.736454,-84.418376
10/20/19 21:29,Atlanta Police Department,Fulton,Atlanta,Cleveland Ave Sw   Old Hapeville Rd,Old Hapeville Rd and Cleveland Ave Sw   Old Hapeville Rd,(C) Possible Injury / Complaint,Angle (Other),,"[""Intersection Related"",""Pedestrian"",""Young Adult Driver (Age 20-24)""]",0,0,0,1,2,,,Clear,Dry,Dark-Lighted,33.681119,-84.393704
6/6/19 12:36,Atlanta Police Department,Fulton,Atlanta,N Ave Nw   Joseph E Lowery Blvd,Joseph E Lowery Blvd and N Ave Nw   Joseph E Lowery Blvd,Unknown,Not a Collision with Motor Vehicle,,"[""Intersection Related"",""Pedestrian"",""Distracted Driver (Suspected)""]",0,0,0,0,1,,,Clear,Dry,Daylight,33.768908,-84.417419
6/15/19 5:41,Atlanta Police Department,Fulton,Atlanta,710 Mcdaniel St,Mcdaniel St and 710 Mcdaniel St,(A) Suspected Serious Injury,Not a Collision with Motor Vehicle,,"[""Intersection Related"",""Pedestrian"",""Impaired Driving (Confirmed)""]",0,1,0,0,1,,,Clear,Dry,Dark-Lighted,33.735523,-84.40164
9/24/19 9:40,Atlanta Police Department,Fulton,Atlanta,Peachtree St Sw   Mitchell St,Mitchell St and Peachtree St Sw   Mitchell St,Unknown,Head On,,"[""Intersection Related"",""Pedestrian""]",0,0,0,0,1,,,Clear,Dry,Daylight,33.750938,-84.393028
2/7/19 11:38,Atlanta Police Department,Fulton,Atlanta,Glen Iris Dr Ne   N Ave,N Ave and Glen Iris Dr Ne   N Ave,(O) No Injury,Not a Collision with Motor Vehicle,,"[""Intersection Related"",""Pedestrian""]",0,0,0,0,1,,,Clear,Dry,Daylight,33.771123,-84.367699
9/12/19 11:26,Atlanta Police Department,Fulton,Atlanta,Metropolitan Pkwy,Casplan St and Metropolitan Pkwy,(O) No Injury,Angle (Other),,"[""Distracted Driver (Confirmed)"",""Pedestrian""]",0,0,0,0,1,,,Clear,Dry,Daylight,33.71176,-84.407943
8/7/19 13:21,Atlanta Police Department,Fulton,Atlanta,Central Ave,Central Ave and Martin L King Jr Dr,(O) No Injury,Not a Collision with Motor Vehicle,,"[""Intersection Related"",""Hit & Run"",""Pedestrian""]",0,0,0,0,1,"[""Failure to Yield"",""No Contributing Factors""]",,Clear,Dry,Daylight,33.750786,-84.389871
7/18/19 7:39,Atlanta Police Department,Fulton,Atlanta,Piedmont Ave,10Th St and Piedmont Ave,(O) No Injury,Head On,,"[""Intersection Related"",""Pedestrian""]",0,0,0,0,1,,,Clear,Dry,Daylight,33.781782,-84.380462
8/3/19 3:27,Atlanta Police Department,Fulton,Atlanta,610 Spring St,N Ave and 610 Spring St,(O) No Injury,Not a Collision with Motor Vehicle,,"[""Intersection Related"",""Pedestrian"",""Distracted Driver (Suspected)""]",0,0,0,0,1,"[""No Contributing Factors"",""No Contributing Factors""]",,Clear,Dry,Dark-Lighted,33.771002,-84.388843
5/18/19 11:04,Atlanta Police Department,Fulton,Atlanta,1572 Langston Ave,,(O) No Injury,Not a Collision with Motor Vehicle,,Pedestrian,0,0,0,0,1,"[""Failure to Yield"",""No Contributing Factors""]",,Clear,Dry,Daylight,33.711852,-84.423426
9/23/19 19:25,Emory Police Department,DeKalb,Atlanta,1405 Haygood Dr Ne Rd,Andrews Cir and 1405 Haygood Dr Ne Rd,(B) Suspected Minor/Visible Injury,Not a Collision with Motor Vehicle,,"[""Roadway Departure"",""Bicycle"",""Impaired (Suspected)""]",0,0,1,0,1,,,Clear,Dry,Dusk,33.792496,-84.316017