Date and Time,Agency Name (Crash Level) ,Area: County,Area: City,Roadway (From Crash Report),Intersection Name (from Crash Report),KABCO Severity,Manner of Collision (Crash Level) ,First Harmful Event (Crash Level) ,SHSP Emphasis Areas,# of Fatalities (Person Table),# Serious Injuries,# Visible Injuries,# Complaint Injuries,# of Vehicles,Operator / Driver Contributing Factor -old,Roadway Contributing Factors (Crash Level) ,Weather Conditions (Crash Level),Surface Condition (Crash Level) ,Light Conditions (Crash Level),Latitude ,Longitude
11/16/19 13:02,Atlanta Police Department,Fulton,Atlanta,Terrace Dr,Terrace Dr and Peachtree Rd,(O) No Injury,Angle (Other),,"[""Intersection Related"",""Pedestrian""]",0,0,0,0,1,,,Clear,Dry,Daylight,33.821364,-84.387974
7/24/19 9:31,Atlanta Police Department,Fulton,Atlanta,3580 Campbellton Rd,,Unknown,Sideswipe-Same Direction,,"[""Intersection Related"",""Pedestrian""]",0,0,0,0,1,"[""Other"",""Other""]",,Clear,Dry,Daylight,33.689894,-84.505836
11/8/19 12:35,Gsp Post 00,Fulton,Atlanta,Bell St,Bell St and Auburn Ave,(O) No Injury,Sideswipe-Same Direction,,"[""Roadway Departure"",""Hit & Run"",""Pedestrian""]",0,0,0,0,0,"[""No Contributing Factors"",""No Contributing Factors"",""No Contributing Factors""]",,Cloudy,Dry,Daylight,33.747689,-84.388826
12/22/19 20:42,Atlanta Police Department,Fulton,Atlanta,Cleveland Ave,Macon Dr and Cleveland Ave,(O) No Injury,Not a Collision with Motor Vehicle,,"[""Intersection Related"",""Pedestrian""]",0,0,0,0,1,"[""Misjudged Clearance"",""No Contributing Factors""]",,Rain,Wet,Daylight,33.681103,-84.388756
5/28/19 13:16,Atlanta Police Department,Fulton,Atlanta,Martin L King Jr Dr,Fairburn Rd and Martin L King Jr Dr,(O) No Injury,Not a Collision with Motor Vehicle,,"[""Intersection Related"",""Hit & Run"",""Pedestrian"",""Distracted Driver (Suspected)"",""Improper Occupant Protection""]",0,0,0,0,1,No Contributing Factors,,Clear,Dry,Daylight,33.759604,-84.505455
4/20/19 13:54,Atlanta Police Department,Fulton,Atlanta,Piedmont Rd,Piedmont Rd and Lindbergh Dr,Unknown,Not a Collision with Motor Vehicle,,"[""Intersection Related"",""Pedestrian""]",0,0,0,0,1,,,Rain,Wet,Daylight,33.821441,-84.3675
7/7/19 11:54,Atlanta Police Department,Fulton,Atlanta,916 Estes Dr,Sylvan Rd and 916 Estes Dr,(O) No Injury,Head On,,"[""Intersection Related"",""Hit & Run"",""Pedestrian"",""Impaired (Suspected)"",""Distracted Driver (Suspected)""]",0,0,0,0,2,,,Clear,Dry,Daylight,33.698596,-84.418605
11/24/19 0:22,Atlanta Police Department,Fulton,Atlanta,Arthur Langford Pkwy,Sylvan Rd and Arthur Langford Pkwy,(B) Suspected Minor/Visible Injury,Rear End,,"[""Pedestrian"",""Secondary Crash"",""Young Adult Driver (Age 20-24)""]",0,0,1,0,2,,,Clear,Dry,Dark-Lighted,33.697899,-84.419755
5/1/19 8:06,Atlanta Police Department,Fulton,Atlanta,Howell Mill Rd,Beck St and Howell Mill Rd,(O) No Injury,Angle (Other),,"[""Intersection Related"",""Pedestrian""]",0,0,0,0,1,"[""No Contributing Factors"",""Other""]",,Clear,Dry,Daylight,33.806999,-84.412788
6/4/19 10:53,Gsp Post 00,Fulton,Atlanta,Edgewood Ave,,(C) Possible Injury / Complaint,Not a Collision with Motor Vehicle,,Pedestrian,0,0,0,1,1,"[""Failure to Yield"",""No Contributing Factors""]",,Clear,Dry,Daylight,33.75437,-84.378292
10/25/19 20:25,Atlanta Police Department,Fulton,Atlanta,Centennial Olympic P Dr,Luckie St and Centennial Olympic P Dr,(O) No Injury,Not a Collision with Motor Vehicle,,"[""Intersection Related"",""Pedestrian"",""Young Driver (Age 15-19)""]",0,0,0,0,1,"[""Failure to Yield"",""No Contributing Factors""]",,Cloudy,Dry,Dark-Lighted,33.759157,-84.392101
4/3/19 22:26,Atlanta Police Department,Fulton,Atlanta,17Th St,17Th St and W Peachtree St,(O) No Injury,Not a Collision with Motor Vehicle,,"[""Intersection Related"",""Pedestrian"",""Distracted Driver (Suspected)""]",0,0,0,0,1,,,Clear,Dry,Dark-Lighted,33.791859,-84.387768
7/19/19 14:10,Atlanta Police Department,Fulton,Atlanta,Peachtree Rd Ne   Sheridan Dr,Sheridan Dr and Peachtree Rd Ne   Sheridan Dr,(O) No Injury,Head On,,"[""Intersection Related"",""Pedestrian""]",0,0,0,0,1,,,Clear,Dry,Daylight,33.833176,-84.383714
1/26/19 13:44,Atlanta Police Department,Fulton,Atlanta,2564 Donald Lee Hollowell Pkwy,Woods Dr and 2564 Donald Lee Hollowell Pkwy,(A) Suspected Serious Injury,Angle (Other),,"[""Intersection Related"",""Pedestrian""]",0,1,0,0,2,,,Clear,Dry,Daylight,33.775478,-84.469216
3/19/19 15:55,Atlanta Police Department,Fulton,Atlanta,1968 Peachtree Rd Nw Piedmont Hospital,Brighton Rd and 1968 Peachtree Rd Nw Piedmont Hospital,(O) No Injury,Not a Collision with Motor Vehicle,,"[""Intersection Related"",""Pedestrian"",""Distracted Driver (Suspected)""]",0,0,0,0,1,,,Clear,Dry,Daylight,33.808357,-84.393561
8/22/19 22:26,Atlanta Police Department,Fulton,Atlanta,Cleveland Ave Sw   Macon Dr,Macon Dr and Cleveland Ave Sw   Macon Dr,(O) No Injury,Not a Collision with Motor Vehicle,,"[""Pedestrian"",""Distracted Driver (Suspected)""]",0,0,0,0,1,,,Clear,Dry,Dark-Lighted,33.681092,-84.388166
4/19/19 8:51,Atlanta Police Department,Fulton,Atlanta,Ponce De Leon Ave Ne   Peachtree St,Peachtree St and Ponce De Leon Ave Ne   Peachtree St,(O) No Injury,Not a Collision with Motor Vehicle,,"[""Intersection Related"",""Pedestrian""]",0,0,0,0,1,"[""Improper Turn"",""No Contributing Factors""]",,(None),Wet,Daylight,33.772251,-84.384911
7/25/19 23:45,Atlanta Police Department,Fulton,Atlanta,Donald Lee Hollowell Pkwy,Northside Dr and Donald Lee Hollowell Pkwy,(O) No Injury,Head On,,"[""Intersection Related"",""Pedestrian"",""Distracted Driver (Suspected)"",""Improper Occupant Protection""]",0,0,0,0,1,"[""No Contributing Factors"",""No Contributing Factors""]",,(None),Dry,Dark-Lighted,33.772914,-84.409866
12/18/19 9:25,Atlanta Police Department,Fulton,Atlanta,Memorial Dr,Chester Ave and Memorial Dr,(O) No Injury,Angle (Other),,"[""Intersection Related"",""Pedestrian""]",0,0,0,0,1,"[""Disregard Other Traffic Control"",""No Contributing Factors""]",,Clear,Dry,Daylight,33.746601,-84.359086
8/9/19 8:08,Atlanta Police Department,Fulton,Atlanta,University Ave,Pryor Rd and University Ave,Unknown,Not a Collision with Motor Vehicle,,"[""Roadway Departure"",""Bicycle"",""Impaired (Suspected)"",""Distracted Driver (Suspected)"",""Older Driver (55-64)"",""Improper Occupant Protection""]",0,0,0,0,2,,,Clear,Dry,Daylight,33.721361,-84.392185
1/17/19 5:31,Atlanta Police Department,Fulton,Atlanta,Peachtree Rd,Collier Rd and Peachtree Rd,(O) No Injury,Not a Collision with Motor Vehicle,,"[""Intersection Related"",""Pedestrian"",""Older Driver (55-64)""]",0,0,0,0,1,"[""Failure to Yield"",""No Contributing Factors""]",,Clear,Dry,Dark-Lighted,33.806704,-84.393889
9/27/19 7:47,Atlanta Police Department,Fulton,Atlanta,Blvd,Blvd and Ralph Mcgill Blvd,(O) No Injury,Angle (Other),,"[""Intersection Related"",""Pedestrian""]",0,0,0,0,1,,,Clear,Dry,Daylight,33.763945,-84.371958
10/9/19 17:02,Atlanta Police Department,Fulton,Atlanta,Caroline St,Caroline St and Moreland Ave,(O) No Injury,Head On,,"[""Intersection Related"",""Distracted Driver (Confirmed)"",""Pedestrian"",""Young Adult Driver (Age 20-24)""]",0,0,0,0,1,"[""Inattentive or Other Distraction (Distracted)"",""No Contributing Factors""]",,Clear,Dry,Daylight,33.758434,-84.349185
1/27/19 3:46,Atlanta Police Department,Fulton,Atlanta,1005 Lindbergh Dr,Lindridge Dr and 1005 Lindbergh Dr,(O) No Injury,Not a Collision with Motor Vehicle,,"[""Aggressive Driving"",""Hit & Run"",""Pedestrian"",""Young Adult Driver (Age 20-24)"",""Impaired (Suspected)""]",0,0,0,0,2,"[""Improper Passing"",""No Contributing Factors"",""No Contributing Factors""]",,Clear,Dry,Dark-Lighted,33.819224,-84.354916
1/23/19 16:35,Atlanta Police Department,Fulton,Atlanta,Whitehall Ter Sw   Fulton St,Fulton St and Whitehall Ter Sw   Fulton St,Unknown,Not a Collision with Motor Vehicle,,"[""Intersection Related"",""Pedestrian"",""Young Adult Driver (Age 20-24)"",""Distracted Driver (Suspected)""]",0,0,0,0,1,,,Clear,Dry,Dusk,33.74202,-84.401876
11/22/19 11:25,Atlanta Police Department,Fulton,Atlanta,236 Forsyth St,Brotherton St and 236 Forsyth St,(O) No Injury,Angle (Other),,"[""Intersection Related"",""Pedestrian"",""Older Driver (55-64)""]",0,0,0,0,1,,,Cloudy,Dry,Daylight,33.748375,-84.396877
11/14/19 9:13,Atlanta Police Department,Fulton,Atlanta,Peachtree Rd Ne   E Wesley Rd,E Wesley Rd and Peachtree Rd Ne   E Wesley Rd,(O) No Injury,Sideswipe-Same Direction,,"[""Intersection Related"",""Pedestrian""]",0,0,0,0,1,,,Clear,Dry,Daylight,33.828631,-84.387456
10/29/19 14:45,Atlanta Police Department,Fulton,Atlanta,564 Lee St,Oak St and 564 Lee St,(O) No Injury,Angle (Other),,"[""Older Driver (65+)"",""Pedestrian""]",0,0,0,0,1,"[""No Contributing Factors"",""Other""]",,Clear,Dry,Daylight,33.739554,-84.413796
6/27/19 0:41,Atlanta Police Department,Fulton,Atlanta,I 7585,I 7585 and John Lewis Freedom Pkwy,(O) No Injury,Head On,,"[""Pedestrian"",""Distracted Driver (Suspected)""]",0,0,0,0,1,,,Clear,Dry,Dark-Lighted,33.762953,-84.382503
3/11/19 18:56,Georgia Tech Police Department,Fulton,Atlanta,Hemphill Ave,Ninth St and Hemphill Ave,(O) No Injury,Not a Collision with Motor Vehicle,,"[""Intersection Related"",""Bicycle""]",0,0,0,0,2,"[""Failure to Yield"",""No Contributing Factors""]",,Clear,Dry,Daylight,33.78056,-84.403315
9/8/19 11:02,Atlanta Police Department,Fulton,Atlanta,3390 Fairburn Rd,,(O) No Injury,Angle (Other),,"[""Hit & Run"",""Pedestrian""]",0,0,0,0,2,"[""Misjudged Clearance"",""No Contributing Factors"",""No Contributing Factors""]",,Clear,Dry,Daylight,33.663994,-84.523765
10/6/19 1:39,Atlanta Police Department,Fulton,Atlanta,Randolph St Ne   John Wesley Dobbs Ave,John Wesley Dobbs Ave and Randolph St Ne   John Wesley Dobbs Ave,(O) No Injury,Not a Collision with Motor Vehicle,,"[""Intersection Related"",""Hit & Run"",""Pedestrian"",""Impaired (Suspected)"",""Distracted Driver (Suspected)""]",0,0,0,0,1,,,Clear,Dry,Dark-Lighted,33.759277,-84.367876
8/3/19 12:48,Atlanta Police Department,Fulton,Atlanta,810 Magnolia Way,,(O) No Injury,Head On,,"[""Intersection Related"",""Distracted Driver (Confirmed)"",""Hit & Run"",""Pedestrian"",""Improper Occupant Protection""]",0,0,0,0,1,,,Clear,Dry,Daylight,33.754729,-84.417543
8/29/19 10:24,Atlanta Police Department,Fulton,Atlanta,2025 Peachtree Rd,2025 Peachtree Rd and Brookwood Valley Cir,(O) No Injury,Not a Collision with Motor Vehicle,,Pedestrian,0,0,0,0,1,"[""Failure to Yield"",""No Contributing Factors""]",,Clear,Dry,Daylight,33.81046,-84.392689
3/28/19 0:12,Atlanta Police Department,Fulton,Atlanta,I 85,I 85 and Cleveland Ave,(O) No Injury,(None),,"[""Hit & Run"",""Pedestrian""]",0,0,0,0,1,,,(None),(None),Dark-Not Lighted,33.683437,-84.410192
4/7/19 13:49,Atlanta Police Department,Fulton,Atlanta,576 Commercial Ave,,Unknown,Head On,,"[""Roadway Departure"",""Distracted Driver (Confirmed)"",""Older Driver (65+)"",""Pedestrian""]",0,0,0,0,1,"[""Inattentive or Other Distraction (Distracted)"",""No Contributing Factors"",""No Contributing Factors""]",,Clear,Dry,Daylight,33.770914,-84.471626
1/16/19 20:32,Atlanta Police Department,Fulton,Atlanta,Martin Luther King Jr Dr,Lynhurst Dr and Martin Luther King Jr Dr,Unknown,Not a Collision with Motor Vehicle,,Pedestrian,0,0,0,0,1,"[""Disregard Other Traffic Control"",""Disregard Other Traffic Control"",""No Contributing Factors""]",,Clear,Dry,Dark-Lighted,33.752294,-84.490196
6/27/19 17:08,Atlanta Police Department,Fulton,Atlanta,Ponce De Leon Ave,Blvd and Ponce De Leon Ave,Unknown,Angle (Other),,"[""Intersection Related"",""Pedestrian""]",0,0,0,0,1,"[""Failure to Yield"",""Failure to Yield""]",,Clear,Dry,Daylight,33.773673,-84.37088
3/14/19 15:13,Atlanta Police Department,Fulton,Atlanta,Ivan Allen Jr Blvd Nw   Centennial Olymp Dr,Centennial Olympic P Dr and Ivan Allen Jr Blvd Nw   Centennial Olymp Dr,(O) No Injury,Angle (Other),,"[""Intersection Related"",""Older Driver (65+)"",""Pedestrian""]",0,0,0,0,1,,,Clear,Dry,Daylight,33.764582,-84.391939
4/14/19 12:50,Atlanta Police Department,DeKalb,Atlanta,1245 Caroline St,,(O) No Injury,Not a Collision with Motor Vehicle,,"[""Distracted Driver (Confirmed)"",""Pedestrian""]",0,0,0,0,1,"[""Inattentive or Other Distraction (Distracted)"",""No Contributing Factors""]",,Cloudy,Wet,Daylight,33.758449,-84.347685
8/15/19 18:22,Atlanta Police Department,Fulton,Atlanta,Crescent St,12Th St and Crescent St,(O) No Injury,Sideswipe-Same Direction,,"[""Intersection Related"",""Hit & Run"",""Pedestrian""]",0,0,0,0,1,,,Clear,Dry,Daylight,33.784442,-84.384352
7/6/19 4:40,Atlanta Police Department,Fulton,Atlanta,Moreland Ave,Sanders Ave and Moreland Ave,(O) No Injury,Not a Collision with Motor Vehicle,,"[""Intersection Related"",""Hit & Run"",""Pedestrian"",""Impaired (Suspected)""]",0,0,0,0,1,,,Rain,Wet,Dark-Not Lighted,33.742287,-84.349247
1/1/19 17:43,Atlanta Police Department,Fulton,Atlanta,3393 Peachtree Rd,,(O) No Injury,Not a Collision with Motor Vehicle,,"[""Hit & Run"",""Pedestrian""]",0,0,0,0,1,,,Cloudy,Dry,Daylight,33.849237,-84.363283
10/1/19 19:17,Atlanta Police Department,Fulton,Atlanta,Spring St,Spring St and Linden Ave,(O) No Injury,Angle (Other),,"[""Intersection Related"",""Roadway Departure"",""Pedestrian"",""Impaired Driving (Confirmed)""]",0,0,0,0,1,,,Clear,Dry,Dark-Lighted,33.770014,-84.388869
1/2/20 19:00,Atlanta Police Department,Fulton,Atlanta,Edgewood Ave,Jackson St and Edgewood Ave,(O) No Injury,Not a Collision with Motor Vehicle,,"[""Intersection Related"",""Hit & Run"",""Pedestrian""]",0,0,0,0,1,"[""Failure to Yield"",""No Contributing Factors""]",,Rain,Wet,Dark-Lighted,33.754293,-84.37215
4/7/20 20:25,Atlanta Police Department,Fulton,Atlanta,Peachtree Rd,Wieuca Rd and Peachtree Rd,(O) No Injury,Not a Collision with Motor Vehicle,,"[""Intersection Related"",""Pedestrian""]",0,0,0,0,1,,,Cloudy,Dry,Dark-Lighted,33.853664,-84.359532
5/26/20 17:19,Atlanta Police Department,Fulton,Atlanta,3067 Delmar Ln,,(O) No Injury,Head On,,"[""Hit & Run"",""Pedestrian""]",0,0,0,0,1,"[""Failure to Yield"",""Misjudged Clearance""]",,Cloudy,Dry,Daylight,33.755844,-84.487866
1/6/20 18:20,Atlanta Police Department,DeKalb,Atlanta,Eastland Rd Se   Bouldercrest Dr,Bouldercrest Dr and Eastland Rd Se   Bouldercrest Dr,(O) No Injury,Angle (Other),,"[""Intersection Related"",""Hit & Run"",""Older Driver (65+)"",""Pedestrian""]",0,0,0,0,1,"[""Failure to Yield"",""No Contributing Factors""]",,Clear,Dry,Dark-Lighted,33.718646,-84.329935
1/2/20 9:27,Atlanta Police Department,Fulton,Atlanta,Peachtree Rd Ne   Lenox Rd,Lenox Rd and Peachtree Rd Ne   Lenox Rd,(O) No Injury,Head On,,"[""Intersection Related"",""Pedestrian""]",0,0,0,0,1,"[""Failure to Yield"",""No Contributing Factors""]",,Rain,Wet,Daylight,33.850576,-84.36197
7/23/20 21:50,Atlanta Police Department,Fulton,Atlanta,Sargent Pl,Lindsey Dr and Sargent Pl,(O) No Injury,Angle (Other),,"[""Intersection Related"",""Bicycle"",""Improper Occupant Protection""]",0,0,0,0,2,,,Clear,Dry,Dark-Lighted,33.694674,-84.376703
1/8/20 19:38,Atlanta Police Department,Fulton,Atlanta,James Jackson Pkwy,Browntown Rd and James Jackson Pkwy,Unknown,Angle (Other),,"[""Pedestrian"",""Impaired Driving (Confirmed)""]",0,0,0,0,1,"[""Driver Lost Control"",""Under the Influence (U.I.)""]",,Clear,Dry,Dark-Lighted,33.804662,-84.475773
1/8/20 16:09,Georgia Tech Police Department,Fulton,Atlanta,Fourth St,Fowler St and Fourth St,(O) No Injury,Not a Collision with Motor Vehicle,,"[""Intersection Related"",""Pedestrian""]",0,0,0,0,1,"[""Failure to Yield"",""No Contributing Factors""]",,Clear,Dry,Daylight,33.775919,-84.393644
9/28/20 22:59,Atlanta Police Department,Fulton,Atlanta,Martin L King Jr Dr,Fairburn Rd and Martin L King Jr Dr,(O) No Injury,Not a Collision with Motor Vehicle,,"[""Hit & Run"",""Pedestrian"",""Impaired (Suspected)"",""Distracted Driver (Suspected)"",""Improper Occupant Protection""]",0,0,0,0,1,"[""Other"",""Other""]",,Rain,Wet,Dark-Lighted,33.760094,-84.504656
10/17/20 16:28,Atlanta Police Department,DeKalb,Atlanta,Moreland Ave Ne   Mclendon Ave,Mclendon Ave and Moreland Ave Ne   Mclendon Ave,(O) No Injury,Not a Collision with Motor Vehicle,,"[""Intersection Related"",""Pedestrian"",""Distracted Driver (Suspected)"",""Improper Occupant Protection""]",0,0,0,0,1,"[""No Contributing Factors"",""Other""]",,Clear,Dry,Daylight,33.764979,-84.34915
10/26/20 17:24,Atlanta Police Department,Fulton,Atlanta,265 Lawton St,,(O) No Injury,Not a Collision with Motor Vehicle,,"[""Pedestrian"",""Young Driver (Age 15-19)""]",0,0,0,0,1,"[""Failure to Yield"",""Other""]",,Clear,Dry,Daylight,33.747773,-84.42329
2/18/20 9:26,Gsp Post 00,Fulton,Atlanta,Washington St,Washington St and Martin Luther King Jr Dr,(A) Suspected Serious Injury,Head On,,"[""Pedestrian"",""Young Adult Driver (Age 20-24)""]",0,1,0,0,1,,,Rain,Wet,Daylight,33.749337,-84.389003
1/12/20 10:50,Atlanta Police Department,Fulton,Atlanta,Euclid Ave,Druid Cir and Euclid Ave,(O) No Injury,Not a Collision with Motor Vehicle,,"[""Intersection Related"",""Older Driver (65+)"",""Pedestrian"",""Distracted Driver (Suspected)""]",0,0,0,0,1,"[""Other"",""Other""]",,Clear,Dry,Daylight,33.756385,-84.358937
2/13/20 10:30,Atlanta Police Department,Fulton,Atlanta,Auburn Ave,Auburn Ave and Equitable Pl,(O) No Injury,Not a Collision with Motor Vehicle,,"[""Intersection Related"",""Hit & Run"",""Pedestrian"",""Distracted Driver (Suspected)""]",0,0,0,0,1,,,Cloudy,Wet,Daylight,33.755598,-84.387294
5/30/20 22:32,Atlanta Police Department,Fulton,Atlanta,Marietta,Marietta and Marietta St,(A) Suspected Serious Injury,Not a Collision with Motor Vehicle,,"[""Intersection Related"",""Aggressive Driving"",""Pedestrian"",""Impaired (Suspected)"",""Speed Related""]",0,1,0,0,1,,,Clear,Dry,Dark-Lighted,33.756922,-84.392768
11/30/20 16:49,Atlanta Police Department,Fulton,Atlanta,11Th St,11Th St and Juniper St,(O) No Injury,Angle (Other),,"[""Intersection Related"",""Pedestrian""]",0,0,0,0,1,,,Clear,Dry,Daylight,33.783024,-84.382351
3/1/20 13:55,Atlanta Police Department,Fulton,Atlanta,Martin Luther King Dr Sw   Lynhurst Rd,,(O) No Injury,Angle (Other),,"[""Intersection Related"",""Distracted Driver (Confirmed)"",""Pedestrian""]",0,0,0,0,1,,,Clear,Dry,Daylight,33.751545,-84.487977
9/30/20 22:28,Atlanta Police Department,Fulton,Atlanta,Baker Rd Nw   Hamilton E Holmes Dr,Hamilton E Holmes Dr and Baker Rd Nw   Hamilton E Holmes Dr,(O) No Injury,Not a Collision with Motor Vehicle,,"[""Intersection Related"",""Aggressive Driving"",""Hit & Run"",""Pedestrian"",""Speed Related""]",0,0,0,0,1,"[""No Contributing Factors"",""Too Fast for Conditions""]",,Clear,Dry,Dark-Lighted,33.769131,-84.47194
1/3/20 19:25,Atlanta Police Department,Fulton,Atlanta,Windsor St,Windsor St and Richardson St,(O) No Injury,Angle (Other),,"[""Intersection Related"",""Pedestrian""]",0,0,0,0,1,"[""No Contributing Factors"",""No Contributing Factors""]",,Cloudy,Wet,Dark-Lighted,33.740767,-84.398286
10/4/20 19:46,Atlanta Police Department,Fulton,Atlanta,Mcdaniel St,Mcdaniel St and Ralph D Abernathy Blvd,(O) No Injury,Angle (Other),,"[""Intersection Related"",""Pedestrian""]",0,0,0,0,1,"[""Failure to Yield"",""No Contributing Factors""]",,Clear,Dry,Dark-Lighted,33.737014,-84.401647
1/27/20 15:22,Atlanta Police Department,Fulton,Atlanta,3626 Peachtree Rd,Wieuca Rd and 3626 Peachtree Rd,(O) No Injury,Not a Collision with Motor Vehicle,,Pedestrian,0,0,0,0,1,"[""Failure to Yield"",""No Contributing Factors""]",,Cloudy,Dry,Daylight,33.855294,-84.359786
9/7/20 14:08,Georgia Tech Police Department,Fulton,Atlanta,711 Techwood Drive,Bobby Dodd Way and 711 Techwood Drive,(O) No Injury,Sideswipe-Same Direction,,"[""Aggressive Driving"",""Bicycle""]",0,0,0,0,2,,,Clear,Dry,Daylight,33.774154,-84.391972
10/25/20 11:42,Atlanta Police Department,Fulton,Atlanta,1256 Ralph D Abernathy Blvd,Atwood St and 1256 Ralph D Abernathy Blvd,(O) No Injury,Head On,,"[""Hit & Run"",""Pedestrian"",""Impaired (Suspected)"",""Distracted Driver (Suspected)""]",0,0,0,0,1,"[""No Contributing Factors"",""Other""]",,Cloudy,Dry,Daylight,33.738494,-84.428896
10/16/20 21:03,Atlanta Police Department,Fulton,Atlanta,I 75,I 75 and Northside Dr,(K) Fatal Injury,Not a Collision with Motor Vehicle,,"[""Pedestrian"",""Young Adult Driver (Age 20-24)"",""Distracted Driver (Suspected)""]",1,0,0,0,1,"[""No Contributing Factors"",""Other""]",,Clear,Dry,Dark-Lighted,33.803064,-84.407796
11/11/20 15:26,Atlanta Police Department,Fulton,Atlanta,Northside Dr,8Th St and Northside Dr,(O) No Injury,Not a Collision with Motor Vehicle,,"[""Intersection Related"",""Hit & Run"",""Pedestrian""]",0,0,0,0,1,"[""Failure to Yield"",""No Contributing Factors""]",,Cloudy,Dry,Daylight,33.779628,-84.407451
4/30/20 13:43,Atlanta Police Department,Fulton,Atlanta,906 Ralph D Abernathy Blvd,,Unknown,Not a Collision with Motor Vehicle,,"[""Intersection Related"",""Older Driver (65+)"",""Pedestrian"",""Distracted Driver (Suspected)""]",0,0,0,0,1,"[""No Contributing Factors"",""No Contributing Factors""]",,Cloudy,Dry,Daylight,33.73805,-84.417368
7/17/20 5:57,Atlanta Police Department,Fulton,Atlanta,Ponce De Leon Ave,Kennesaw Ave and Ponce De Leon Ave,(O) No Injury,Head On,,"[""Intersection Related"",""Pedestrian"",""Young Adult Driver (Age 20-24)"",""Distracted Driver (Suspected)""]",0,0,0,0,1,,,Clear,Dry,Daylight,33.773848,-84.369785
10/28/20 20:08,Atlanta Police Department,Fulton,Atlanta,1511 Donald Lee Hollowell Pkwy,,(O) No Injury,Angle (Other),,Pedestrian,0,0,0,0,1,"[""Failure to Yield"",""No Contributing Factors""]",,Rain,Wet,Dark-Lighted,33.771864,-84.437246
10/25/20 4:32,Atlanta Police Department,Fulton,Atlanta,100 Auburn Ave Ne Herndon Plz,,(O) No Injury,Head On,,"[""Intersection Related"",""Hit & Run"",""Pedestrian"",""Distracted Driver (Suspected)""]",0,0,0,0,1,"[""Other"",""Other""]",,Rain,Wet,Dark-Lighted,33.755568,-84.383957
2/3/20 19:17,Atlanta Police Department,Fulton,Atlanta,1437 Campbellton Rd,,(O) No Injury,Angle (Other),,Pedestrian,0,0,0,0,1,"[""Improper Turn"",""No Contributing Factors""]",,Clear,Dry,Dark-Lighted,33.714294,-84.435516
10/30/20 19:56,Atlanta Police Department,Fulton,Atlanta,Bent Creek Way,Campbellton Rd and Bent Creek Way,(O) No Injury,Not a Collision with Motor Vehicle,,"[""Intersection Related"",""Pedestrian"",""Young Adult Driver (Age 20-24)"",""Distracted Driver (Suspected)""]",0,0,0,0,1,"[""No Contributing Factors"",""No Contributing Factors"",""Other""]",,Clear,Dry,Dark-Not Lighted,33.703773,-84.466683
4/30/20 22:03,Atlanta Police Department,Fulton,Atlanta,I 285,I 20 and I 285,(O) No Injury,Not a Collision with Motor Vehicle,,"[""Hit & Run"",""Pedestrian"",""Distracted Driver (Suspected)"",""Improper Occupant Protection""]",0,0,0,0,1,"[""No Contributing Factors"",""Other""]",,Clear,Dry,Dark-Lighted,33.764634,-84.493018
2/11/20 11:54,Atlanta Police Department,Fulton,Atlanta,3040 Piedmont Rd,Peachtree Dr and 3040 Piedmont Rd,(O) No Injury,Angle (Other),,"[""Intersection Related"",""Pedestrian""]",0,0,0,0,1,,,Clear,Dry,Daylight,33.843795,-84.371404
4/6/20 20:16,Atlanta Police Department,Fulton,Atlanta,2015 Baker Rd,Pelton Pl and 2015 Baker Rd,Unknown,Not a Collision with Motor Vehicle,,"[""Pedestrian"",""Distracted Driver (Suspected)""]",0,0,0,0,1,,,Clear,Dry,Dark-Lighted,33.769963,-84.452885
7/18/20 12:43,Atlanta Police Department,Fulton,Atlanta,Lenox Rd Ne   Peachtree Rd,Peachtree Rd and Lenox Rd Ne   Peachtree Rd,(O) No Injury,Angle (Other),,"[""Intersection Related"",""Hit & Run"",""Pedestrian""]",0,0,0,0,1,,,Clear,Dry,Daylight,33.850576,-84.36197
3/16/20 16:33,Atlanta Police Department,Fulton,Atlanta,2788 Defoors Ferry Rd Nw Defoors Ferry Mnr,Warren Rd and 2788 Defoors Ferry Rd Nw Defoors Ferry Mnr,(O) No Injury,Not a Collision with Motor Vehicle,,"[""Pedestrian"",""Distracted Driver (Suspected)""]",0,0,0,0,1,,,Cloudy,Dry,Daylight,33.821039,-84.447398
12/22/20 11:40,Atlanta Police Department,Fulton,Atlanta,Myrtle St,Myrtle St and Ponce De Leon Ave,(O) No Injury,Angle (Other),,"[""Intersection Related"",""Pedestrian""]",0,0,0,0,1,"[""Failure to Yield"",""No Contributing Factors""]",,Clear,Dry,Daylight,33.772577,-84.380256
8/29/20 23:35,Atlanta Police Department,Fulton,Atlanta,650 Glen Iris Dr,,(O) No Injury,Head On,,Pedestrian,0,0,0,0,1,"[""Misjudged Clearance"",""No Contributing Factors""]",,Clear,Dry,Dark-Lighted,33.772194,-84.367966
3/3/20 10:59,Atlanta Police Department,Fulton,Atlanta,Pratt St,Bell St and Pratt St,(O) No Injury,Not a Collision with Motor Vehicle,,"[""Intersection Related"",""Hit & Run"",""Pedestrian""]",0,0,0,0,1,,,Cloudy,Wet,Daylight,33.752785,-84.379834
7/19/20 0:13,Atlanta Police Department,Fulton,Atlanta,Ponce De Leon Ave,Somerset Ter and Ponce De Leon Ave,(O) No Injury,Not a Collision with Motor Vehicle,,"[""Intersection Related"",""Hit & Run"",""Pedestrian"",""Impaired (Suspected)"",""Distracted Driver (Suspected)""]",0,0,0,0,1,,,Clear,Dry,Dark-Lighted,33.773803,-84.362356
11/11/20 18:20,Atlanta Police Department,Fulton,Atlanta,John Wesley Dobbs Ave Ne   Courtland St,Courtland St and John Wesley Dobbs Ave Ne   Courtland St,(O) No Injury,Not a Collision with Motor Vehicle,,"[""Intersection Related"",""Pedestrian""]",0,0,0,0,1,"[""Disregard Other Traffic Control"",""No Contributing Factors""]",,Rain,Wet,Dark-Lighted,33.757114,-84.384242