Date and Time,Agency Name (Crash Level) ,Area: County,Area: City,Roadway (From Crash Report),Intersection Name (from Crash Report),KABCO Severity,Manner of Collision (Crash Level) ,First Harmful Event (Crash Level) ,SHSP Emphasis Areas,# of Fatalities (Person Table),# Serious Injuries,# Visible Injuries,# Complaint Injuries,# of Vehicles,Operator / Driver Contributing Factor -old,Roadway Contributing Factors (Crash Level) ,Weather Conditions (Crash Level),Surface Condition (Crash Level) ,Light Conditions (Crash Level),Latitude ,Longitude
1/6/20 10:01,Atlanta Police Department,Fulton,Atlanta,2429 Martin L King Jr Dr,,Unknown,Angle (Other),,"[""Pedestrian"",""Older Driver (55-64)""]",0,0,0,0,1,"[""Disregard Other Traffic Control"",""Failure to Yield""]",,Clear,Dry,Daylight,33.752454,-84.466686
9/23/20 6:39,Atlanta Police Department,Fulton,Atlanta,Mcdonough Blvd,Moreland Dr and Mcdonough Blvd,Unknown,Not a Collision with Motor Vehicle,,"[""Pedestrian"",""Distracted Driver (Suspected)""]",0,0,0,0,1,"[""No Contributing Factors"",""Other""]",,Clear,Dry,Dark-Lighted,33.708734,-84.358866
4/10/20 9:39,Atlanta Police Department,Fulton,Atlanta,Buford Hwy Ne   Lenox Rd,Lenox Rd and Buford Hwy Ne   Lenox Rd,(C) Possible Injury / Complaint,Angle (Other),,"[""Intersection Related"",""Bicycle"",""Older Driver (55-64)""]",0,0,0,1,2,,,Clear,Dry,Daylight,33.825626,-84.352815
2/6/20 10:36,Atlanta Police Department,Fulton,Atlanta,Peachtree Rd,Stratford Rd and Peachtree Rd,Unknown,Not a Collision with Motor Vehicle,,Pedestrian,0,0,0,0,1,"[""Failure to Yield"",""No Contributing Factors""]",,Rain,Wet,Daylight,33.849334,-84.366396
2/6/20 12:14,Gsp Post 00,Fulton,Atlanta,I 20,I 85 and I 20,(B) Suspected Minor/Visible Injury,Not a Collision with Motor Vehicle,,"[""Aggressive Driving"",""Pedestrian"",""Speed Related""]",0,0,1,0,1,,,Cloudy,Wet,Daylight,33.746071,-84.391117
5/12/20 19:07,Atlanta Police Department,Fulton,Atlanta,Monroe Dr Ne   Ponce De Leon Ave,Ponce De Leon Ave and Monroe Dr Ne   Ponce De Leon Ave,(O) No Injury,Head On,,"[""Intersection Related"",""Pedestrian"",""Distracted Driver (Suspected)""]",0,0,0,0,1,"[""No Contributing Factors"",""No Contributing Factors""]",,Clear,Dry,Daylight,33.773761,-84.370599
9/4/20 15:09,Atlanta Police Department,Fulton,Atlanta,Joseph E Boone Blvd,Sewanee Ave and Joseph E Boone Blvd,(O) No Injury,Angle (Other),,"[""Intersection Related"",""Pedestrian"",""Older Driver (55-64)""]",0,0,0,0,1,"[""No Contributing Factors"",""Other""]",,Clear,Dry,Daylight,33.763617,-84.465556
9/15/20 19:59,Atlanta Police Department,Fulton,Atlanta,Donald Lee Hollowell Pkwy,Fulton Industrial Blvd and Donald Lee Hollowell Pkwy,(O) No Injury,Angle (Other),,"[""Intersection Related"",""Pedestrian""]",0,0,0,0,1,"[""No Contributing Factors"",""Other""]",,Clear,Dry,Dark-Lighted,33.789881,-84.49615
4/7/20 22:49,Atlanta Police Department,Fulton,Atlanta,Donald Lee Hollowell Pkwy,Marietta Blvd and Donald Lee Hollowell Pkwy,(O) No Injury,Head On,,"[""Intersection Related"",""Pedestrian""]",0,0,0,0,3,"[""Disregard Other Traffic Control"",""No Contributing Factors"",""No Contributing Factors"",""No Contributing Factors""]",,Clear,Dry,Dark-Lighted,33.772784,-84.425062
1/31/20 1:51,Atlanta Police Department,Fulton,Atlanta,1263 Oakland Dr,,(O) No Injury,Not a Collision with Motor Vehicle,,"[""Hit & Run"",""Pedestrian"",""Distracted Driver (Suspected)""]",0,0,0,0,1,"[""No Contributing Factors"",""Other"",""Other""]",,Clear,Dry,Dark-Lighted,33.720294,-84.427706
11/17/20 16:09,Atlanta Police Department,Fulton,Atlanta,176 Northside Dr,,Unknown,Not a Collision with Motor Vehicle,,"[""Pedestrian"",""Young Adult Driver (Age 20-24)""]",0,0,0,0,1,"[""Failure to Yield"",""No Contributing Factors""]",,Clear,Dry,Daylight,33.759453,-84.402762
6/25/20 18:17,Atlanta Police Department,Fulton,Atlanta,Chester Ave,Chester Ave and Kirkwood Ave,(O) No Injury,Angle (Other),,"[""Intersection Related"",""Hit & Run"",""Older Driver (65+)"",""Bicycle"",""Improper Occupant Protection""]",0,0,0,0,2,,,Clear,Dry,Daylight,33.750213,-84.359134
1/4/20 6:25,Atlanta Police Department,Fulton,Atlanta,Campbellton Rd,Honeysuckle Ln and Campbellton Rd,(K) Fatal Injury,Not a Collision with Motor Vehicle,,"[""Hit & Run"",""Older Driver (65+)"",""Pedestrian""]",1,0,0,0,1,Driver Condition,,Cloudy,Wet,Dark-Lighted,33.707984,-84.454546
2/3/20 14:57,Atlanta Police Department,Fulton,Atlanta,365 N Ave,,(O) No Injury,Head On,,Pedestrian,0,0,0,0,1,"[""Failure to Yield"",""No Contributing Factors""]",,Clear,Dry,Daylight,33.771207,-84.375474
9/30/20 8:17,Atlanta Police Department,Fulton,Atlanta,Howell Mill Rd Nw   Downwood Cir,Downwood Cir and Howell Mill Rd Nw   Downwood Cir,(O) No Injury,Head On,,"[""Intersection Related"",""Hit & Run"",""Pedestrian"",""Impaired (Suspected)"",""Distracted Driver (Suspected)"",""Improper Occupant Protection""]",0,0,0,0,1,"[""No Contributing Factors"",""Other""]",,Clear,Dry,Daylight,33.840472,-84.427128
6/22/20 13:27,Atlanta Police Department,Fulton,Atlanta,W Lake Ave,W Lake Ave and Calloway Dr,(O) No Injury,Head On,,"[""Intersection Related"",""Pedestrian""]",0,0,0,0,1,,,Clear,Dry,Daylight,33.758109,-84.444206
2/18/20 19:00,Atlanta Police Department,Fulton,Atlanta,Decatur St Se   Grant St,Grant St and Decatur St Se   Grant St,(O) No Injury,Head On,,"[""Intersection Related"",""Older Driver (65+)"",""Pedestrian""]",0,0,0,0,1,,,Rain,Wet,Dark-Lighted,33.750174,-84.376678
1/24/20 17:47,Atlanta Police Department,Fulton,Atlanta,2100 Campbellton Rd,,(O) No Injury,Not a Collision with Motor Vehicle,,"[""Hit & Run"",""Pedestrian"",""Distracted Driver (Suspected)""]",0,0,0,0,1,"[""Other"",""Other""]",,Clear,Dry,Dawn,33.706414,-84.456906
12/4/20 16:41,Atlanta Police Department,Fulton,Atlanta,Martin L King Jr Dr,Peachtree St and Martin L King Jr Dr,(O) No Injury,Not a Collision with Motor Vehicle,,"[""Intersection Related"",""Pedestrian"",""Distracted Driver (Suspected)"",""Older Driver (55-64)""]",0,0,0,0,1,,,Rain,Wet,Daylight,33.752064,-84.392136
11/24/20 13:48,Atlanta Police Department,Fulton,Atlanta,Buford Highway Conn Ne   Sidney Marcus Blvd,Sidney Marcus Blvd and Buford Highway Conn Ne   Sidney Marcus Blvd,(K) Fatal Injury,Angle (Other),,"[""Intersection Related"",""Pedestrian"",""Young Adult Driver (Age 20-24)"",""Older Driver (55-64)""]",1,0,2,1,4,,,Clear,Dry,Daylight,33.824479,-84.357054
8/28/20 18:50,Atlanta Police Department,Fulton,Atlanta,Ralph D Abernathy Blvd,Westview Dr and Ralph D Abernathy Blvd,(A) Suspected Serious Injury,Head On,,"[""Intersection Related"",""Pedestrian"",""Impaired (Suspected)"",""Improper Occupant Protection""]",0,2,0,1,3,,,Cloudy,Dry,Daylight,33.747414,-84.441845
4/1/20 17:20,Atlanta Police Department,Fulton,Atlanta,5 Fairburn Rd,,Unknown,Angle (Other),,"[""Distracted Driver (Confirmed)"",""Pedestrian""]",0,0,0,0,1,"[""Inattentive or Other Distraction (Distracted)"",""Other""]",,Clear,Dry,Daylight,33.758623,-84.50548
1/18/20 20:06,Atlanta Police Department,Fulton,Atlanta,N Ave,N Ave and Myrtle St,(O) No Injury,Angle (Other),,Pedestrian,0,0,0,0,1,Failure to Yield,,Rain,Wet,Dusk,33.771262,-84.380366
11/22/20 15:35,Atlanta Police Department,Fulton,Atlanta,Memorial Dr,Memorial Dr and Washington St,(O) No Injury,Not a Collision with Motor Vehicle,,"[""Pedestrian"",""Young Driver (Age 15-19)""]",0,0,0,0,1,"[""Failure to Yield"",""No Contributing Factors""]",,Cloudy,Dry,Daylight,33.746664,-84.391526
5/4/20 11:44,Atlanta Police Department,Fulton,Atlanta,Martin L King Jr Dr Nw   Harlan Rd,Harlan Rd and Martin L King Jr Dr Nw   Harlan Rd,(O) No Injury,Head On,,"[""Intersection Related"",""Older Driver (65+)"",""Pedestrian""]",0,0,0,0,1,"[""Failure to Yield"",""No Contributing Factors""]",,Clear,Dry,Daylight,33.754441,-84.481146
4/20/20 4:49,Atlanta Police Department,Fulton,Atlanta,I 7585,I 7585 and Edgewood Ave,(K) Fatal Injury,Angle (Other),,"[""Roadway Departure"",""Hit & Run"",""Pedestrian"",""Young Adult Driver (Age 20-24)"",""Impaired (Suspected)"",""Improper Occupant Protection""]",1,0,0,0,2,,,Rain,Wet,Dark-Lighted,33.754258,-84.378384
8/12/20 12:33,Atlanta Police Department,Fulton,Atlanta,Martin L King Jr Dr,Broad St and Martin L King Jr Dr,(O) No Injury,Not a Collision with Motor Vehicle,,"[""Intersection Related"",""Pedestrian"",""Distracted Driver (Suspected)""]",0,0,0,0,1,"[""Improper Backing"",""No Contributing Factors""]",,Clear,Dry,Daylight,33.752427,-84.392793
1/28/20 19:15,Atlanta Police Department,Fulton,Atlanta,1985 Shirley St,,(O) No Injury,Rear End,,"[""Pedestrian"",""Distracted Driver (Suspected)""]",0,0,0,0,1,,,Clear,Dry,Daylight,33.731924,-84.451476
7/23/20 12:19,Atlanta Police Department,Fulton,Atlanta,Peachtree Memorial Dr Nw   Peachtree Rd,Peachtree Rd and Peachtree Memorial Dr Nw   Peachtree Rd,Unknown,Angle (Other),,"[""Intersection Related"",""Older Driver (65+)"",""Pedestrian""]",0,0,0,0,1,,,Clear,Dry,Daylight,33.816225,-84.390368
11/25/20 11:36,Atlanta Police Department,Fulton,Atlanta,Ponce De Leon Ave Ne   Piedmont Ave,Piedmont Ave and Ponce De Leon Ave Ne   Piedmont Ave,(O) No Injury,Angle (Other),,"[""Intersection Related"",""Hit & Run"",""Pedestrian"",""Improper Occupant Protection""]",0,0,0,0,1,"[""Failure to Yield"",""No Contributing Factors""]",,Clear,Dry,Daylight,33.772494,-84.381782
2/3/20 16:09,Atlanta Police Department,Fulton,Atlanta,8Th St Ne   Monroe Dr,Monroe Dr and 8Th St Ne   Monroe Dr,(O) No Injury,Not a Collision with Motor Vehicle,,"[""Distracted Driver (Confirmed)"",""Pedestrian"",""Young Adult Driver (Age 20-24)"",""Improper Occupant Protection""]",0,0,0,0,1,"[""No Contributing Factors"",""Other Interior Distraction (Distracted)""]",,Clear,Dry,Daylight,33.779485,-84.369412
3/13/20 12:50,Atlanta Police Department,Fulton,Atlanta,Glen Iris Dr,Glen Iris Dr and Ponce De Leon Ave,(O) No Injury,Not a Collision with Motor Vehicle,,"[""Intersection Related"",""Pedestrian"",""Older Driver (55-64)""]",0,0,0,0,1,,,Clear,Dry,Daylight,33.773499,-84.367618
9/26/20 20:04,Atlanta Police Department,Fulton,Atlanta,240 Ponce De Leon Ave,Penn Ave and 240 Ponce De Leon Ave,(O) No Injury,Head On,,"[""Pedestrian"",""Distracted Driver (Suspected)"",""Older Driver (55-64)""]",0,0,0,0,1,"[""No Contributing Factors"",""Other""]",,Clear,Dry,Dark-Lighted,33.772964,-84.379346
9/29/20 17:58,Atlanta Police Department,Fulton,Atlanta,Kimberly Rd Sw   Melvin Dr,Melvin Dr and Kimberly Rd Sw   Melvin Dr,(O) No Injury,Not a Collision with Motor Vehicle,,"[""Intersection Related"",""Pedestrian""]",0,0,0,0,1,"[""Disregard Stop Sign/Signal"",""Disregard Stop Sign/Signal"",""No Contributing Factors""]",,Clear,Wet,Daylight,33.708265,-84.52117
9/9/20 21:28,Atlanta Police Department,Fulton,Atlanta,Mildred Pl,Mildred Pl and Donald Lee Hollowell Pkwy,(O) No Injury,Head On,,"[""Intersection Related"",""Hit & Run"",""Pedestrian""]",0,0,0,0,1,"[""Failure to Yield"",""No Contributing Factors""]",,Clear,Dry,Dark-Lighted,33.776573,-84.456446
7/14/20 8:17,Atlanta Police Department,Fulton,Atlanta,W Peachtree St,16Th St and W Peachtree St,(O) No Injury,Angle (Other),,Pedestrian,0,0,0,0,1,,,Clear,Dry,Daylight,33.789914,-84.387783
5/11/20 23:35,Atlanta Police Department,Fulton,Atlanta,Piedmont Rd,Morosgo Dr and Piedmont Rd,(C) Possible Injury / Complaint,Sideswipe-Same Direction,,"[""Intersection Related"",""Hit & Run"",""Pedestrian""]",0,0,0,1,1,,,Clear,Dry,Dark-Lighted,33.823581,-84.367455
8/26/20 14:53,Atlanta Police Department,Fulton,Atlanta,1212 James Jackson Pkwy,,(O) No Injury,Not a Collision with Motor Vehicle,,"[""Aggressive Driving"",""Hit & Run"",""Pedestrian""]",0,0,0,0,1,"[""No Contributing Factors"",""Reckless Driving""]",,Cloudy,Dry,Daylight,33.789774,-84.477276
2/13/20 20:45,Atlanta Police Department,Fulton,Atlanta,2195 Cheshire Bridge Rd,,(O) No Injury,Angle (Other),,"[""Intersection Related"",""Hit & Run"",""Pedestrian""]",0,0,0,0,1,"[""Other"",""Other""]",,Clear,Dry,Dark-Lighted,33.817121,-84.352117
12/31/20 0:43,Atlanta Police Department,Fulton,Atlanta,Piedmont Rd Ne S R 237,Sidney Marcus Blvd and Piedmont Rd Ne S R 237,(K) Fatal Injury,Not a Collision with Motor Vehicle,,"[""Hit & Run"",""Pedestrian"",""Distracted Driver (Suspected)""]",1,0,0,0,1,"[""No Contributing Factors"",""Other""]",,Clear,Dry,Dark-Lighted,33.824934,-84.366836
12/22/20 14:18,Atlanta Police Department,Fulton,Atlanta,Moreland Ave Ne   Mansfield Ave,Mansfield Ave and Moreland Ave Ne   Mansfield Ave,(O) No Injury,Head On,,"[""Intersection Related"",""Older Driver (65+)"",""Pedestrian""]",0,0,0,0,1,"[""Failure to Yield"",""Failure to Yield""]",,Clear,Dry,Daylight,33.767814,-84.349034
12/5/21 19:00,Atlanta Police Department,Fulton,Atlanta,Fairburn Rd Nw,Fairlane Dr Nw and Fairburn Rd Nw,(B) Suspected Minor/Visible Injury,Not a Collision with Motor Vehicle,,"[""Intersection Related"",""Hit & Run"",""Pedestrian"",""Impaired (Suspected)"",""Distracted Driver (Suspected)""]",0,0,1,0,1,,,Clear,Dry,Daylight,33.766764,-84.500118
12/11/21 22:15,Atlanta Police Department,Fulton,Atlanta,W Peachtree St Nw,10Th St Ne and W Peachtree St Nw,(B) Suspected Minor/Visible Injury,Not a Collision with Motor Vehicle,,"[""Intersection Related"",""Pedestrian"",""Young Driver (Age 15-19)"",""Improper Occupant Protection""]",0,0,1,0,1,,,Clear,Wet,Dark-Lighted,33.781436,-84.387788
8/13/21 1:34,Atlanta Police Department,Fulton,Atlanta,I-285,I-285 and Langford Pkwy,(K) Fatal Injury,Not a Collision with Motor Vehicle,,"[""Pedestrian"",""Impaired Driving (Confirmed)"",""Improper Occupant Protection""]",1,0,0,0,1,,,Clear,Dry,Dark-Not Lighted,33.688497,-84.499011
9/30/21 20:15,Atlanta Police Department,Fulton,Atlanta,Glenwood Ave Se,,(A) Suspected Serious Injury,Not a Collision with Motor Vehicle,,"[""Bicycle"",""Distracted Driver (Suspected)""]",0,1,0,0,1,,,Clear,Dry,Dark-Lighted,33.740513,-84.361728
8/2/21 12:00,Atlanta Police Department,Fulton,Atlanta,Mlk Jr Dr,,(B) Suspected Minor/Visible Injury,Not a Collision with Motor Vehicle,,"[""Roadway Departure"",""Hit & Run"",""Pedestrian"",""Distracted Driver (Suspected)""]",0,0,1,0,1,,,Clear,Dry,Daylight,33.757808,-84.502771
7/31/21 18:44,Atlanta Police Department,Fulton,Atlanta,Mills St Nw,Mills St Nw and Techwood Dr Nw,(C) Possible Injury / Complaint,Not a Collision with Motor Vehicle,,"[""Intersection Related"",""Hit & Run"",""Pedestrian"",""Impaired (Suspected)"",""Distracted Driver (Suspected)""]",0,0,0,1,1,,,Cloudy,Dry,Daylight,33.765312,-84.391899
8/8/21 12:00,Atlanta Police Department,Fulton,Atlanta,Lavista Walk,Lavista Walk and Lavista Rd Ne,(C) Possible Injury / Complaint,Not a Collision with Motor Vehicle,,"[""Older Driver (65+)"",""Pedestrian"",""Improper Occupant Protection""]",0,0,0,1,1,,,Clear,Dry,Daylight,33.817824,-84.349882
9/14/21 20:29,Atlanta Police Department,Fulton,Atlanta,Ralph David Abernathy Blvd Sw,Ralph David Abernathy Blvd and Ralph David Abernathy Blvd Sw,(C) Possible Injury / Complaint,Not a Collision with Motor Vehicle,,"[""Intersection Related"",""Hit & Run"",""Bicycle"",""Impaired (Suspected)"",""Improper Occupant Protection""]",0,0,0,1,1,,,Clear,Dry,Dawn,33.738247,-84.412597
9/6/21 17:50,Atlanta Police Department,Fulton,Atlanta,Jesse Hill Jr Dr Ne,Auburn Ave and Jesse Hill Jr Dr Ne,(A) Suspected Serious Injury,Not a Collision with Motor Vehicle,,"[""Intersection Related"",""Pedestrian"",""Young Adult Driver (Age 20-24)"",""Impaired (Suspected)""]",0,1,0,0,1,,,Clear,Dry,Daylight,33.755538,-84.380235
10/25/21 21:00,Atlanta Police Department,Fulton,Atlanta,Sawtell Ave Se,Sawtell Ave Se and Mcdonough Blvd Se,(A) Suspected Serious Injury,Not a Collision with Motor Vehicle,,"[""Intersection Related"",""Roadway Departure"",""Hit & Run"",""Pedestrian"",""Impaired (Suspected)"",""Distracted Driver (Suspected)"",""Improper Occupant Protection""]",0,1,0,0,1,,,Clear,Dry,Dark-Lighted,33.713917,-84.373696
10/1/21 13:50,Atlanta Police Department,Fulton,Atlanta,Delmar Ln Nw,Delmar Ln Nw and Allen Temple Ct Nw,(B) Suspected Minor/Visible Injury,Not a Collision with Motor Vehicle,,"[""Older Driver (65+)"",""Pedestrian"",""Improper Occupant Protection""]",0,0,1,0,1,,,Clear,Dry,Daylight,33.755862,-84.490507
1/14/21 17:44,Atlanta Police Department,Fulton,Atlanta,Ponce De Leon Ave Ne   Monroe Dr,Monroe Dr and Ponce De Leon Ave Ne   Monroe Dr,(O) No Injury,Angle (Other),,"[""Intersection Related"",""Pedestrian"",""Young Adult Driver (Age 20-24)""]",0,0,0,0,1,,,Clear,Dry,Daylight,33.773761,-84.370599
10/12/21 11:30,Atlanta Police Department,Fulton,Atlanta,Rumson Rd Ne,Peachtree Rd and Rumson Rd Ne,(C) Possible Injury / Complaint,Not a Collision with Motor Vehicle,,"[""Intersection Related"",""Pedestrian"",""Improper Occupant Protection""]",0,0,0,1,1,,,Clear,Dry,Daylight,33.831497,-84.385301
10/18/21 11:54,Atlanta Police Department,Fulton,Atlanta,I- 20,,(O) No Injury,Not a Collision with Motor Vehicle,,"[""Bicycle"",""Impaired (Suspected)"",""Distracted Driver (Suspected)"",""Improper Occupant Protection""]",0,0,0,0,1,,,Cloudy,Dry,Daylight,33.743307,-84.379007
2/5/21 16:24,Atlanta Police Department,Fulton,Atlanta,2280 Campbellton Rd,,(O) No Injury,Not a Collision with Motor Vehicle,,"[""Roadway Departure"",""Pedestrian""]",0,0,0,0,1,,,Cloudy,Dry,Daylight,33.702924,-84.462636
4/13/21 3:01,Atlanta Police Department,Fulton,Atlanta,Piedmont Rd Ne,Lindbergh Dr and Piedmont Rd Ne,(K) Fatal Injury,Not a Collision with Motor Vehicle,,"[""Hit & Run"",""Pedestrian"",""Impaired Driving (Confirmed)"",""Improper Occupant Protection""]",1,0,0,0,1,,,Clear,Dry,Dark-Lighted,33.822143,-84.367384
8/29/21 10:15,Atlanta Police Department,Fulton,Atlanta,Pryor Cir Sw,Claire Dr Sw and Pryor Cir Sw,(O) No Injury,Not a Collision with Motor Vehicle,,"[""Intersection Related"",""Aggressive Driving"",""Hit & Run"",""Pedestrian"",""Impaired (Suspected)"",""Speed Related""]",0,0,0,0,1,,,Clear,Dry,Dark-Lighted,33.708747,-84.393525
7/7/21 17:30,Atlanta Police Department,Fulton,Atlanta,Cooper St Sw,Cooper St Sw and Eugenia St Sw,(B) Suspected Minor/Visible Injury,Not a Collision with Motor Vehicle,,"[""Intersection Related"",""Hit & Run"",""Pedestrian"",""Distracted Driver (Suspected)""]",0,0,1,0,1,,,Clear,Dry,Daylight,33.743249,-84.396945
9/30/21 8:00,Atlanta Police Department,Fulton,Atlanta,Huff Rd Nw,West Ln Nw and Huff Rd Nw,(B) Suspected Minor/Visible Injury,Not a Collision with Motor Vehicle,,"[""Intersection Related"",""Bicycle""]",0,0,1,0,1,,,Clear,Dry,Daylight,33.787784,-84.414586
10/13/21 17:52,Atlanta Police Department,Fulton,Atlanta,E Paces Ferry Rd Ne,Bolling Way Ne and E Paces Ferry Rd Ne,(B) Suspected Minor/Visible Injury,Not a Collision with Motor Vehicle,,"[""Intersection Related"",""Hit & Run"",""Pedestrian"",""Impaired (Suspected)"",""Improper Occupant Protection""]",0,0,1,0,1,,,Clear,Dry,Daylight,33.839179,-84.378526
4/20/21 18:47,Atlanta Police Department,Fulton,Atlanta,Cameron Madison Alexander Blvd Nw,,(O) No Injury,Not a Collision with Motor Vehicle,,"[""Pedestrian"",""Impaired (Suspected)"",""Distracted Driver (Suspected)"",""Older Driver (55-64)"",""Improper Occupant Protection""]",0,0,0,0,1,,,Clear,Dry,Daylight,33.76822,-84.412992
8/17/21 22:30,Atlanta Police Department,Fulton,Atlanta,Ralph David Abernathy Blvd,Pryor Rd and Ralph David Abernathy Blvd,(C) Possible Injury / Complaint,Not a Collision with Motor Vehicle,,"[""Intersection Related"",""Hit & Run"",""Pedestrian"",""Impaired (Suspected)"",""Improper Occupant Protection""]",0,0,0,1,1,,,Clear,Dry,Dark-Lighted,33.73685,-84.394499
3/5/21 14:12,Gsp Post 00,Fulton,Atlanta,Washington St,Mitchell St and Washington St,(B) Suspected Minor/Visible Injury,Not a Collision with Motor Vehicle,,"[""Intersection Related"",""CMV Related"",""Hit & Run"",""Pedestrian"",""Older Driver (55-64)""]",0,0,1,0,1,,,Clear,Dry,Daylight,33.748913,-84.389333
5/8/21 20:57,Atlanta Police Department,Fulton,Atlanta,Argonne Ave Ne,Argonne Ave Ne and Ponce De Leon Ave Ne,(B) Suspected Minor/Visible Injury,Not a Collision with Motor Vehicle,,"[""Intersection Related"",""Pedestrian"",""Young Adult Driver (Age 20-24)"",""Impaired (Suspected)"",""Improper Occupant Protection""]",0,0,1,0,1,,,Clear,Dry,Dark-Lighted,33.772554,-84.377698
6/7/21 12:00,Gsp Post 00,Fulton,Atlanta,Sr 400,Sr 400 and Sydney Marcus Blvd,(A) Suspected Serious Injury,Not a Collision with Motor Vehicle,,"[""Pedestrian"",""Distracted Driver (Suspected)""]",0,1,0,0,1,,,Rain,Wet,Daylight,33.828072,-84.360205
9/21/21 8:30,Atlanta Police Department,Fulton,Atlanta,Sanders Ave Se,Aus Hwy 23 and Sanders Ave Se,(B) Suspected Minor/Visible Injury,Not a Collision with Motor Vehicle,,"[""Intersection Related"",""Pedestrian"",""Distracted Driver (Suspected)"",""Improper Occupant Protection""]",0,0,1,0,1,,,Rain,Wet,Daylight,33.742084,-84.349249
2/25/21 3:22,Atlanta Police Department,Fulton,Atlanta,Pine St Nw,,(K) Fatal Injury,Not a Collision with Motor Vehicle,,"[""Aggressive Driving"",""Roadway Departure"",""Pedestrian"",""Impaired (Suspected)"",""Improper Occupant Protection""]",1,0,0,0,1,,,Clear,Dry,Dark-Not Lighted,33.767196,-84.386558
7/3/21 18:32,Atlanta Police Department,Fulton,Atlanta,Spring St Nw,Marietta St and Spring St Nw,(O) No Injury,Not a Collision with Motor Vehicle,,"[""Intersection Related"",""Bicycle"",""Distracted Driver (Suspected)"",""Improper Occupant Protection""]",0,0,0,0,1,,,Clear,Dry,Daylight,33.756981,-84.392671
12/3/21 17:00,Atlanta Police Department,Fulton,Atlanta,Peachtree Rd Ne,,(C) Possible Injury / Complaint,Not a Collision with Motor Vehicle,,"[""Roadway Departure"",""Hit & Run"",""Pedestrian""]",0,0,0,1,1,,,Clear,Dry,Daylight,33.849392,-84.363311
1/26/21 19:19,Atlanta Police Department,Fulton,Atlanta,Washington St,I 7585 and Washington St,(O) No Injury,Not a Collision with Motor Vehicle,,"[""Hit & Run"",""Pedestrian"",""Impaired Driving (Confirmed)""]",0,0,0,0,1,,,Cloudy,Dry,Dark-Not Lighted,33.746177,-84.39152
10/9/21 20:00,Atlanta Police Department,Fulton,Atlanta,Habersham Rd Nw,Habersham Rd Nw and W Paces Ferry Rd Nw,(A) Suspected Serious Injury,Not a Collision with Motor Vehicle,,"[""Intersection Related"",""Pedestrian"",""Distracted Driver (Suspected)"",""Older Driver (55-64)"",""Improper Occupant Protection""]",0,1,0,0,1,,,Clear,Dry,Dark-Not Lighted,33.844039,-84.395386
6/19/21 20:50,Atlanta Police Department,Fulton,Atlanta,W Paces Ferry Rd Nw,Peachtree St and W Paces Ferry Rd Nw,(B) Suspected Minor/Visible Injury,Not a Collision with Motor Vehicle,,"[""Intersection Related"",""Pedestrian"",""Impaired (Suspected)""]",0,0,1,0,1,,,Cloudy,Wet,Dusk,33.839527,-84.379736
5/16/21 1:11,Atlanta Police Department,Fulton,Atlanta,Peachtree St Nw,Stratford Rd Ne and Peachtree St Nw,(C) Possible Injury / Complaint,Not a Collision with Motor Vehicle,,"[""Intersection Related"",""Pedestrian"",""Older Driver (55-64)"",""Improper Occupant Protection""]",0,0,0,1,1,,,Clear,Dry,Dark-Lighted,33.848546,-84.366439
10/9/21 18:00,Atlanta Police Department,Fulton,Atlanta,I- 75,I- 75 and Exit 247,(A) Suspected Serious Injury,Not a Collision with Motor Vehicle,,"[""Hit & Run"",""Pedestrian"",""Distracted Driver (Suspected)""]",0,1,0,0,1,,,Other,Dry,Daylight,33.748658,-84.384498
3/3/21 19:21,Dekalb Co Police Department,Fulton,Atlanta,Moreland Ave,Eastland Rd and Moreland Ave,(C) Possible Injury / Complaint,Not a Collision with Motor Vehicle,,"[""Intersection Related"",""Pedestrian"",""Impaired (Suspected)"",""Older Driver (55-64)"",""Improper Occupant Protection""]",0,0,0,1,1,,,Clear,Dry,Dark-Not Lighted,33.719157,-84.349497
12/1/21 6:59,Atlanta Police Department,Fulton,Atlanta,Ivan Allen Jr Blvd Ne,Peachtree St Ne and Ivan Allen Jr Blvd Ne,(A) Suspected Serious Injury,Not a Collision with Motor Vehicle,,"[""Intersection Related"",""Hit & Run"",""Pedestrian"",""Impaired (Suspected)""]",0,1,0,0,1,,,Clear,Dry,Dawn,33.764529,-84.38576
6/21/21 9:47,Atlanta Police Department,Fulton,Atlanta,Peachtree Center Ave Ne,Baker St Ne and Peachtree Center Ave Ne,(O) No Injury,Not a Collision with Motor Vehicle,,"[""Intersection Related"",""Roadway Departure"",""Pedestrian"",""Distracted Driver (Suspected)"",""Older Driver (55-64)"",""Improper Occupant Protection""]",0,0,0,0,1,,,Cloudy,Dry,Daylight,33.762159,-84.386018
2/2/21 20:12,Atlanta Police Department,Fulton,Atlanta,1401 Graymont Dr,,(O) No Injury,Angle (Other),,"[""Hit & Run"",""Pedestrian""]",0,0,0,0,1,,,Clear,Dry,Dark-Lighted,33.715954,-84.436816
5/21/21 16:00,Atlanta Police Department,Fulton,Atlanta,Marietta St,Marietta St and Ted Turner Dr Nw,(B) Suspected Minor/Visible Injury,Not a Collision with Motor Vehicle,,"[""Intersection Related"",""Distracted Driver (Confirmed)"",""Pedestrian"",""Older Driver (55-64)"",""Improper Occupant Protection""]",0,0,2,0,1,,,Clear,Dry,Daylight,33.757,-84.39262
1/30/21 4:08,Atlanta Police Department,Fulton,Atlanta,Courtland St Linden Ave,Linden Ave and Courtland St Linden Ave,(O) No Injury,Angle (Other),,"[""Intersection Related"",""Hit & Run"",""Pedestrian""]",0,0,0,0,1,,,Cloudy,Dry,Dark-Lighted,33.769824,-84.384071
7/8/21 18:30,Atlanta Police Department,Fulton,Atlanta,Courtenay Dr Ne,,(B) Suspected Minor/Visible Injury,Not a Collision with Motor Vehicle,,"[""Intersection Related"",""Bicycle"",""Older Driver (55-64)""]",0,0,1,0,1,,,Cloudy,Dry,Daylight,33.789521,-84.363475
9/21/21 17:00,Atlanta Police Department,Fulton,Atlanta,Martin Luther King Jr Dr Sw,Harwell Rd Nw and Martin Luther King Jr Dr Sw,(B) Suspected Minor/Visible Injury,Not a Collision with Motor Vehicle,,"[""Pedestrian"",""Distracted Driver (Suspected)"",""Improper Occupant Protection""]",0,0,1,1,1,,,Clear,Dry,Daylight,33.752664,-84.493314