Date and Time,Agency Name (Crash Level) ,Area: County,Area: City,Roadway (From Crash Report),Intersection Name (from Crash Report),KABCO Severity,Manner of Collision (Crash Level) ,First Harmful Event (Crash Level) ,SHSP Emphasis Areas,# of Fatalities (Person Table),# Serious Injuries,# Visible Injuries,# Complaint Injuries,# of Vehicles,Operator / Driver Contributing Factor -old,Roadway Contributing Factors (Crash Level) ,Weather Conditions (Crash Level),Surface Condition (Crash Level) ,Light Conditions (Crash Level),Latitude ,Longitude
1/18/14 9:35,Atlanta Police Department,Fulton,Atlanta,Pharr Rd,Pharr Rd and Piedmont Rd,(O) No Injury,Rear End,,"[""Intersection Related"",""Pedestrian"",""Distracted Driver (Suspected)""]",0,0,0,0,2,"[""Following Too Close"",""No Contributing Factors"",""Other"",""Other""]",,Clear,Dry,Daylight,33.836971,-84.368074
12/8/14 18:35,Atlanta Police Department,Fulton,Atlanta,65 Joseph E Lowery,,(C) Possible Injury / Complaint,Angle (Other),,"[""Intersection Related"",""Pedestrian""]",0,0,0,1,1,"[""No Contributing Factors"",""Other""]",,Clear,Dry,Dark-Lighted,33.756625,-84.417534
5/22/14 13:50,Atlanta Police Department,Fulton,Atlanta,I 75,I 75 and Howell Mill Rd,(O) No Injury,Sideswipe-Same Direction,,Bicycle,0,0,0,0,2,"[""Changed Lanes Improperly"",""No Contributing Factors""]",,Clear,Dry,Daylight,33.805144,-84.413313
9/30/14 20:16,Atlanta Police Department,Fulton,Atlanta,Montgomery Ferry Rd,Monroe Dr and Montgomery Ferry Rd,(B) Suspected Minor/Visible Injury,Head On,,"[""Older Driver (65+)"",""Pedestrian"",""Distracted Driver (Suspected)""]",0,0,1,0,1,"[""No Contributing Factors"",""Other""]",,Clear,Dry,Dark-Lighted,33.802072,-84.372443
12/28/14 10:40,Atlanta Police Department,Fulton,Atlanta,Mills St,Mills St and Luckie St,(C) Possible Injury / Complaint,Not a Collision with Motor Vehicle,,"[""Intersection Related"",""Hit & Run"",""Pedestrian"",""Distracted Driver (Suspected)""]",0,0,0,1,1,"[""No Contributing Factors"",""Other""]",,Cloudy,Wet,Daylight,33.765342,-84.396135
11/6/14 21:50,Atlanta Police Department,Fulton,Atlanta,Freedom Pkwy,Blvd and Freedom Pkwy,(B) Suspected Minor/Visible Injury,Angle (Other),,"[""Intersection Related"",""Bicycle""]",0,0,1,0,2,"[""Failure to Yield"",""Other""]",,Clear,Dry,Dark-Lighted,33.760198,-84.372065
12/4/14 11:00,Atlanta Police Department,Fulton,Atlanta,Forsyth St,Forsyth St and Marietta St,(O) No Injury,Head On,,"[""Intersection Related"",""Pedestrian""]",0,0,0,0,1,"[""Failure to Yield"",""No Contributing Factors""]",,Clear,Dry,Daylight,33.755503,-84.39104
4/21/14 5:40,Atlanta Police Department,DeKalb,Atlanta,Moreland Ave,I 20 and Moreland Ave,(C) Possible Injury / Complaint,Sideswipe-Same Direction,,"[""Intersection Related"",""Hit & Run"",""Pedestrian"",""Improper Occupant Protection""]",0,0,0,1,1,"[""Failure to Yield"",""Failure to Yield""]",,Clear,Dry,Dark-Not Lighted,33.746326,-84.349102
1/31/14 19:35,Atlanta Police Department,Fulton,Atlanta,500 Westmeath Dr,,(A) Suspected Serious Injury,Not a Collision with Motor Vehicle,,"[""Intersection Related"",""Hit & Run"",""Pedestrian"",""Impaired (Suspected)"",""Distracted Driver (Suspected)"",""Improper Occupant Protection""]",0,1,2,0,1,"[""No Contributing Factors"",""No Contributing Factors"",""No Contributing Factors"",""Other""]",,Clear,Dry,Dark-Lighted,33.740957,-84.445981
8/25/14 20:10,Atlanta Police Department,Fulton,Atlanta,Campbellton Rd Sw   Camp Ground Rd,Camp Ground Rd and Campbellton Rd Sw   Camp Ground Rd,(B) Suspected Minor/Visible Injury,Not a Collision with Motor Vehicle,,"[""Intersection Related"",""Pedestrian"",""Distracted Driver (Suspected)"",""Older Driver (55-64)""]",0,0,1,0,1,"[""Disregard Police - Traffic Control"",""No Contributing Factors""]",,Clear,Dry,Dark-Lighted,33.690844,-84.513373
3/18/14 0:42,Atlanta Police Department,Fulton,Atlanta,Campbellton Rd,Campbellton Rd and 3580 Campbellton Rd,(B) Suspected Minor/Visible Injury,Not a Collision with Motor Vehicle,,"[""Intersection Related"",""Distracted Driver (Confirmed)"",""Pedestrian"",""Improper Occupant Protection""]",0,0,1,0,1,"[""Inattentive or Other Distraction (Distracted)"",""No Contributing Factors""]",,Clear,Dry,Dark-Lighted,33.690157,-84.506463
3/1/14 17:01,Atlanta Police Department,Fulton,Atlanta,Ralph Mcgill Blvd,Blvd and Ralph Mcgill Blvd,(C) Possible Injury / Complaint,Not a Collision with Motor Vehicle,,"[""Intersection Related"",""Distracted Driver (Confirmed)"",""Pedestrian""]",0,0,0,1,1,"[""Inattentive or Other Distraction (Distracted)"",""No Contributing Factors""]",,Clear,Dry,Dusk,33.763887,-84.371959
8/3/14 19:30,Atlanta Police Department,Fulton,Atlanta,3459 Adkins,,(O) No Injury,Angle (Other),,"[""Hit & Run"",""Older Driver (65+)"",""Pedestrian""]",0,0,0,0,2,"[""Misjudged Clearance"",""No Contributing Factors"",""No Contributing Factors""]",,Cloudy,Dry,Daylight,33.773609,-84.504303
3/19/14 18:24,Atlanta Police Department,Fulton,Atlanta,Peachtree Rd,28Th St and Peachtree Rd,(O) No Injury,Angle (Other),,"[""Intersection Related"",""Bicycle""]",0,0,0,0,2,"[""No Contributing Factors"",""Wrong Side of Road""]",,Clear,Dry,Daylight,33.806421,-84.39393
9/29/14 16:04,Atlanta Police Department,Fulton,Atlanta,Spring St,Spring St and John Portman Blvd,(C) Possible Injury / Complaint,Angle (Other),,"[""Intersection Related"",""Pedestrian""]",0,0,0,1,1,"[""No Contributing Factors"",""Wrong Side of Road""]",,Cloudy,Wet,Daylight,33.760859,-84.392053
7/23/14 8:00,Atlanta Police Department,Fulton,Atlanta,4Th St,4Th St and Peachtree St,(O) No Injury,Head On,,"[""Intersection Related"",""Pedestrian""]",0,0,0,0,1,"[""Failure to Yield"",""No Contributing Factors""]",,Clear,Dry,Daylight,33.775012,-84.384639
9/19/14 19:48,Atlanta Police Department,Fulton,Atlanta,10Th St,10Th St and Piedmont Ave,(C) Possible Injury / Complaint,Angle (Other),,"[""Intersection Related"",""Distracted Driver (Confirmed)"",""Pedestrian""]",0,0,0,1,1,"[""Improper Backing"",""Inattentive or Other Distraction (Distracted)""]",,Clear,Dry,Dark-Lighted,33.781778,-84.380803
10/9/14 13:16,Atlanta Police Department,Fulton,Atlanta,Auditorium Pl,Piedmont Ave and Auditorium Pl,(C) Possible Injury / Complaint,Not a Collision with Motor Vehicle,,"[""Intersection Related"",""Pedestrian"",""Distracted Driver (Suspected)""]",0,0,0,1,1,"[""Improper Backing"",""No Contributing Factors""]",,Clear,Dry,Daylight,33.753356,-84.383374
8/2/14 11:43,Atlanta Police Department,Fulton,Atlanta,Martin L King Jr Dr,Linkwood Rd and Martin L King Jr Dr,(O) No Injury,Not a Collision with Motor Vehicle,,"[""Intersection Related"",""Older Driver (65+)"",""Pedestrian"",""Improper Occupant Protection""]",0,0,0,0,1,Failure to Yield,,Cloudy,Dry,Daylight,33.754418,-84.481849
11/15/14 19:05,Atlanta Police Department,Fulton,Atlanta,John Portman Blvd,Peachtree St and John Portman Blvd,(B) Suspected Minor/Visible Injury,Not a Collision with Motor Vehicle,,"[""Intersection Related"",""Pedestrian"",""Older Driver (55-64)""]",0,0,1,0,1,"[""Failure to Yield"",""No Contributing Factors""]",,Clear,Dry,Dark-Lighted,33.760985,-84.387524
10/15/14 12:36,Atlanta Police Department,Fulton,Atlanta,1350 Mayson Turner Rd,,(C) Possible Injury / Complaint,Not a Collision with Motor Vehicle,,"[""Hit & Run"",""Pedestrian"",""Distracted Driver (Suspected)""]",0,0,0,1,1,"[""Other"",""Other""]",,Cloudy,Dry,Daylight,33.765106,-84.431143
11/13/14 9:30,Atlanta Police Department,Fulton,Atlanta,25 Park Pl,25 Park Pl and Edgewood Ave,(C) Possible Injury / Complaint,Not a Collision with Motor Vehicle,,"[""Intersection Related"",""Distracted Driver (Confirmed)"",""Pedestrian"",""Young Adult Driver (Age 20-24)""]",0,0,0,1,1,"[""Inattentive or Other Distraction (Distracted)"",""No Contributing Factors""]",,Clear,Dry,Daylight,33.754554,-84.388497
4/2/14 20:30,Atlanta Police Department,Fulton,Atlanta,1265 Centra Villa Dr,Centra Villa Dr and 1265 Centra Villa Dr,(B) Suspected Minor/Visible Injury,Not a Collision with Motor Vehicle,,"[""Intersection Related"",""Pedestrian"",""Distracted Driver (Suspected)""]",0,0,1,0,1,"[""No Contributing Factors"",""Other""]",,Clear,Dry,Dark-Lighted,33.72203,-84.452047
7/28/14 22:00,Atlanta Police Department,Fulton,Atlanta,593 Joseph E Lowery,,(C) Possible Injury / Complaint,Head On,,Pedestrian,0,0,0,1,1,"[""Failure to Yield"",""Other""]",,Clear,Dry,Dark-Lighted,33.738525,-84.417712
7/23/14 9:30,Atlanta Police Department,Fulton,Atlanta,Courtland St,Pine St and Courtland St,(B) Suspected Minor/Visible Injury,Angle (Other),,"[""Intersection Related"",""Pedestrian"",""Older Driver (55-64)""]",0,0,1,0,1,"[""No Contributing Factors"",""Other""]",,Clear,Dry,Daylight,33.767458,-84.384355
5/2/14 12:57,Atlanta Police Department,Fulton,Atlanta,Piedmont Rd,Garson Dr and Piedmont Rd,(C) Possible Injury / Complaint,Angle (Other),,"[""Intersection Related"",""Pedestrian"",""Older Driver (55-64)""]",0,0,0,2,2,"[""No Contributing Factors"",""Other"",""Other""]",,Clear,Dry,Daylight,33.817679,-84.367006
6/13/14 8:59,Atlanta Police Department,Fulton,Atlanta,2161 Piedmont Rd,Lakeshore Dr and 2161 Piedmont Rd,(C) Possible Injury / Complaint,Not a Collision with Motor Vehicle,,"[""Intersection Related"",""Pedestrian"",""Distracted Driver (Suspected)""]",0,0,0,1,1,"[""No Contributing Factors"",""Other""]",,Clear,Dry,Daylight,33.815894,-84.366626
12/18/14 8:42,Atlanta Police Department,DeKalb,Atlanta,Mclendon Ave,Clifton Rd and Mclendon Ave,(C) Possible Injury / Complaint,Angle (Other),,"[""Intersection Related"",""Bicycle"",""Older Driver (55-64)""]",0,0,0,1,2,"[""Failure to Yield"",""No Contributing Factors""]",,Clear,Dry,Daylight,33.764878,-84.332997
2/8/14 12:00,Atlanta Police Department,Fulton,Atlanta,Peachtree Center Ave,Peachtree Center Ave and John Wesley Dobbs Ave,(O) No Injury,Not a Collision with Motor Vehicle,,"[""Intersection Related"",""Hit & Run"",""Pedestrian""]",0,0,0,0,1,"[""Failure to Yield"",""No Contributing Factors""]",,Clear,Dry,Daylight,33.757135,-84.385937
12/2/14 7:25,Atlanta Police Department,Fulton,Atlanta,38 Hamilton E Holmes Dr,Martin L King Jr Dr and 38 Hamilton E Holmes Dr,(B) Suspected Minor/Visible Injury,Not a Collision with Motor Vehicle,,"[""Distracted Driver (Confirmed)"",""Pedestrian""]",0,0,1,0,1,"[""Inattentive or Other Distraction (Distracted)"",""No Contributing Factors""]",,Clear,Dry,Daylight,33.753319,-84.467447
4/17/14 20:35,Atlanta Police Department,Fulton,Atlanta,Piedmont Ave,Ellis St and Piedmont Ave,(O) No Injury,Angle (Other),,"[""Intersection Related"",""Pedestrian""]",0,0,0,0,2,"[""Disregard Stop Sign/Signal"",""No Contributing Factors"",""No Contributing Factors""]",,Clear,Dry,Dark-Lighted,33.758364,-84.382208
12/24/14 9:00,Atlanta Police Department,Fulton,Atlanta,12 Krog St,Dekalb Ave and 12 Krog St,(O) No Injury,Not a Collision with Motor Vehicle,,"[""Intersection Related"",""Hit & Run"",""Pedestrian"",""Distracted Driver (Suspected)"",""Improper Occupant Protection""]",0,0,0,0,1,"[""No Contributing Factors"",""No Contributing Factors""]",,Clear,Dry,Daylight,33.753491,-84.363867
9/9/14 16:39,Atlanta Police Department,Fulton,Atlanta,1057 Birch St,,(A) Suspected Serious Injury,Not a Collision with Motor Vehicle,,"[""Intersection Related"",""Distracted Driver (Confirmed)"",""Pedestrian""]",0,1,0,0,1,"[""Inattentive or Other Distraction (Distracted)"",""No Contributing Factors""]",,Clear,Dry,Daylight,33.705449,-84.422719
12/17/14 8:18,Atlanta Police Department,Fulton,Atlanta,Pharr Rd Nepharr Rd,Maple Dr and Pharr Rd Nepharr Rd,(B) Suspected Minor/Visible Injury,Not a Collision with Motor Vehicle,,"[""Intersection Related"",""Pedestrian""]",0,0,1,0,1,"[""Failure to Yield"",""No Contributing Factors""]",,Clear,Dry,Daylight,33.836994,-84.371097
10/9/14 18:30,Atlanta Police Department,Fulton,Atlanta,Hamilton E Holmes Dr,Burton Rd and Hamilton E Holmes Dr,(B) Suspected Minor/Visible Injury,Not a Collision with Motor Vehicle,,"[""Intersection Related"",""Distracted Driver (Confirmed)"",""Pedestrian"",""Older Driver (55-64)""]",0,0,1,0,1,"[""Inattentive or Other Distraction (Distracted)"",""No Contributing Factors""]",,Clear,Dry,Dark-Lighted,33.755806,-84.468663
11/8/13 16:23,Atlanta Police Department,Fulton,Atlanta,Glenwood Ave,Waldo St and Glenwood Ave,(O) No Injury,Sideswipe-Opposite Direction,,"[""Intersection Related"",""Pedestrian"",""Young Driver (Age 15-19)""]",0,0,0,0,2,"[""Improper Turn"",""No Contributing Factors"",""No Contributing Factors""]",,Cloudy,Dry,Daylight,33.742449,-84.366658
2/24/13 16:00,Atlanta Police Department,Fulton,Atlanta,Peachtree Rd,Peachtree Rd and Colonial Homes Dr,(C) Possible Injury / Complaint,Head On,,"[""Intersection Related"",""Older Driver (65+)"",""Pedestrian""]",0,0,0,1,1,"[""Failure to Yield"",""No Contributing Factors""]",,Clear,Dry,Daylight,33.813716,-84.39229
2/9/13 13:54,Atlanta Police Department,Fulton,Atlanta,I 85,I 85 and Martin L King Jr Dr,(B) Suspected Minor/Visible Injury,Not a Collision with Motor Vehicle,,"[""Pedestrian"",""Distracted Driver (Suspected)""]",0,0,1,0,1,"[""No Contributing Factors"",""Other""]",,Clear,Dry,Daylight,33.74854,-84.384822
2/20/13 17:19,Atlanta Police Department,Fulton,Atlanta,750 Piedmont Ave,,(O) No Injury,Not a Collision with Motor Vehicle,,"[""Hit & Run"",""Pedestrian"",""Distracted Driver (Suspected)""]",0,0,0,0,1,"[""Other"",""Other""]",,Cloudy,Dry,Daylight,33.775004,-84.381539
8/2/13 10:08,Atlanta Police Department,Fulton,Atlanta,454 James P Brawley Dr,Jett St and 454 James P Brawley Dr,(B) Suspected Minor/Visible Injury,Angle (Other),,"[""Intersection Related"",""Hit & Run"",""Bicycle""]",0,0,1,0,2,"[""Driver Lost Control"",""Other""]",,Clear,Dry,Daylight,33.767338,-84.412564
4/18/13 19:30,Atlanta Police Department,Fulton,Atlanta,Collier Rd,Collier Rd and Peachtree Rd,(A) Suspected Serious Injury,Not a Collision with Motor Vehicle,,"[""Intersection Related"",""Pedestrian""]",0,1,0,0,1,"[""Failure to Yield"",""No Contributing Factors""]",,Clear,Dry,Daylight,33.806767,-84.39388
4/13/13 11:50,Atlanta Police Department,Fulton,Atlanta,Joseph E Lowery Blvd,Joseph E Boone Blvd and Joseph E Lowery Blvd,(C) Possible Injury / Complaint,Not a Collision with Motor Vehicle,,"[""Intersection Related"",""Pedestrian"",""Young Adult Driver (Age 20-24)"",""Distracted Driver (Suspected)""]",0,0,0,1,1,"[""No Contributing Factors"",""Other""]",,Clear,Dry,Daylight,33.763484,-84.417494
9/21/13 16:32,Atlanta Police Department,Fulton,Atlanta,I 285,I 285 and Arthur Langford Pkwy,(A) Suspected Serious Injury,Angle (Other),,"[""Aggressive Driving"",""Pedestrian"",""Speed Related""]",0,4,1,2,2,"[""No Contributing Factors"",""No Contributing Factors"",""No Contributing Factors"",""Too Fast for Conditions""]",,Rain,Wet,Daylight,33.689828,-84.500195
9/1/13 21:30,Atlanta Police Department,Fulton,Atlanta,300 Courtland St,,(C) Possible Injury / Complaint,Angle (Other),,"[""Intersection Related"",""Pedestrian"",""Older Driver (55-64)""]",0,0,0,1,1,"[""No Contributing Factors"",""Other""]",,Clear,Dry,Daylight,33.762564,-84.384151
2/11/13 9:38,Atlanta Police Department,Fulton,Atlanta,Jonesboro Rd,Gammon Ave and Jonesboro Rd,(C) Possible Injury / Complaint,Angle (Other),,"[""Intersection Related"",""Distracted Driver (Confirmed)"",""Older Driver (65+)"",""Bicycle"",""Improper Occupant Protection""]",0,0,0,1,2,"[""Inattentive or Other Distraction (Distracted)"",""Inattentive or Other Distraction (Distracted)""]",,Cloudy,Wet,Daylight,33.718593,-84.384891
8/29/13 9:52,Atlanta Police Department,Fulton,Atlanta,Joseph E Boone Blvd Nw   Oliver St,Oliver St and Joseph E Boone Blvd Nw   Oliver St,(B) Suspected Minor/Visible Injury,Angle (Other),,"[""Intersection Related"",""Hit & Run"",""Bicycle"",""Improper Occupant Protection""]",0,0,1,0,2,,,Clear,Dry,Daylight,33.763469,-84.415636
8/29/13 15:06,Atlanta Police Department,Fulton,Atlanta,W Paces Ferry Rd,Habersham Rd and W Paces Ferry Rd,(B) Suspected Minor/Visible Injury,Angle (Other),,"[""Intersection Related"",""Bicycle""]",0,0,1,0,2,"[""Failure to Yield"",""No Contributing Factors""]",,Clear,Dry,Daylight,33.844039,-84.395383
9/26/13 10:55,Georgia Tech Police Department,Fulton,Atlanta,Ferst Dr,Ferst Dr and Fowler St,(B) Suspected Minor/Visible Injury,Sideswipe-Same Direction,,Bicycle,0,0,1,0,2,"[""Following Too Close"",""No Contributing Factors""]",,Clear,Dry,Daylight,33.776919,-84.39395
5/1/13 17:00,Atlanta Police Department,Fulton,Atlanta,Forsyth St,Alabama St and Forsyth St,(C) Possible Injury / Complaint,Not a Collision with Motor Vehicle,,"[""Intersection Related"",""Hit & Run"",""Pedestrian""]",0,0,0,1,1,"[""Failure to Yield"",""No Contributing Factors""]",,Clear,Dry,Daylight,33.753875,-84.392602
1/20/13 20:27,Atlanta Police Department,Fulton,Atlanta,1655 Orlando St,,(B) Suspected Minor/Visible Injury,Angle (Other),,"[""Older Driver (65+)"",""Pedestrian"",""Improper Occupant Protection""]",0,0,2,0,1,,,Clear,Dry,Dark-Lighted,33.727139,-84.442148
5/21/13 13:41,Gsp Post 00,Fulton,Atlanta,Pryor St,Pryor St and Garnett St,(C) Possible Injury / Complaint,Not a Collision with Motor Vehicle,,"[""Intersection Related"",""Pedestrian""]",0,0,0,1,1,"[""Failure to Yield"",""No Contributing Factors""]",,Clear,Dry,Daylight,33.747956,-84.393332
11/14/14 12:55,Atlanta Police Department,Fulton,Atlanta,Piedmont Ave,Piedmont Ave and John Wesley Dobbs Ave,(B) Suspected Minor/Visible Injury,Not a Collision with Motor Vehicle,,"[""Intersection Related"",""Pedestrian""]",0,0,1,0,1,"[""Failure to Yield"",""No Contributing Factors""]",,Clear,Dry,Daylight,33.757097,-84.382335
9/19/14 13:10,Atlanta Police Department,Fulton,Atlanta,W Peachtree St,14Th St and W Peachtree St,(B) Suspected Minor/Visible Injury,Angle (Other),,"[""Intersection Related"",""Older Driver (65+)"",""Bicycle""]",0,0,1,0,2,"[""Failure to Yield"",""No Contributing Factors""]",,Clear,Dry,Daylight,33.786633,-84.383161
3/24/14 16:10,Atlanta Police Department,Fulton,Atlanta,E Paces Ferry Rd,E Shadowlawn Ave and E Paces Ferry Rd,(C) Possible Injury / Complaint,Angle (Other),,"[""Intersection Related"",""Pedestrian""]",0,0,0,1,0,No Contributing Factors,,Clear,Dry,Daylight,33.838497,-84.374169
3/9/14 14:42,Atlanta Police Department,Fulton,Atlanta,2909 Campbellton Rd,,(B) Suspected Minor/Visible Injury,Angle (Other),,"[""Intersection Related"",""CMV Related"",""Bicycle"",""Improper Occupant Protection""]",0,0,1,0,2,,,Clear,Dry,Daylight,33.698173,-84.483287
10/31/14 20:13,Atlanta Police Department,Fulton,Atlanta,1745 Rogers Ave,,(B) Suspected Minor/Visible Injury,Not a Collision with Motor Vehicle,,"[""Pedestrian"",""Distracted Driver (Suspected)""]",0,0,1,0,1,"[""No Contributing Factors"",""Other""]",,Rain,Wet,Dark-Not Lighted,33.737333,-84.444804
2/14/14 16:46,Atlanta Police Department,Fulton,Atlanta,174 Chester Ave,,(B) Suspected Minor/Visible Injury,Angle (Other),,"[""Intersection Related"",""Bicycle""]",0,0,1,0,2,,,Cloudy,Dry,Daylight,33.749,-84.359194
8/15/14 16:00,Atlanta Police Department,Fulton,Atlanta,540 Humphries,,(C) Possible Injury / Complaint,Not a Collision with Motor Vehicle,,"[""Intersection Related"",""Hit & Run"",""Pedestrian""]",0,0,0,1,1,"[""Improper Turn"",""No Contributing Factors""]",,Clear,Dry,Daylight,33.741974,-84.401864
5/4/14 14:45,Atlanta Police Department,Fulton,Atlanta,Lawton St,Lawton St and Ralph D Abernathy Blvd,(A) Suspected Serious Injury,Angle (Other),,"[""Intersection Related"",""Older Driver (65+)"",""Pedestrian"",""Young Adult Driver (Age 20-24)""]",0,1,1,0,2,"[""Failure to Yield"",""No Contributing Factors"",""No Contributing Factors""]",,Clear,Dry,Daylight,33.738382,-84.423354
10/25/14 2:53,Atlanta Police Department,Fulton,Atlanta,Bolling Way,Bolling Way and Peachtree Rd,(B) Suspected Minor/Visible Injury,Head On,,"[""Intersection Related"",""Hit & Run"",""Pedestrian"",""Distracted Driver (Suspected)"",""Improper Occupant Protection""]",0,0,1,0,1,"[""Other"",""Other""]",,Clear,Dry,Dark-Lighted,33.840284,-84.378387
5/17/14 13:00,Atlanta Police Department,Fulton,Atlanta,1767 Donald Lee Hollowell,,(B) Suspected Minor/Visible Injury,Angle (Other),,"[""Intersection Related"",""Older Driver (65+)"",""Pedestrian""]",0,0,1,0,1,"[""No Contributing Factors"",""No Contributing Factors""]",,Clear,Dry,Daylight,33.772776,-84.441998
7/26/14 5:22,Atlanta Police Department,Fulton,Atlanta,236 Auburn,,(O) No Injury,Rear End,,"[""Roadway Departure"",""Hit & Run"",""Pedestrian"",""Young Driver (Age 15-19)"",""Distracted Driver (Suspected)""]",0,0,0,0,2,"[""No Contributing Factors"",""Other"",""Other""]",,Clear,Dry,Dark-Not Lighted,33.755536,-84.379907
5/1/14 17:20,Atlanta Police Department,Fulton,Atlanta,Peachtree Rd,Peachtree Rd and Peachtree Valley Rd,(O) No Injury,Angle (Other),,"[""Intersection Related"",""Bicycle""]",0,0,0,0,2,"[""No Contributing Factors"",""Other""]",,Clear,Dry,Daylight,33.806704,-84.393889
9/17/14 10:47,Atlanta Police Department,Fulton,Atlanta,35 Forsyth St,Alabama St and 35 Forsyth St,(C) Possible Injury / Complaint,Not a Collision with Motor Vehicle,,"[""Intersection Related"",""Pedestrian""]",0,0,0,1,1,"[""Failure to Yield"",""No Contributing Factors""]",,Clear,Dry,Daylight,33.753771,-84.392681
6/11/14 20:25,Atlanta Police Department,Fulton,Atlanta,Angier Ave,Angier Ct and Angier Ave,(B) Suspected Minor/Visible Injury,Not a Collision with Motor Vehicle,,Pedestrian,0,0,1,0,1,"[""Failure to Yield"",""No Contributing Factors""]",,Clear,Dry,Daylight,33.766365,-84.374571
10/24/14 21:15,Atlanta Police Department,Fulton,Atlanta,Piedmont Ave,Piedmont Ave and Ralph Mcgill Blvd,(A) Suspected Serious Injury,Not a Collision with Motor Vehicle,,"[""Intersection Related"",""Distracted Driver (Confirmed)"",""Pedestrian"",""Young Driver (Age 15-19)""]",0,1,0,0,1,"[""Failure to Yield"",""No Contributing Factors""]",,Cloudy,Dry,Dark-Lighted,33.764265,-84.382069
12/4/14 15:41,Atlanta Police Department,Fulton,Atlanta,1680 Campbellton Rd,Stanton Rd and 1680 Campbellton Rd,(C) Possible Injury / Complaint,Not a Collision with Motor Vehicle,,"[""Pedestrian"",""Young Adult Driver (Age 20-24)"",""Distracted Driver (Suspected)""]",0,0,0,1,1,"[""No Contributing Factors"",""Other""]",,Clear,Dry,Daylight,33.711664,-84.443179
3/25/14 19:15,Georgia Tech Police Department,Fulton,Atlanta,Ferst Dr,Sixth St and Ferst Dr,(C) Possible Injury / Complaint,Head On,,"[""Pedestrian"",""Young Adult Driver (Age 20-24)""]",0,0,0,1,2,"[""Failure to Yield"",""No Contributing Factors"",""No Contributing Factors""]",,Clear,Dry,Daylight,33.777925,-84.402031
6/30/14 16:20,Atlanta Police Department,Fulton,Atlanta,Proctor St,Proctor St and Joseph E Lowery Blvd,(O) No Injury,Not a Collision with Motor Vehicle,,"[""Intersection Related"",""Distracted Driver (Confirmed)"",""Pedestrian""]",0,0,0,0,1,"[""Inattentive or Other Distraction (Distracted)"",""No Contributing Factors""]",,Clear,Dry,Daylight,33.764962,-84.417462
3/17/14 6:43,Atlanta Police Department,Fulton,Atlanta,Boulevard Ne   N Ave,N Ave and Boulevard Ne   N Ave,(C) Possible Injury / Complaint,Angle (Other),,"[""Intersection Related"",""Distracted Driver (Confirmed)"",""Pedestrian"",""Young Adult Driver (Age 20-24)""]",0,0,0,1,1,"[""Inattentive or Other Distraction (Distracted)"",""No Contributing Factors""]",,Rain,Wet,Dark-Lighted,33.771133,-84.371777
2/25/14 15:11,Atlanta Police Department,Fulton,Atlanta,830 Ralph D Abernathy Blvd,,(B) Suspected Minor/Visible Injury,Not a Collision with Motor Vehicle,,"[""Hit & Run"",""Pedestrian""]",0,0,1,0,1,"[""Disregard Stop Sign/Signal"",""No Contributing Factors""]",,Cloudy,Dry,Daylight,33.738254,-84.414905
7/1/14 20:20,Atlanta Police Department,Fulton,Atlanta,Monroe Dr,Monroe Dr and Virginia Ave,(B) Suspected Minor/Visible Injury,Not a Collision with Motor Vehicle,,"[""Intersection Related"",""Pedestrian"",""Young Adult Driver (Age 20-24)""]",0,0,1,0,1,"[""Failure to Yield"",""No Contributing Factors""]",,Clear,Dry,Dusk,33.780536,-84.369067
8/16/14 23:35,Atlanta Police Department,Fulton,Atlanta,Peachtree Rd,Collier Rd and Peachtree Rd,(O) No Injury,Angle (Other),,"[""Intersection Related"",""Bicycle""]",0,0,0,0,2,"[""Failure to Yield"",""No Contributing Factors""]",,Clear,Dry,Dark-Lighted,33.806635,-84.393899
8/11/14 15:53,Atlanta Police Department,Fulton,Atlanta,Metropolitan Pkwy,Manford Rd and Metropolitan Pkwy,(C) Possible Injury / Complaint,Not a Collision with Motor Vehicle,,"[""Intersection Related"",""Pedestrian"",""Distracted Driver (Suspected)"",""Older Driver (55-64)""]",0,0,0,1,1,"[""No Contributing Factors"",""Other""]",,Cloudy,Dry,Daylight,33.718277,-84.407862
10/1/14 7:40,Atlanta Police Department,Fulton,Atlanta,1047 Memorial Dr,Stovall St and 1047 Memorial Dr,(O) No Injury,Angle (Other),,"[""Bicycle"",""Older Driver (55-64)"",""Improper Occupant Protection""]",0,0,0,0,2,"[""No Contributing Factors"",""No Contributing Factors""]",,Clear,Dry,Daylight,33.746703,-84.353486
4/6/14 0:01,Atlanta Police Department,Fulton,Atlanta,Maxwell Dr,Maxwell Dr and Cherry Laurel Ln,(A) Suspected Serious Injury,Not a Collision with Motor Vehicle,,"[""Intersection Related"",""Pedestrian"",""Young Adult Driver (Age 20-24)""]",0,1,0,0,1,"[""Failure to Yield"",""No Contributing Factors""]",,Clear,Dry,Dark-Lighted,33.696209,-84.482968