Date and Time,Agency Name (Crash Level) ,Area: County,Area: City,Roadway (From Crash Report),Intersection Name (from Crash Report),KABCO Severity,Manner of Collision (Crash Level) ,First Harmful Event (Crash Level) ,SHSP Emphasis Areas,# of Fatalities (Person Table),# Serious Injuries,# Visible Injuries,# Complaint Injuries,# of Vehicles,Operator / Driver Contributing Factor -old,Roadway Contributing Factors (Crash Level) ,Weather Conditions (Crash Level),Surface Condition (Crash Level) ,Light Conditions (Crash Level),Latitude ,Longitude
10/31/16 8:20,Atlanta Police Department,Fulton,Atlanta,Angier Ave Ne   Parkway Dr,Parkway Dr and Angier Ave Ne   Parkway Dr,(C) Possible Injury / Complaint,Angle (Other),,"[""Intersection Related"",""Hit & Run"",""Pedestrian"",""Impaired (Suspected)""]",0,0,0,1,1,"[""No Contributing Factors"",""Other""]",,Clear,Dry,Daylight,33.766342,-84.373189
7/10/16 0:08,Atlanta Police Department,Fulton,Atlanta,Auburn Ave,Jackson St and Auburn Ave,(O) No Injury,Head On,,"[""Intersection Related"",""Hit & Run"",""Pedestrian"",""Impaired (Suspected)"",""Distracted Driver (Suspected)""]",0,0,0,0,2,"[""Other"",""Other"",""Other""]",,Clear,Dry,Dark-Lighted,33.755491,-84.37437
1/2/16 2:48,Atlanta Police Department,Fulton,Atlanta,Roswell Rd,Roswell Rd and E Andrews Dr,(C) Possible Injury / Complaint,Not a Collision with Motor Vehicle,,"[""Pedestrian"",""Young Adult Driver (Age 20-24)"",""Distracted Driver (Suspected)""]",0,0,0,1,1,"[""No Contributing Factors"",""Other""]",,Clear,Dry,Dark-Lighted,33.841559,-84.378994
8/2/16 15:59,Atlanta Police Department,Fulton,Atlanta,3369 Lenox Rd,Wright Ave and 3369 Lenox Rd,(C) Possible Injury / Complaint,Not a Collision with Motor Vehicle,,"[""Intersection Related"",""Pedestrian""]",0,0,0,1,1,"[""Failure to Yield"",""No Contributing Factors""]",,Clear,Wet,Daylight,33.846718,-84.359328
8/22/16 8:10,Atlanta Police Department,Fulton,Atlanta,W Peachtree St,W Peachtree St and Ivan Allen Jr Blvd,(C) Possible Injury / Complaint,Not a Collision with Motor Vehicle,,"[""Intersection Related"",""Pedestrian"",""Older Driver (55-64)""]",0,0,0,1,1,"[""Failure to Yield"",""No Contributing Factors""]",,Clear,Dry,Daylight,33.764818,-84.387515
9/20/16 19:54,Atlanta Police Department,DeKalb,Atlanta,428 Carter Ave,,(B) Suspected Minor/Visible Injury,Angle (Other),,"[""Distracted Driver (Confirmed)"",""Older Driver (65+)"",""Pedestrian""]",0,0,1,0,1,,,Clear,Dry,Dark-Not Lighted,33.739255,-84.305132
3/29/16 19:05,Georgia Tech Police Department,Fulton,Atlanta,Tenth Ave,State St and Tenth Ave,(B) Suspected Minor/Visible Injury,Angle (Other),,"[""Intersection Related"",""Bicycle"",""Improper Occupant Protection""]",0,0,1,0,2,"[""Failure to Yield"",""No Contributing Factors""]",,Clear,Dry,Dusk,33.781512,-84.399165
8/10/16 19:06,Atlanta Police Department,Fulton,Atlanta,500 Northside,Northside Dr and 500 Northside,(C) Possible Injury / Complaint,Angle (Other),,"[""Pedestrian"",""Young Adult Driver (Age 20-24)""]",0,0,0,1,1,"[""No Contributing Factors"",""No Contributing Factors""]",,Cloudy,Dry,Daylight,33.799565,-84.402451
4/6/16 12:31,Atlanta Police Department,Fulton,Atlanta,13Th St,13Th St and Peachtree Walk,(B) Suspected Minor/Visible Injury,Angle (Other),,"[""Intersection Related"",""Bicycle"",""Improper Occupant Protection""]",0,0,1,0,2,"[""Failure to Yield"",""Wrong Side of Road""]",,Cloudy,Dry,Daylight,33.78563,-84.38626
3/16/16 14:15,Atlanta Police Department,Fulton,Atlanta,Edgewood Ave,Edgewood Ave and Jesse Hill Jr Dr,(B) Suspected Minor/Visible Injury,Angle (Other),,"[""Intersection Related"",""Distracted Driver (Confirmed)"",""Bicycle""]",0,0,1,0,2,"[""Failure to Yield"",""No Contributing Factors""]",,Clear,Dry,Daylight,33.754417,-84.380262
5/28/16 16:27,Atlanta Police Department,Fulton,Atlanta,Piedmont Ave,Monroe Dr and Piedmont Ave,(O) No Injury,Angle (Other),,Pedestrian,0,0,0,0,1,"[""Misjudged Clearance"",""No Contributing Factors""]",,Clear,Dry,Daylight,33.798937,-84.370438
10/29/16 16:22,Atlanta Police Department,Fulton,Atlanta,Curran Ave,Curran Ave and Hemphill Ave,(C) Possible Injury / Complaint,Not a Collision with Motor Vehicle,,"[""Intersection Related"",""Hit & Run"",""Pedestrian"",""Distracted Driver (Suspected)""]",0,0,0,1,1,"[""No Contributing Factors"",""No Contributing Factors""]",,Clear,Dry,Daylight,33.784845,-84.40609
11/3/16 17:48,Atlanta Police Department,Fulton,Atlanta,S Evelyn Pl,S Evelyn Pl and Donald Lee Hollowell Pkwy,(C) Possible Injury / Complaint,Not a Collision with Motor Vehicle,,"[""Intersection Related"",""Pedestrian"",""Older Driver (55-64)""]",0,0,0,1,1,"[""Failure to Yield"",""No Contributing Factors""]",,Clear,Dry,Daylight,33.774391,-84.446005
6/1/16 23:08,Atlanta Police Department,Fulton,Atlanta,N Ave,N Ave and W Peachtree St,(A) Suspected Serious Injury,Not a Collision with Motor Vehicle,,"[""Intersection Related"",""Pedestrian"",""Distracted Driver (Suspected)""]",0,1,0,1,1,"[""No Contributing Factors"",""Other""]",,Clear,Dry,Dark-Lighted,33.771257,-84.387471
12/2/16 16:28,Atlanta Police Department,DeKalb,Atlanta,Hardee St,Hardee St and Mayson Ave,(B) Suspected Minor/Visible Injury,Not a Collision with Motor Vehicle,,"[""Intersection Related"",""Pedestrian"",""Older Driver (55-64)""]",0,0,1,0,1,"[""Failure to Yield"",""No Contributing Factors""]",,Clear,Dry,Daylight,33.755383,-84.338645
9/13/16 10:58,Atlanta Police Department,Fulton,Atlanta,1559 Johnson Rd,Perry Blvd and 1559 Johnson Rd,(C) Possible Injury / Complaint,Not a Collision with Motor Vehicle,,"[""Intersection Related"",""Distracted Driver (Confirmed)"",""Pedestrian"",""Improper Occupant Protection""]",0,0,0,1,1,Inattentive or Other Distraction (Distracted),,Clear,Dry,Daylight,33.788323,-84.436662
9/21/16 19:00,Atlanta Police Department,Fulton,Atlanta,2035 Lois,Jones Ave and 2035 Lois,(A) Suspected Serious Injury,Not a Collision with Motor Vehicle,,"[""Hit & Run"",""Pedestrian"",""Distracted Driver (Suspected)""]",0,1,0,0,1,"[""Improper Backing"",""No Contributing Factors""]",,Clear,Dry,Dark-Not Lighted,33.784816,-84.454552
3/4/16 17:41,Atlanta Police Department,Fulton,Atlanta,826 Ralph D Abernathy Blvd,Lee St and 826 Ralph D Abernathy Blvd,(C) Possible Injury / Complaint,Not a Collision with Motor Vehicle,,"[""Pedestrian"",""Distracted Driver (Suspected)"",""Older Driver (55-64)""]",0,0,0,1,1,"[""No Contributing Factors"",""Other""]",,Clear,Dry,Daylight,33.738253,-84.414822
8/31/16 9:58,Atlanta Police Department,Fulton,Atlanta,512 Means St,,(B) Suspected Minor/Visible Injury,Not a Collision with Motor Vehicle,,"[""Roadway Departure"",""Pedestrian"",""Distracted Driver (Suspected)""]",0,0,1,0,1,"[""Improper Backing"",""No Contributing Factors""]",,Clear,Dry,Daylight,33.772437,-84.404072
3/4/16 19:47,Atlanta Police Department,Fulton,Atlanta,129,,(A) Suspected Serious Injury,Head On,,"[""Intersection Related"",""Hit & Run"",""Pedestrian"",""Distracted Driver (Suspected)""]",0,1,1,0,2,"[""Other"",""Other"",""Other""]",,Clear,Dry,Dark-Not Lighted,33.771191,-84.38349
10/8/16 16:48,Atlanta Police Department,Fulton,Atlanta,725 Ponce De Leon Ave,Ponce De Leon Ave and 725 Ponce De Leon Ave,(C) Possible Injury / Complaint,Angle (Other),,"[""Intersection Related"",""Hit & Run"",""Pedestrian""]",0,0,0,1,1,"[""Improper Backing"",""No Contributing Factors""]",,Clear,Dry,Daylight,33.773632,-84.363607
1/9/16 21:44,Atlanta Police Department,Fulton,Atlanta,884 Mayson Turner Rd,Carter St and 884 Mayson Turner Rd,(O) No Injury,Not a Collision with Motor Vehicle,,"[""Intersection Related"",""Hit & Run"",""Pedestrian"",""Young Adult Driver (Age 20-24)"",""Impaired Driving (Confirmed)""]",0,0,0,0,2,"[""No Contributing Factors"",""No Contributing Factors"",""Under the Influence (U.I.)""]",,Rain,Wet,Dark-Lighted,33.756572,-84.416632
12/7/16 8:32,Atlanta Police Department,Fulton,Atlanta,Walker St,Haynes St and Walker St,(O) No Injury,Angle (Other),,"[""Intersection Related"",""Bicycle""]",0,0,0,0,2,"[""Disregard Stop Sign/Signal"",""No Contributing Factors""]",,Clear,Dry,Daylight,33.750216,-84.400916
3/29/16 16:00,Atlanta Police Department,Fulton,Atlanta,10Th St Nw   Spring St,Spring St and 10Th St Nw   Spring St,(B) Suspected Minor/Visible Injury,Sideswipe-Same Direction,,"[""Intersection Related"",""Pedestrian""]",0,0,1,0,1,"[""Failure to Yield"",""No Contributing Factors""]",,Clear,Dry,Daylight,33.781503,-84.389168
4/14/16 6:00,Atlanta Police Department,Fulton,Atlanta,Peachtree Rd,Lenox Rd and Peachtree Rd,(B) Suspected Minor/Visible Injury,Angle (Other),,"[""Intersection Related"",""Pedestrian""]",0,0,1,0,1,"[""Failure to Yield"",""No Contributing Factors""]",,Rain,Wet,Dark-Lighted,33.850528,-84.362239
9/22/16 19:12,Atlanta Police Department,Fulton,Atlanta,Hemphill Ave,10Th St and Hemphill Ave,(B) Suspected Minor/Visible Injury,Head On,,"[""Intersection Related"",""Pedestrian""]",0,0,1,0,1,"[""Disregard Stop Sign/Signal"",""No Contributing Factors""]",,Clear,Dry,Daylight,33.781536,-84.404192
11/28/16 21:39,Atlanta Police Department,Fulton,Atlanta,1860 Penelope Rd,,(B) Suspected Minor/Visible Injury,Angle (Other),,"[""Distracted Driver (Confirmed)"",""Pedestrian""]",0,0,1,0,1,"[""Inattentive or Other Distraction (Distracted)"",""No Contributing Factors""]",,Clear,Dry,Dark-Not Lighted,33.753877,-84.448063
4/17/16 13:08,Atlanta Police Department,DeKalb,Atlanta,Hosea L Williams Dr,Howard St and Hosea L Williams Dr,(B) Suspected Minor/Visible Injury,Sideswipe-Same Direction,,"[""Intersection Related"",""Bicycle""]",0,0,1,0,2,"[""Failure to Yield"",""No Contributing Factors""]",,Clear,Dry,Daylight,33.752087,-84.323591
10/27/16 16:27,Atlanta Police Department,Fulton,Atlanta,Decatur St,Hill St and Decatur St,(O) No Injury,Angle (Other),,Bicycle,0,0,0,0,2,"[""Improper Turn"",""No Contributing Factors""]",,Clear,Dry,Daylight,33.749786,-84.380312
6/27/16 15:55,Atlanta Police Department,DeKalb,Atlanta,2886 Memorial Dr,,(B) Suspected Minor/Visible Injury,Rear End,,"[""Intersection Related"",""Bicycle"",""Distracted Driver (Suspected)"",""Improper Occupant Protection""]",0,0,1,0,2,"[""Following Too Close"",""No Contributing Factors""]",,Clear,Dry,Daylight,33.747059,-84.29291
2/28/16 15:32,Atlanta Police Department,Fulton,Atlanta,Lee St,Lee St and Poole Pl,(C) Possible Injury / Complaint,Angle (Other),,"[""Intersection Related"",""Older Driver (65+)"",""Bicycle"",""Older Driver (55-64)""]",0,0,0,1,2,"[""No Contributing Factors"",""Wrong Side of Road""]",,Clear,Dry,Daylight,33.739073,-84.414053
3/6/16 11:50,Atlanta Police Department,Fulton,Atlanta,Barnett St,Barnett St and Saint Charles Ave,(O) No Injury,Angle (Other),,"[""Intersection Related"",""Older Driver (65+)"",""Bicycle""]",0,0,0,0,2,"[""Improper Turn"",""No Contributing Factors""]",,Clear,Dry,Daylight,33.775417,-84.358717
11/21/16 23:25,Atlanta Police Department,Fulton,Atlanta,1355 Ralph D Abernathy Blvd,Langhorn St and 1355 Ralph D Abernathy Blvd,(C) Possible Injury / Complaint,Not a Collision with Motor Vehicle,,"[""Intersection Related"",""Pedestrian"",""Secondary Crash"",""Distracted Driver (Suspected)"",""Older Driver (55-64)""]",0,0,0,1,1,"[""No Contributing Factors"",""Other""]",,Clear,Dry,Dark-Lighted,33.739185,-84.432457
1/15/16 6:40,Atlanta Police Department,Fulton,Atlanta,35 Forsyth St,Alabama St and 35 Forsyth St,(C) Possible Injury / Complaint,Not a Collision with Motor Vehicle,,"[""Intersection Related"",""Pedestrian"",""Improper Occupant Protection""]",0,0,0,2,1,"[""Failure to Yield"",""No Contributing Factors""]",,Rain,Wet,Dark-Lighted,33.753811,-84.392651
1/22/16 10:58,Atlanta Police Department,Fulton,Atlanta,Andrew Young Interna Blvd,Peachtree Center Ave and Andrew Young Interna Blvd,(O) No Injury,Angle (Other),,"[""Intersection Related"",""Bicycle"",""Improper Occupant Protection""]",0,0,0,0,2,"[""No Contributing Factors"",""No Contributing Factors""]",,Rain,Wet,Daylight,33.759654,-84.384199
12/3/16 18:02,Atlanta Police Department,Fulton,Atlanta,Peachtree St,11Th St and Peachtree St,(C) Possible Injury / Complaint,Not a Collision with Motor Vehicle,,"[""Intersection Related"",""Pedestrian"",""Older Driver (55-64)""]",0,0,0,1,1,"[""Failure to Yield"",""No Contributing Factors""]",,Rain,Wet,Dark-Lighted,33.783084,-84.383869
5/8/16 17:19,Atlanta Police Department,Fulton,Atlanta,Baker St,Baker St and Luckie St,(B) Suspected Minor/Visible Injury,Head On,,"[""Intersection Related"",""Hit & Run"",""Pedestrian""]",0,0,1,0,1,"[""Disregard Stop Sign/Signal"",""No Contributing Factors""]",,Clear,Dry,Daylight,33.761881,-84.395227
1/13/16 15:59,Atlanta Police Department,Fulton,Atlanta,Hank Aaron Dr,Haygood St and Hank Aaron Dr,(B) Suspected Minor/Visible Injury,Not a Collision with Motor Vehicle,,"[""Distracted Driver (Confirmed)"",""Pedestrian""]",0,0,1,0,1,"[""Inattentive or Other Distraction (Distracted)"",""No Contributing Factors""]",,Clear,Dry,Daylight,33.726122,-84.388054
9/20/13 18:00,Gsp Post 00,Fulton,Atlanta,State St,State St and Calhoun St,(C) Possible Injury / Complaint,Angle (Other),,"[""Intersection Related"",""Pedestrian"",""Young Adult Driver (Age 20-24)""]",0,0,0,1,1,"[""No Contributing Factors"",""No Contributing Factors""]",,Clear,Dry,Daylight,33.781494,-84.399148
3/18/13 14:56,Atlanta Police Department,Fulton,Atlanta,3170 Delmar Ln,,(O) No Injury,Not a Collision with Motor Vehicle,,"[""Intersection Related"",""Distracted Driver (Confirmed)"",""Pedestrian""]",0,0,0,0,1,"[""Misjudged Clearance"",""No Contributing Factors""]",,Cloudy,Dry,Daylight,33.755922,-84.491085
10/31/13 17:07,Atlanta Police Department,Fulton,Atlanta,2592 Cascade Rd,,(B) Suspected Minor/Visible Injury,Head On,,"[""Intersection Related"",""Bicycle"",""Improper Occupant Protection""]",0,0,1,0,2,,,Clear,Dry,Daylight,33.720019,-84.47229
5/13/13 9:53,Atlanta Police Department,Fulton,Atlanta,165 Courtland St,Ellis St and 165 Courtland St,(B) Suspected Minor/Visible Injury,Rear End,,"[""Intersection Related"",""Bicycle"",""Improper Occupant Protection""]",0,0,1,0,2,"[""Failure to Yield"",""No Contributing Factors""]",,Clear,Dry,Daylight,33.758444,-84.384219
1/16/13 7:25,Atlanta Police Department,Fulton,Atlanta,John Wesley Dobbs Ave,Piedmont Ave and John Wesley Dobbs Ave,(O) No Injury,Sideswipe-Same Direction,,"[""Intersection Related"",""Pedestrian""]",0,0,0,0,2,"[""Changed Lanes Improperly"",""Changed Lanes Improperly""]",,Rain,Wet,Daylight,33.757094,-84.382228
10/17/13 7:07,Gsp Post 00,Fulton,Atlanta,Central Ave,Memorial Dr and Central Ave,(B) Suspected Minor/Visible Injury,Not a Collision with Motor Vehicle,,"[""Older Driver (65+)"",""Pedestrian"",""Distracted Driver (Suspected)""]",0,0,1,0,1,"[""No Contributing Factors"",""No Contributing Factors""]",,Rain,Wet,Dark-Not Lighted,33.749464,-84.390329
4/27/13 1:43,Atlanta Police Department,Fulton,Atlanta,999 Peachtree St,10 Th St and 999 Peachtree St,(O) No Injury,Rear End,,"[""Intersection Related"",""Pedestrian"",""Young Driver (Age 15-19)""]",0,0,0,0,2,"[""Improper Turn"",""No Contributing Factors"",""No Contributing Factors"",""No Contributing Factors""]",,Cloudy,Dry,Dark-Lighted,33.781494,-84.384026
12/10/13 15:33,Atlanta Police Department,Fulton,Atlanta,Piedmont Ave,Monroe Dr and Piedmont Ave,(O) No Injury,Sideswipe-Same Direction,,"[""Intersection Related"",""Pedestrian""]",0,0,0,0,2,"[""Changed Lanes Improperly"",""Changed Lanes Improperly"",""No Contributing Factors""]",,Clear,Dry,Daylight,33.797519,-84.368674
4/30/13 9:48,Atlanta Police Department,Fulton,Atlanta,805 Joseph E Boone Blvd,,(C) Possible Injury / Complaint,Angle (Other),,"[""Intersection Related"",""Bicycle""]",0,0,0,1,2,"[""No Contributing Factors"",""Wrong Side of Road""]",,Clear,Dry,Daylight,33.763457,-84.413746
3/1/13 18:42,Atlanta Police Department,Fulton,Atlanta,Alabama St,Forsyth St and Alabama St,(C) Possible Injury / Complaint,Angle (Other),,"[""Intersection Related"",""Older Driver (65+)"",""Pedestrian""]",0,0,0,1,1,"[""Failure to Yield"",""No Contributing Factors""]",,Cloudy,Dry,Dusk,33.753874,-84.392548
10/7/13 10:27,Gsp Post 00,Fulton,Atlanta,I 85,,(A) Suspected Serious Injury,Head On,,"[""Pedestrian"",""Distracted Driver (Suspected)"",""Older Driver (55-64)""]",0,1,0,0,1,"[""No Contributing Factors"",""No Contributing Factors""]",,Clear,Wet,Daylight,33.742679,-84.391918
12/8/13 11:00,Atlanta Police Department,Fulton,Atlanta,Martin L King Jr Dr,Boulder Park Dr and Martin L King Jr Dr,(A) Suspected Serious Injury,Angle (Other),,"[""Intersection Related"",""Pedestrian""]",0,1,0,0,1,No Contributing Factors,,Cloudy,Wet,Daylight,33.751356,-84.490514
5/30/13 18:00,Atlanta Police Department,Fulton,Atlanta,Joseph E Boone Blvd,Whitaker Cir and Joseph E Boone Blvd,(O) No Injury,Not a Collision with Motor Vehicle,,"[""Intersection Related"",""Roadway Departure"",""Distracted Driver (Confirmed)"",""Older Driver (65+)"",""Pedestrian""]",0,0,0,0,1,"[""Inattentive or Other Distraction (Distracted)"",""No Contributing Factors""]",,Clear,Dry,Daylight,33.764138,-84.445861
3/14/13 7:40,Gsp Post 00,Fulton,Atlanta,Memorial Dr,Trinity Ave and Memorial Dr,(C) Possible Injury / Complaint,Not a Collision with Motor Vehicle,,"[""Intersection Related"",""Pedestrian"",""Older Driver (55-64)""]",0,0,0,1,1,"[""Disregard Other Traffic Control"",""No Contributing Factors""]",,Clear,Dry,Daylight,33.746918,-84.389386
10/22/13 7:25,Atlanta Police Department,Fulton,Atlanta,2477 County Line Rd,,(C) Possible Injury / Complaint,Sideswipe-Same Direction,,"[""Distracted Driver (Confirmed)"",""Pedestrian""]",0,0,0,1,1,"[""Inattentive or Other Distraction (Distracted)"",""Other""]",,Clear,Dry,Dawn,33.687797,-84.533715
6/8/13 23:50,Atlanta Police Department,Fulton,Atlanta,1431 Hollywood Rd,,(B) Suspected Minor/Visible Injury,Head On,,"[""Hit & Run"",""Pedestrian"",""Distracted Driver (Suspected)"",""Improper Occupant Protection""]",0,0,2,0,1,"[""No Contributing Factors"",""No Contributing Factors""]",,Clear,Dry,Dark-Lighted,33.794483,-84.469474
9/17/13 16:38,Atlanta Police Department,Fulton,Atlanta,Marietta St,Hampton St and Marietta St,(B) Suspected Minor/Visible Injury,Not a Collision with Motor Vehicle,,"[""Intersection Related"",""Pedestrian""]",0,0,1,0,1,"[""Failure to Yield"",""No Contributing Factors""]",,Clear,Dry,Daylight,33.777226,-84.408234
9/13/13 15:55,Atlanta Police Department,Fulton,Atlanta,James Jackson Pkwy,Hightower Rd and James Jackson Pkwy,(K) Fatal Injury,Not a Collision with Motor Vehicle,,"[""Pedestrian"",""Distracted Driver (Suspected)"",""Improper Occupant Protection""]",1,0,0,0,1,"[""No Contributing Factors"",""Other""]",,Clear,Wet,Daylight,33.778098,-84.474613
12/25/13 17:50,Atlanta Police Department,Fulton,Atlanta,828 Midway St,Jonesboro Rd and 828 Midway St,(O) No Injury,Rear End,,"[""Aggressive Driving"",""Pedestrian"",""Young Driver (Age 15-19)""]",0,0,0,0,2,"[""Improper Passing"",""No Contributing Factors"",""No Contributing Factors"",""No Contributing Factors""]",,Clear,Dry,Dark-Lighted,33.689955,-84.363385
9/6/13 15:22,Atlanta Police Department,Fulton,Atlanta,Frederica St,Frederica St and Ponce De Leon Ave,(C) Possible Injury / Complaint,Not a Collision with Motor Vehicle,,"[""Intersection Related"",""Distracted Driver (Confirmed)"",""Pedestrian""]",0,0,0,1,1,"[""Inattentive or Other Distraction (Distracted)"",""No Contributing Factors""]",,Clear,Dry,Daylight,33.773865,-84.355598
2/14/13 4:00,Atlanta Police Department,Fulton,Atlanta,Anns Ln Sw   Plaza Ln,Plaza Ln and Anns Ln Sw   Plaza Ln,(B) Suspected Minor/Visible Injury,Head On,,"[""Roadway Departure"",""Hit & Run"",""Pedestrian"",""Distracted Driver (Suspected)"",""Improper Occupant Protection""]",0,0,1,0,1,"[""No Contributing Factors"",""Other""]",,Clear,Dry,Dark-Not Lighted,33.702606,-84.452289
11/20/13 8:35,Atlanta Police Department,Fulton,Atlanta,Metropolitan Pkwy Sw   Lakewood Ave,Lakewood Ave and Metropolitan Pkwy Sw   Lakewood Ave,(C) Possible Injury / Complaint,Angle (Other),,"[""Intersection Related"",""Hit & Run"",""Pedestrian""]",0,0,0,1,1,Failure to Yield,,Clear,Dry,Daylight,33.697389,-84.408114
8/12/13 19:21,Atlanta Police Department,Fulton,Atlanta,Pkwy,Pkwy and Pine St,(B) Suspected Minor/Visible Injury,Not a Collision with Motor Vehicle,,"[""Intersection Related"",""Hit & Run"",""Pedestrian"",""Distracted Driver (Suspected)""]",0,0,1,0,1,"[""No Contributing Factors"",""Other""]",,Cloudy,Wet,Dusk,33.767913,-84.373142
8/22/13 20:00,Atlanta Police Department,Fulton,Atlanta,Monroe Dr,Orme Cir and Monroe Dr,(B) Suspected Minor/Visible Injury,Not a Collision with Motor Vehicle,,"[""Intersection Related"",""Motorcycle"",""Pedestrian"",""Young Adult Driver (Age 20-24)"",""Distracted Driver (Suspected)""]",0,0,1,0,1,"[""Driver Lost Control"",""Other""]",,Cloudy,Dry,Daylight,33.787191,-84.367242
6/13/13 17:43,Atlanta Police Department,Fulton,Atlanta,N Highland Ave,N Highland Ave and Inman Village Pkwy,(B) Suspected Minor/Visible Injury,Angle (Other),,"[""Intersection Related"",""Pedestrian""]",0,0,1,0,1,"[""Failure to Yield"",""No Contributing Factors""]",,Clear,Dry,Daylight,33.761878,-84.359994
10/1/13 22:31,Atlanta Police Department,Fulton,Atlanta,Ponce De Leon Ave,N Highland Ave and Ponce De Leon Ave,(C) Possible Injury / Complaint,Angle (Other),,"[""Intersection Related"",""Pedestrian"",""Young Adult Driver (Age 20-24)""]",0,0,0,1,2,"[""Failure to Yield"",""No Contributing Factors"",""No Contributing Factors""]",,Clear,Dry,Dark-Lighted,33.773833,-84.3525
6/11/13 18:43,Atlanta Police Department,Fulton,Atlanta,Blvd,Blvd and Irwin St,(B) Suspected Minor/Visible Injury,Angle (Other),,"[""Intersection Related"",""Bicycle"",""Improper Occupant Protection""]",0,0,1,0,2,"[""Failure to Yield"",""No Contributing Factors""]",,Clear,Dry,Daylight,33.757644,-84.372109
10/3/13 15:51,Atlanta Police Department,Fulton,Atlanta,Emerson Ave Se   Palatine Ave,Palatine Ave and Emerson Ave Se   Palatine Ave,(O) No Injury,Angle (Other),,"[""Intersection Related"",""Bicycle"",""Improper Occupant Protection""]",0,0,0,0,2,"[""Driver Condition"",""No Contributing Factors""]",,Clear,Dry,Daylight,33.733304,-84.356081
11/7/13 11:45,Atlanta Police Department,Fulton,Atlanta,Martin L King Jr Dr,Boulder Park Dr and Martin L King Jr Dr,(C) Possible Injury / Complaint,Not a Collision with Motor Vehicle,,"[""Intersection Related"",""Pedestrian""]",0,0,0,1,1,"[""Failure to Yield"",""No Contributing Factors""]",,Cloudy,Dry,Daylight,33.751356,-84.490514
4/23/13 13:20,Atlanta Police Department,Fulton,Atlanta,584 Langhorn St,584 Langhorn St and Ralph D Abernathy,(B) Suspected Minor/Visible Injury,Not a Collision with Motor Vehicle,,"[""Older Driver (65+)"",""Pedestrian""]",0,0,1,0,1,"[""Failure to Yield"",""Failure to Yield""]",,Clear,Dry,Daylight,33.746459,-84.430487
8/5/13 0:38,Atlanta Police Department,Fulton,Atlanta,Joseph E Boone Blvd,Paines Ave and Joseph E Boone Blvd,(K) Fatal Injury,Not a Collision with Motor Vehicle,,"[""Intersection Related"",""Distracted Driver (Confirmed)"",""Hit & Run"",""Pedestrian""]",1,0,0,0,1,"[""Inattentive or Other Distraction (Distracted)"",""Other""]",,Clear,Dry,Dark-Lighted,33.763463,-84.414735
4/23/13 13:30,Atlanta Police Department,DeKalb,Atlanta,Rogers St,Rogers St and Arizona Ave,(B) Suspected Minor/Visible Injury,Angle (Other),,"[""Bicycle"",""Improper Occupant Protection""]",0,0,1,0,2,"[""No Contributing Factors"",""Wrong Side of Road""]",,Clear,Dry,Daylight,33.759157,-84.331335
4/16/13 17:30,Atlanta Police Department,Fulton,Atlanta,Lee St,Lee St and Ralph D Abernathy Blvd,(O) No Injury,Not a Collision with Motor Vehicle,,"[""Intersection Related"",""Pedestrian"",""Distracted Driver (Suspected)""]",0,0,0,0,1,"[""No Contributing Factors"",""Other""]",,Clear,Dry,Daylight,33.738271,-84.41409
10/18/13 15:56,Atlanta Police Department,Fulton,Atlanta,Mcdaniel St Sw   Stephens St,Stephens St and Mcdaniel St Sw   Stephens St,(C) Possible Injury / Complaint,Rear End,,"[""Intersection Related"",""Pedestrian"",""Distracted Driver (Suspected)"",""Improper Occupant Protection""]",0,0,0,3,2,"[""No Contributing Factors"",""No Contributing Factors""]",,Clear,Dry,Daylight,33.734412,-84.401667
3/23/13 18:20,Atlanta Police Department,Fulton,Atlanta,Howell Dr Sw   Martin L King Jr Dr,Martin L King Jr Dr and Howell Dr Sw   Martin L King Jr Dr,(O) No Injury,Not a Collision with Motor Vehicle,,"[""Intersection Related"",""Pedestrian"",""Distracted Driver (Suspected)""]",0,0,0,0,1,"[""No Contributing Factors"",""Other""]",,Cloudy,Dry,Daylight,33.75831,-84.50367
1/18/13 10:12,Atlanta Police Department,Fulton,Atlanta,Hilliard St,Decatur St and Hilliard St,(O) No Injury,Sideswipe-Opposite Direction,,"[""Intersection Related"",""Distracted Driver (Confirmed)"",""Older Driver (65+)"",""Pedestrian""]",0,0,0,0,1,"[""Failure to Yield"",""No Contributing Factors""]",,Clear,Dry,Daylight,33.750181,-84.376641
1/23/13 12:01,Georgia Tech Police Department,Fulton,Atlanta,Ferst Dr,Fower St and Ferst Dr,(B) Suspected Minor/Visible Injury,Rear End,,"[""Intersection Related"",""Bicycle"",""Distracted Driver (Suspected)"",""Improper Occupant Protection""]",0,0,1,0,2,"[""Following Too Close"",""No Contributing Factors""]",,Clear,Dry,Daylight,33.776915,-84.393749
10/8/13 15:40,Atlanta Police Department,Fulton,Atlanta,Peachtree Battle Ave,Peachtree Rd and Peachtree Battle Ave,(C) Possible Injury / Complaint,Not a Collision with Motor Vehicle,,"[""Intersection Related"",""Distracted Driver (Confirmed)"",""Pedestrian"",""Young Driver (Age 15-19)""]",0,0,0,1,1,"[""Inattentive or Other Distraction (Distracted)"",""No Contributing Factors"",""No Contributing Factors""]",,Clear,Dry,Daylight,33.819645,-84.388501