Date and Time,Agency Name (Crash Level) ,Area: County,Area: City,Roadway (From Crash Report),Intersection Name (from Crash Report),KABCO Severity,Manner of Collision (Crash Level) ,First Harmful Event (Crash Level) ,SHSP Emphasis Areas,# of Fatalities (Person Table),# Serious Injuries,# Visible Injuries,# Complaint Injuries,# of Vehicles,Operator / Driver Contributing Factor -old,Roadway Contributing Factors (Crash Level) ,Weather Conditions (Crash Level),Surface Condition (Crash Level) ,Light Conditions (Crash Level),Latitude ,Longitude
12/11/13 10:45,Atlanta Police Department,Fulton,Atlanta,Northside Pkwy,Northside Pkwy and Wpaces Ferry Rd,(C) Possible Injury / Complaint,Not a Collision with Motor Vehicle,,"[""Pedestrian"",""Distracted Driver (Suspected)""]",0,0,0,1,1,"[""No Contributing Factors"",""Other""]",,Clear,Dry,Daylight,33.847936,-84.429653
2/8/13 16:00,Atlanta Police Department,Fulton,Atlanta,1685 Howell Mill Rd,Defoor Ave and 1685 Howell Mill Rd,(C) Possible Injury / Complaint,Head On,,"[""Intersection Related"",""Pedestrian""]",0,0,0,1,1,"[""Failure to Yield"",""No Contributing Factors""]",,Clear,Dry,Daylight,33.800474,-84.41593
9/13/13 10:58,Georgia Tech Police Department,Fulton,Atlanta,Hemphill Ave,9Th St and Hemphill Ave,(B) Suspected Minor/Visible Injury,Angle (Other),,"[""Intersection Related"",""Aggressive Driving"",""Bicycle"",""Improper Occupant Protection""]",0,0,1,0,2,"[""Failure to Yield"",""No Contributing Factors""]",,Clear,Dry,Daylight,33.78056,-84.403346
1/5/13 18:26,Atlanta Police Department,Fulton,Atlanta,Peachtree Rd,Terrace Dr and Peachtree Rd,(O) No Injury,Not a Collision with Motor Vehicle,,"[""Intersection Related"",""Pedestrian"",""Distracted Driver (Suspected)""]",0,0,0,0,1,"[""Other"",""Other""]",,Cloudy,Dry,Dark-Lighted,33.821376,-84.387879
4/18/13 18:00,Atlanta Police Department,Fulton,Atlanta,Ponce De Leon Ave,Monroe Dr and Ponce De Leon Ave,(C) Possible Injury / Complaint,Not a Collision with Motor Vehicle,,"[""Intersection Related"",""Hit & Run"",""Pedestrian""]",0,0,0,1,1,"[""Failure to Yield"",""No Contributing Factors""]",,Clear,Dry,Daylight,33.773675,-84.370876
12/1/13 17:30,Atlanta Police Department,Fulton,Atlanta,Gartell St,Blvd and Gartell St,(K) Fatal Injury,Not a Collision with Motor Vehicle,,"[""Roadway Departure"",""Pedestrian"",""Impaired Driving (Confirmed)"",""Older Driver (55-64)""]",1,0,1,0,1,"[""No Contributing Factors"",""Under the Influence (U.I.)""]",,Clear,Dry,Daylight,33.75294,-84.37108
6/7/13 11:26,Atlanta Police Department,Fulton,Atlanta,Martin L King Jr Dr,Morris Brown Dr and Martin L King Jr Dr,(C) Possible Injury / Complaint,Not a Collision with Motor Vehicle,,"[""Roadway Departure"",""Pedestrian"",""Young Driver (Age 15-19)"",""Distracted Driver (Suspected)""]",0,0,0,1,1,"[""Other"",""Other""]",,Cloudy,Dry,Daylight,33.753554,-84.425897
9/26/13 18:51,Atlanta Police Department,Fulton,Atlanta,1360 Peachtree St,16Th St and 1360 Peachtree St,(O) No Injury,Angle (Other),,"[""Roadway Departure"",""Bicycle""]",0,0,0,0,2,"[""No Contributing Factors"",""Wrong Side of Road""]",,Clear,Dry,Daylight,33.791843,-84.385937
3/6/13 0:36,Atlanta Police Department,Fulton,Atlanta,Memorial Dr,Woods St and Memorial Dr,(O) No Injury,Not a Collision with Motor Vehicle,,"[""Intersection Related"",""Roadway Departure"",""Pedestrian"",""Distracted Driver (Suspected)""]",0,0,0,0,1,"[""No Contributing Factors"",""Other""]",,Clear,Dry,Dark-Lighted,33.746757,-84.372388
1/4/13 9:00,Atlanta Police Department,Fulton,Atlanta,Peachtree St,Mitchell St and Peachtree St,(C) Possible Injury / Complaint,Not a Collision with Motor Vehicle,,"[""Intersection Related"",""Pedestrian""]",0,0,0,2,1,"[""Failure to Yield"",""No Contributing Factors""]",,Clear,Dry,Daylight,33.75089,-84.393058
8/9/13 13:55,Atlanta Police Department,Fulton,Atlanta,5Th St,5Th St and Peachtree St,(B) Suspected Minor/Visible Injury,Angle (Other),,"[""Intersection Related"",""Pedestrian""]",0,0,1,0,1,"[""Failure to Yield"",""No Contributing Factors""]",,Clear,Dry,Daylight,33.773679,-84.384737
8/17/13 0:27,Atlanta Police Department,Fulton,Atlanta,N Highland Ave,Drewry St and N Highland Ave,(B) Suspected Minor/Visible Injury,Not a Collision with Motor Vehicle,,"[""Intersection Related"",""Distracted Driver (Confirmed)"",""Pedestrian""]",0,0,1,0,1,"[""Inattentive or Other Distraction (Distracted)"",""No Contributing Factors""]",,Rain,Wet,Dark-Lighted,33.77823,-84.352791
9/2/13 23:35,Atlanta Police Department,Fulton,Atlanta,Roswell Rd,Roswell Rd and E Andrews Dr,(B) Suspected Minor/Visible Injury,Not a Collision with Motor Vehicle,,"[""Pedestrian"",""Young Adult Driver (Age 20-24)""]",0,0,1,0,1,"[""Failure to Yield"",""No Contributing Factors""]",,Cloudy,Wet,Dark-Lighted,33.843379,-84.3792
12/18/13 0:42,Atlanta Police Department,Fulton,Atlanta,Joseph E Boone Blvd Nw   Sciple Ter,Sciple Ter and Joseph E Boone Blvd Nw   Sciple Ter,(B) Suspected Minor/Visible Injury,Not a Collision with Motor Vehicle,,"[""Hit & Run"",""Bicycle"",""Improper Occupant Protection""]",0,0,1,0,2,"[""Misjudged Clearance"",""No Contributing Factors""]",,Clear,Dry,Dark-Lighted,33.763383,-84.415121
6/13/13 0:09,Atlanta Police Department,Fulton,Atlanta,2685 Metropolitan Pkwy,Connell Ave and 2685 Metropolitan Pkwy,(B) Suspected Minor/Visible Injury,Not a Collision with Motor Vehicle,,"[""Pedestrian"",""Distracted Driver (Suspected)""]",0,0,1,0,2,"[""Disregard Police - Traffic Control"",""No Contributing Factors"",""Other""]",,Clear,Wet,Dark-Lighted,33.683215,-84.407827
10/23/13 13:35,Atlanta Police Department,Fulton,Atlanta,Cleveland Ave,Dearwood Dr and Cleveland Ave,(A) Suspected Serious Injury,Not a Collision with Motor Vehicle,,"[""Intersection Related"",""Pedestrian"",""Impaired (Suspected)""]",0,2,1,0,1,"[""Driver Condition"",""No Contributing Factors"",""No Contributing Factors""]",,Clear,Dry,Daylight,33.681269,-84.40506
3/25/13 12:48,Atlanta Police Department,Fulton,Atlanta,Oakland Dr Sw   Campbellton Rd,Campbellton Rd and Oakland Dr Sw   Campbellton Rd,(B) Suspected Minor/Visible Injury,Not a Collision with Motor Vehicle,,"[""Intersection Related"",""CMV Related"",""Pedestrian""]",0,0,1,0,1,"[""Failure to Yield"",""No Contributing Factors""]",,Clear,Dry,Daylight,33.7176,-84.427445
3/23/13 19:10,Atlanta Police Department,Fulton,Atlanta,Moreland Ave,Austin Ave and Moreland Ave,(C) Possible Injury / Complaint,Not a Collision with Motor Vehicle,,Pedestrian,0,0,0,1,1,"[""Failure to Yield"",""No Contributing Factors""]",,Clear,Dry,Daylight,33.761874,-84.349346
2/8/13 17:40,Atlanta Police Department,Fulton,Atlanta,N Highland Ave,N Highland Ave and Ponce De Leon Ave,(C) Possible Injury / Complaint,Not a Collision with Motor Vehicle,,"[""Intersection Related"",""Hit & Run"",""Pedestrian"",""Distracted Driver (Suspected)""]",0,0,0,1,1,"[""No Contributing Factors"",""Other""]",,Clear,Dry,Daylight,33.773833,-84.352462
7/6/13 15:19,Atlanta Police Department,Fulton,Atlanta,832 Ralph D Abernathy Blvd,Ralph D Abernathy Blvd and 832 Ralph D Abernathy Blvd,(B) Suspected Minor/Visible Injury,Not a Collision with Motor Vehicle,,"[""Pedestrian"",""Distracted Driver (Suspected)""]",0,0,1,0,1,Other,,Clear,Dry,Daylight,33.738254,-84.414982
11/12/13 15:56,Atlanta Police Department,Fulton,Atlanta,Lee St,Lee St and Ralph D Abernathy Blvd,(O) No Injury,Not a Collision with Motor Vehicle,,"[""Distracted Driver (Confirmed)"",""Hit & Run"",""Pedestrian"",""Impaired (Suspected)""]",0,0,0,0,1,"[""Inattentive or Other Distraction (Distracted)"",""No Contributing Factors""]",,Clear,Dry,Daylight,33.741321,-84.414071
12/9/13 7:56,Emory Police Department,DeKalb,Atlanta,Eagle Row,Eagle Row and Peavlne Creek Dr,(C) Possible Injury / Complaint,Not a Collision with Motor Vehicle,,"[""Pedestrian"",""Older Driver (55-64)""]",0,0,0,1,1,"[""No Contributing Factors"",""Other""]",,Rain,Wet,Dark-Not Lighted,33.79093,-84.320952
12/6/13 2:11,Atlanta Police Department,Fulton,Atlanta,John Wesley Dobbs Ave,Jesse Hill Jr Dr and John Wesley Dobbs Ave,(A) Suspected Serious Injury,Not a Collision with Motor Vehicle,,"[""Aggressive Driving"",""Roadway Departure"",""Pedestrian"",""Young Driver (Age 15-19)"",""Impaired Driving (Confirmed)"",""Speed Related""]",0,2,0,0,1,"[""No Contributing Factors"",""No Contributing Factors"",""Too Fast for Conditions""]",,Clear,Wet,Dark-Not Lighted,33.757137,-84.380215
2/24/13 23:40,Atlanta Police Department,Fulton,Atlanta,Jonesboro Rd Se   Browns Mill Rd Se;,Browns Mill Rd Se; and Jonesboro Rd Se   Browns Mill Rd Se;,(O) No Injury,Not a Collision with Motor Vehicle,,"[""Intersection Related"",""Distracted Driver (Confirmed)"",""Pedestrian"",""Improper Occupant Protection""]",0,0,0,0,1,"[""Inattentive or Other Distraction (Distracted)"",""No Contributing Factors""]",,Clear,Dry,Dark-Lighted,33.703108,-84.376665
1/10/13 8:25,Atlanta Police Department,Fulton,Atlanta,John Portman Blvd,Peachtree St and John Portman Blvd,(C) Possible Injury / Complaint,Angle (Other),,"[""Intersection Related"",""Bicycle""]",0,0,0,1,2,"[""Failure to Yield"",""No Contributing Factors""]",,Cloudy,Dry,Daylight,33.760985,-84.387484
12/19/13 17:20,Atlanta Police Department,Fulton,Atlanta,140 Mount Zion Rd,,(C) Possible Injury / Complaint,Not a Collision with Motor Vehicle,,"[""Distracted Driver (Confirmed)"",""Pedestrian"",""Older Driver (55-64)""]",0,0,0,1,1,"[""Inattentive or Other Distraction (Distracted)"",""Inattentive or Other Distraction (Distracted)"",""Misjudged Clearance""]",,Clear,Dry,Daylight,33.67287,-84.393036
5/4/13 12:00,Atlanta Police Department,Fulton,Atlanta,Centennial Olympic P Dr,Ivan Allen Jr Blvd and Centennial Olympic P Dr,(C) Possible Injury / Complaint,Angle (Other),,"[""Intersection Related"",""Pedestrian""]",0,0,0,1,1,"[""Failure to Yield"",""No Contributing Factors""]",,Rain,Wet,Daylight,33.764601,-84.391987
10/14/13 11:53,Atlanta Police Department,Fulton,Atlanta,Ellis St,Ellis St and Courtland St,(B) Suspected Minor/Visible Injury,Angle (Other),,"[""Intersection Related"",""Bicycle"",""Older Driver (55-64)"",""Improper Occupant Protection""]",0,0,1,0,2,"[""Failure to Yield"",""No Contributing Factors""]",,Cloudy,Dry,Daylight,33.758397,-84.384626
6/21/13 11:57,Atlanta Police Department,DeKalb,Atlanta,Memorial Dr,Douglas St and Memorial Dr,(C) Possible Injury / Complaint,Not a Collision with Motor Vehicle,,"[""Intersection Related"",""Roadway Departure"",""Pedestrian"",""Distracted Driver (Suspected)"",""Improper Occupant Protection""]",0,0,0,3,1,"[""No Contributing Factors"",""Other""]",,Clear,Dry,Daylight,33.747376,-84.319817
8/22/13 16:39,Atlanta Police Department,DeKalb,Atlanta,Stokeswood Ave,Newton Ave and Stokeswood Ave,(C) Possible Injury / Complaint,Not a Collision with Motor Vehicle,,"[""Intersection Related"",""Pedestrian"",""Distracted Driver (Suspected)"",""Older Driver (55-64)""]",0,0,0,1,1,"[""No Contributing Factors"",""No Contributing Factors""]",,Clear,Dry,Daylight,33.737325,-84.344717
3/16/13 20:57,Atlanta Police Department,Fulton,Atlanta,Abner Phase,Abner Phase and Mary Gaorga Ave,(K) Fatal Injury,Not a Collision with Motor Vehicle,,"[""Intersection Related"",""Distracted Driver (Confirmed)"",""Hit & Run"",""Pedestrian""]",1,0,0,0,1,"[""Inattentive or Other Distraction (Distracted)"",""Other""]",,Clear,Dry,Dark-Lighted,33.801316,-84.461963
12/23/13 17:30,Atlanta Police Department,Fulton,Atlanta,Donnelly Ave,Lee St and Donnelly Ave,(O) No Injury,Not a Collision with Motor Vehicle,,"[""Intersection Related"",""Pedestrian""]",0,0,0,0,1,"[""Failure to Yield"",""No Contributing Factors""]",,Cloudy,Dry,Dark-Lighted,33.727411,-84.417698
3/27/13 13:38,Atlanta Police Department,Fulton,Atlanta,Metropolitan Pkwy,Lakewood Ave and Metropolitan Pkwy,(B) Suspected Minor/Visible Injury,Not a Collision with Motor Vehicle,,"[""Intersection Related"",""Pedestrian""]",0,0,1,0,1,"[""Failure to Yield"",""No Contributing Factors""]",,Clear,Dry,Daylight,33.697208,-84.408115
8/18/13 21:38,Atlanta Police Department,Fulton,Atlanta,I 20,I 20 and I 7585,(A) Suspected Serious Injury,Not a Collision with Motor Vehicle,,"[""Aggressive Driving"",""Pedestrian"",""Young Adult Driver (Age 20-24)"",""Speed Related""]",0,3,1,0,1,"[""No Contributing Factors"",""Too Fast for Conditions""]",,Rain,Wet,Dawn,33.743969,-84.389885
8/14/13 15:00,Atlanta Police Department,Fulton,Atlanta,Spring St,Spring St and Mitchell St,(B) Suspected Minor/Visible Injury,Angle (Other),,"[""Intersection Related"",""Pedestrian"",""Young Adult Driver (Age 20-24)""]",0,0,1,0,1,"[""Failure to Yield"",""No Contributing Factors""]",,Cloudy,Dry,Daylight,33.752368,-84.395659
1/4/13 15:56,Atlanta Police Department,Fulton,Atlanta,Fairburn Rd,Fairburn Rd and Benjamin E May's Dr,(K) Fatal Injury,Head On,,"[""Intersection Related"",""Distracted Driver (Confirmed)"",""Pedestrian"",""Young Adult Driver (Age 20-24)""]",1,0,0,0,1,"[""Inattentive or Other Distraction (Distracted)"",""No Contributing Factors""]",,Clear,Dry,Daylight,33.740892,-84.510393
6/28/13 22:43,Atlanta Police Department,Fulton,Atlanta,Ralph D Abernathy Blvd,Stokes Ave and Ralph D Abernathy Blvd,(C) Possible Injury / Complaint,Not a Collision with Motor Vehicle,,"[""Intersection Related"",""Hit & Run"",""Pedestrian"",""Impaired (Suspected)"",""Distracted Driver (Suspected)""]",0,0,0,1,1,"[""No Contributing Factors"",""Other""]",,Clear,Dry,Dark-Lighted,33.740936,-84.435049
2/13/13 8:23,Atlanta Police Department,DeKalb,Atlanta,Briarcliff Rd Ne   Virginia Ave,Virginia Ave and Briarcliff Rd Ne   Virginia Ave,(B) Suspected Minor/Visible Injury,Angle (Other),,Bicycle,0,0,1,0,2,,,Rain,Wet,Daylight,33.77919,-84.345177
5/17/13 10:30,Atlanta Police Department,Fulton,Atlanta,2909 Peachtree Rd,,(A) Suspected Serious Injury,Sideswipe-Same Direction,,"[""Pedestrian"",""Older Driver (55-64)""]",0,1,0,0,1,"[""Failure to Yield"",""No Contributing Factors""]",,Clear,Dry,Daylight,33.834547,-84.382616
1/15/13 18:00,Atlanta Police Department,DeKalb,Atlanta,Dekalb Ave,Dekalb Ave and Whitefoord Ave,(C) Possible Injury / Complaint,Not a Collision with Motor Vehicle,,"[""Intersection Related"",""Pedestrian""]",0,0,0,1,1,"[""Failure to Yield"",""No Contributing Factors""]",,Rain,Wet,Dark-Not Lighted,33.761809,-84.341885
12/27/13 19:17,Atlanta Police Department,Fulton,Atlanta,Spring St,Spring St and Marietta St,(C) Possible Injury / Complaint,Angle (Other),,"[""Intersection Related"",""Bicycle"",""Improper Occupant Protection""]",0,0,0,1,2,"[""No Contributing Factors"",""Other""]",,Cloudy,Dry,Dark-Lighted,33.756954,-84.392723
7/6/13 12:41,Atlanta Police Department,Fulton,Atlanta,Campbellton Rd Sw   Stanton Rd,Stanton Rd and Campbellton Rd Sw   Stanton Rd,(C) Possible Injury / Complaint,Head On,,Pedestrian,0,0,0,1,1,"[""Disregard Stop Sign/Signal"",""Other""]",,Cloudy,Dry,Daylight,33.711555,-84.443703
11/8/13 6:59,Atlanta Police Department,Fulton,Atlanta,3168 Pennington Cir,,(A) Suspected Serious Injury,Not a Collision with Motor Vehicle,,"[""Hit & Run"",""Pedestrian"",""Young Adult Driver (Age 20-24)"",""Distracted Driver (Suspected)""]",0,1,0,0,1,"[""Other"",""Other""]",,Clear,Dry,Daylight,33.667993,-84.391821
6/8/13 15:26,Atlanta Police Department,Fulton,Atlanta,Irwin St,Blvd and Irwin St,(B) Suspected Minor/Visible Injury,Angle (Other),,"[""Intersection Related"",""Bicycle""]",0,0,1,0,2,,,Clear,Dry,Daylight,33.757644,-84.372109
4/23/15 7:50,Atlanta Police Department,Fulton,Atlanta,970 Martin St,Martin St and 970 Martin St,(C) Possible Injury / Complaint,Not a Collision with Motor Vehicle,,"[""Pedestrian"",""Distracted Driver (Suspected)""]",0,0,0,1,1,"[""No Contributing Factors"",""No Contributing Factors""]",,Clear,Dry,Daylight,33.727854,-84.383283
4/24/15 19:00,Atlanta Police Department,DeKalb,Atlanta,Marona St,Marona St and Scruggs Ct,(C) Possible Injury / Complaint,Not a Collision with Motor Vehicle,,"[""Intersection Related"",""Bicycle"",""Distracted Driver (Suspected)""]",0,0,0,1,2,"[""No Contributing Factors"",""Other""]",,Clear,Dry,Daylight,33.756324,-84.336666
10/14/15 20:00,Atlanta Police Department,Fulton,Atlanta,Kennesaw Ave Ne Ave,Ponce De Leon Ave and Kennesaw Ave Ne Ave,(C) Possible Injury / Complaint,Angle (Other),,"[""Intersection Related"",""Bicycle"",""Improper Occupant Protection""]",0,0,0,1,2,"[""Failure to Yield"",""No Contributing Factors""]",,Clear,Dry,Dark-Lighted,33.773844,-84.369757
10/24/15 14:55,Atlanta Police Department,Fulton,Atlanta,Peachtree St Ne   5Th St Ne St,5Th St and Peachtree St Ne   5Th St Ne St,(B) Suspected Minor/Visible Injury,Angle (Other),,"[""Intersection Related"",""Bicycle""]",0,0,1,0,2,"[""Failure to Yield"",""No Contributing Factors""]",,Clear,Dry,Daylight,33.776328,-84.387309
11/10/15 16:45,Atlanta Police Department,Fulton,Atlanta,Glen Iris Dr Ne Dr,N Ave and Glen Iris Dr Ne Dr,(B) Suspected Minor/Visible Injury,Angle (Other),,"[""Intersection Related"",""Bicycle"",""Improper Occupant Protection""]",0,0,1,0,2,"[""Disregard Stop Sign/Signal"",""No Contributing Factors""]",,Clear,Dry,Daylight,33.771131,-84.367755
12/19/15 2:35,Atlanta Police Department,Fulton,Atlanta,3179 Peachtree Rd,,(C) Possible Injury / Complaint,Not a Collision with Motor Vehicle,,"[""Hit & Run"",""Pedestrian"",""Distracted Driver (Suspected)"",""Improper Occupant Protection""]",0,0,0,1,1,"[""No Contributing Factors"",""Other""]",,Clear,Dry,Dark-Lighted,33.841167,-84.375393
8/17/15 15:47,Atlanta Police Department,Fulton,Atlanta,Ellis St,Ellis St and Peachtree Center Ave,(B) Suspected Minor/Visible Injury,Not a Collision with Motor Vehicle,,"[""Pedestrian"",""Distracted Driver (Suspected)""]",0,0,1,0,1,"[""No Contributing Factors"",""Other""]",,Cloudy,Dry,Daylight,33.758982,-84.386074
5/4/15 17:40,Atlanta Police Department,DeKalb,Atlanta,1963 Hosea L Williams Dr,Howard St and 1963 Hosea L Williams Dr,(O) No Injury,Angle (Other),,"[""Bicycle"",""Older Driver (55-64)""]",0,0,0,0,2,"[""Improper Turn"",""No Contributing Factors""]",,Clear,Dry,Daylight,33.751574,-84.323586
3/27/15 18:45,Atlanta Police Department,Fulton,Atlanta,745 Brookline St,,(B) Suspected Minor/Visible Injury,Not a Collision with Motor Vehicle,,"[""Hit & Run"",""Pedestrian"",""Distracted Driver (Suspected)"",""Older Driver (55-64)""]",0,0,1,0,1,"[""No Contributing Factors"",""Other""]",,Cloudy,Dry,Daylight,33.727125,-84.412085
1/13/15 9:20,Atlanta Police Department,Fulton,Atlanta,Cascade Rd,Cascade Rd and Woodland Ter,(B) Suspected Minor/Visible Injury,Not a Collision with Motor Vehicle,,"[""Intersection Related"",""Hit & Run"",""Pedestrian"",""Impaired (Suspected)"",""Distracted Driver (Suspected)"",""Improper Occupant Protection""]",0,0,1,0,1,"[""Driver Lost Control"",""No Contributing Factors""]",,Cloudy,Wet,Daylight,33.719735,-84.473743
3/26/15 0:02,Atlanta Police Department,Fulton,Atlanta,1107 Graymont Dr,Bluefield Dr and 1107 Graymont Dr,(O) No Injury,Not a Collision with Motor Vehicle,,"[""Intersection Related"",""Aggressive Driving"",""Roadway Departure"",""Hit & Run"",""Pedestrian"",""Speed Related""]",0,0,0,0,1,Too Fast for Conditions,,Clear,Dry,Dark-Lighted,33.725147,-84.436482
5/29/15 16:27,Atlanta Police Department,Fulton,Atlanta,Lee St,Lee St and Oglethorpe St,(C) Possible Injury / Complaint,Not a Collision with Motor Vehicle,,"[""Intersection Related"",""Older Driver (65+)"",""Pedestrian""]",0,0,0,1,1,"[""Failure to Yield"",""No Contributing Factors""]",,Clear,Dry,Daylight,33.735834,-84.414108
5/23/15 9:35,Atlanta Police Department,Fulton,Atlanta,3383 Glenview Cir,Glenview Dr and 3383 Glenview Cir,(O) No Injury,Angle (Other),,Pedestrian,0,0,0,0,1,"[""Improper Backing"",""No Contributing Factors""]",,Clear,Dry,Daylight,33.7035,-84.499204
9/2/15 18:39,Atlanta Police Department,Fulton,Atlanta,N Pelham Rd,N Pelham Rd and E Rock Springs Rd,(B) Suspected Minor/Visible Injury,Head On,,"[""Intersection Related"",""Pedestrian""]",0,0,1,0,1,Failure to Yield,,Clear,Dry,Daylight,33.797928,-84.359322
3/7/15 19:28,Atlanta Police Department,Fulton,Atlanta,65 Joseph E Lowery Blvd Nw W3,Lena St and 65 Joseph E Lowery Blvd Nw W3,(C) Possible Injury / Complaint,Not a Collision with Motor Vehicle,,"[""Intersection Related"",""Pedestrian"",""Distracted Driver (Suspected)"",""Older Driver (55-64)""]",0,0,0,1,1,"[""No Contributing Factors"",""No Contributing Factors""]",,Clear,Dry,Dark-Lighted,33.756623,-84.417534
6/25/15 12:50,Atlanta Police Department,Fulton,Atlanta,Peachtree St Sw   Martin L King Jr Dr,Martin L King Jr Dr and Peachtree St Sw   Martin L King Jr Dr,(B) Suspected Minor/Visible Injury,Not a Collision with Motor Vehicle,,"[""Intersection Related"",""Pedestrian""]",0,0,1,0,1,"[""Failure to Yield"",""No Contributing Factors""]",,Clear,Dry,Daylight,33.75205,-84.392159
3/13/15 9:30,Atlanta Police Department,Fulton,Atlanta,3850 Jonesboro Rd,,(C) Possible Injury / Complaint,Not a Collision with Motor Vehicle,,"[""Roadway Departure"",""Pedestrian"",""Distracted Driver (Suspected)""]",0,0,0,1,1,"[""Improper Backing"",""No Contributing Factors""]",,Cloudy,Dry,Daylight,33.65002,-84.366238
11/5/15 18:08,Atlanta Police Department,Fulton,Atlanta,170 170 Piedmont Ave Se Ga State Marta Stati,Decatur St and 170 170 Piedmont Ave Se Ga State Marta Stati,(O) No Injury,Rear End,,"[""Intersection Related"",""Distracted Driver (Confirmed)"",""Hit & Run"",""Pedestrian"",""Young Adult Driver (Age 20-24)""]",0,0,0,0,3,"[""Following Too Close"",""No Contributing Factors"",""Talking on Hand-Held Device (Distracted)""]",,Rain,Wet,Dark-Lighted,33.751361,-84.385489
8/8/15 16:40,Atlanta Police Department,Fulton,Atlanta,Euclid Ave,Euclid Ave and Moreland Ave,(O) No Injury,Not a Collision with Motor Vehicle,,"[""Intersection Related"",""Pedestrian"",""Young Adult Driver (Age 20-24)"",""Distracted Driver (Suspected)""]",0,0,0,0,1,"[""No Contributing Factors"",""Other""]",,Clear,Dry,Daylight,33.764829,-84.349225
9/30/15 0:00,Gsp Post 00,Fulton,Atlanta,I 85,I 85 and Mm 248C,(B) Suspected Minor/Visible Injury,Rear End,,"[""Hit & Run"",""Pedestrian"",""Young Adult Driver (Age 20-24)"",""Impaired Driving (Confirmed)""]",0,0,1,0,1,"[""Changed Lanes Improperly"",""No Contributing Factors""]",,Cloudy,Wet,Dark-Lighted,33.756283,-84.378112
8/28/15 17:00,Atlanta Police Department,Fulton,Atlanta,1247 Joseph E Boone Blvd,Mayson Turner Rd and 1247 Joseph E Boone Blvd,(B) Suspected Minor/Visible Injury,Head On,,"[""Pedestrian"",""Young Adult Driver (Age 20-24)"",""Distracted Driver (Suspected)""]",0,0,1,0,1,"[""No Contributing Factors"",""Other""]",,Clear,Dry,Daylight,33.763534,-84.428669
1/17/15 21:35,Atlanta Police Department,Fulton,Atlanta,Northside Dr,Northside Dr and Ivan Allen Jr Blvd,(B) Suspected Minor/Visible Injury,Head On,,"[""Intersection Related"",""Hit & Run"",""Pedestrian"",""Distracted Driver (Suspected)""]",0,0,1,0,1,"[""No Contributing Factors"",""Other""]",,Clear,Dry,Dark-Lighted,33.763248,-84.402881
1/23/15 13:57,Atlanta Police Department,Fulton,Atlanta,525 Pharr Rd,Maple Dr and 525 Pharr Rd,(B) Suspected Minor/Visible Injury,Not a Collision with Motor Vehicle,,"[""Intersection Related"",""Bicycle""]",0,0,1,0,2,,,Rain,Wet,Daylight,33.836994,-84.371086
3/14/15 21:00,Atlanta Police Department,Fulton,Atlanta,393 8Th St,Taft Ave and 393 8Th St,(C) Possible Injury / Complaint,Not a Collision with Motor Vehicle,,"[""Intersection Related"",""Hit & Run"",""Pedestrian""]",0,0,0,1,1,"[""Failure to Yield"",""No Contributing Factors""]",,Cloudy,Dry,Dark-Lighted,33.779488,-84.37406
4/9/15 0:05,Atlanta Police Department,Fulton,Atlanta,292 Pine St,Luckie St and 292 Pine St,(C) Possible Injury / Complaint,Angle (Other),,"[""Intersection Related"",""Bicycle""]",0,0,0,1,2,"[""Other"",""Other""]",,Clear,Dry,Dark-Lighted,33.767824,-84.396114
2/9/15 6:10,Atlanta Police Department,Fulton,Atlanta,634 Peachtree,N Ave and 634 Peachtree,(C) Possible Injury / Complaint,Not a Collision with Motor Vehicle,,"[""Intersection Related"",""Pedestrian"",""Distracted Driver (Suspected)""]",0,0,0,1,1,"[""No Contributing Factors"",""Other""]",,Rain,Wet,Dark-Lighted,33.771253,-84.387421
4/12/15 15:25,Atlanta Police Department,Fulton,Atlanta,710 Alfred Rd,,(C) Possible Injury / Complaint,Not a Collision with Motor Vehicle,,"[""Pedestrian"",""Distracted Driver (Suspected)""]",0,0,0,1,1,"[""No Contributing Factors"",""Other""]",,Cloudy,Dry,Daylight,33.774099,-84.511388
10/9/15 21:10,Atlanta Police Department,Fulton,Atlanta,Donald Lee Hollowell Pkwy Nw Pkwy,N Eugenia Pl and Donald Lee Hollowell Pkwy Nw Pkwy,(B) Suspected Minor/Visible Injury,Not a Collision with Motor Vehicle,,"[""Intersection Related"",""Hit & Run"",""Pedestrian"",""Distracted Driver (Suspected)"",""Improper Occupant Protection""]",0,0,1,0,1,"[""No Contributing Factors"",""Other""]",,Clear,Dry,Dark-Lighted,33.776704,-84.452924
11/2/15 14:49,Atlanta Police Department,Fulton,Atlanta,3083 3083 Martin L King Jr Dr Nw Dr,,(B) Suspected Minor/Visible Injury,Not a Collision with Motor Vehicle,,"[""Intersection Related"",""Older Driver (65+)"",""Pedestrian""]",0,0,1,0,1,"[""Failure to Yield"",""No Contributing Factors""]",,Cloudy,Wet,Daylight,33.751423,-84.488242