Date and Time,Agency Name (Crash Level) ,Area: County,Area: City,Roadway (From Crash Report),Intersection Name (from Crash Report),KABCO Severity,Manner of Collision (Crash Level) ,First Harmful Event (Crash Level) ,SHSP Emphasis Areas,# of Fatalities (Person Table),# Serious Injuries,# Visible Injuries,# Complaint Injuries,# of Vehicles,Operator / Driver Contributing Factor -old,Roadway Contributing Factors (Crash Level) ,Weather Conditions (Crash Level),Surface Condition (Crash Level) ,Light Conditions (Crash Level),Latitude ,Longitude
10/1/15 17:05,Atlanta Police Department,Fulton,Atlanta,Central Ave Sw Ave,Central Ave Sw Ave and Martin L King Jr Dr,(A) Suspected Serious Injury,Not a Collision with Motor Vehicle,,"[""Intersection Related"",""Pedestrian"",""Secondary Crash"",""Older Driver (55-64)""]",0,1,0,0,1,"[""Failure to Yield"",""No Contributing Factors""]",,Cloudy,Dry,Daylight,33.75083,-84.38991
10/21/15 14:18,Atlanta Police Department,Fulton,Atlanta,Northside Dr Nw Dr,King Rd and Northside Dr Nw Dr,(O) No Injury,Sideswipe-Same Direction,,"[""Intersection Related"",""Aggressive Driving"",""Bicycle"",""Older Driver (55-64)""]",0,0,0,0,2,"[""Improper Passing"",""No Contributing Factors""]",,Clear,Dry,Daylight,33.862548,-84.404421
3/7/15 16:35,Atlanta Police Department,Fulton,Atlanta,121 Marietta St,,(C) Possible Injury / Complaint,Angle (Other),,"[""Intersection Related"",""Pedestrian""]",0,0,0,1,1,,,Clear,Dry,Daylight,33.757201,-84.392859
1/26/15 18:29,Georgia Tech Police Department,Fulton,Atlanta,Ferst Dr,Sixth St and Ferst Dr,(C) Possible Injury / Complaint,Angle (Other),,"[""Intersection Related"",""Bicycle"",""Older Driver (55-64)"",""Improper Occupant Protection""]",0,0,0,1,2,"[""Disregard Stop Sign/Signal"",""No Contributing Factors""]",,Clear,Dry,Dark-Lighted,33.777338,-84.402386
12/30/15 20:22,Atlanta Police Department,Fulton,Atlanta,Morosgo Dr,Morosgo Dr and Piedmont Rd,(C) Possible Injury / Complaint,Head On,,"[""Intersection Related"",""Hit & Run"",""Pedestrian"",""Distracted Driver (Suspected)""]",0,0,0,1,1,Driver Lost Control,,Rain,Wet,Dark-Lighted,33.823581,-84.367452
9/4/15 8:25,Atlanta Police Department,Fulton,Atlanta,Monroe Dr,Monroe Dr and Ponce De Leon Ave,(C) Possible Injury / Complaint,Not a Collision with Motor Vehicle,,"[""Intersection Related"",""Distracted Driver (Confirmed)"",""Pedestrian""]",0,0,0,1,1,"[""Failure to Yield"",""Other""]",,Clear,Dry,Daylight,33.773816,-84.370907
8/22/15 21:23,Atlanta Police Department,Fulton,Atlanta,Lenox Rd Ne   Peachtree Rd,Peachtree Rd and Lenox Rd Ne   Peachtree Rd,(C) Possible Injury / Complaint,Head On,,"[""Intersection Related"",""Pedestrian"",""Distracted Driver (Suspected)""]",0,0,0,1,1,"[""No Contributing Factors"",""Other""]",,Clear,Dry,Daylight,33.850398,-84.361806
4/5/15 3:30,Atlanta Police Department,Fulton,Atlanta,Campbellton Rd,Barge and Campbellton Rd,(A) Suspected Serious Injury,Not a Collision with Motor Vehicle,,"[""Intersection Related"",""Roadway Departure"",""Pedestrian"",""Young Adult Driver (Age 20-24)"",""Impaired Driving (Confirmed)"",""Improper Occupant Protection""]",0,1,0,0,1,"[""No Contributing Factors"",""Under the Influence (U.I.)""]",,Clear,Dry,Dark-Lighted,33.689968,-84.506244
2/20/15 11:55,Atlanta Police Department,Fulton,Atlanta,Piedmont Rd,Morosgo Dr and Piedmont Rd,(B) Suspected Minor/Visible Injury,Not a Collision with Motor Vehicle,,"[""Intersection Related"",""Distracted Driver (Confirmed)"",""Pedestrian""]",0,0,1,0,1,"[""Inattentive or Other Distraction (Distracted)"",""No Contributing Factors""]",,Clear,Dry,Daylight,33.823575,-84.367271
8/26/15 16:15,Georgia Tech Police Department,Fulton,Atlanta,Ferst Dr,Ferst Dr and Fowler St,(O) No Injury,Angle (Other),,"[""Intersection Related"",""Bicycle"",""Improper Occupant Protection""]",0,0,0,0,2,"[""Failure to Yield"",""No Contributing Factors""]",,Clear,Dry,Daylight,33.776912,-84.39361
4/1/15 16:10,Atlanta Police Department,Fulton,Atlanta,Peachtree St,Luckie St and Peachtree St,(B) Suspected Minor/Visible Injury,Not a Collision with Motor Vehicle,,"[""Intersection Related"",""Pedestrian"",""Young Adult Driver (Age 20-24)""]",0,0,1,0,1,"[""Improper Turn"",""No Contributing Factors""]",,Clear,Dry,Daylight,33.756392,-84.388619
2/26/16 19:05,Atlanta Police Department,Fulton,Atlanta,3402 Piedmont,,(C) Possible Injury / Complaint,Sideswipe-Same Direction,,"[""Hit & Run"",""Pedestrian""]",0,0,0,1,1,"[""No Contributing Factors"",""Other""]",,Clear,Dry,Dark-Lighted,33.847711,-84.37339
8/11/16 18:13,Atlanta Police Department,Fulton,Atlanta,Oak Valley Rd,Peachtree Rd and Oak Valley Rd,(C) Possible Injury / Complaint,Not a Collision with Motor Vehicle,,"[""Intersection Related"",""Pedestrian""]",0,0,0,1,1,"[""Disregard Stop Sign/Signal"",""Failure to Yield""]",,Clear,Dry,Daylight,33.851682,-84.360838
4/14/16 0:41,Atlanta Police Department,Fulton,Atlanta,725 Ponce De Leon Ave,Ponce De Leon Pl and 725 Ponce De Leon Ave,(K) Fatal Injury,Not a Collision with Motor Vehicle,,"[""Intersection Related"",""Roadway Departure"",""Pedestrian"",""Impaired (Suspected)"",""Distracted Driver (Suspected)""]",1,0,0,1,1,"[""Driver Lost Control"",""No Contributing Factors""]",,Cloudy,Dry,Dark-Lighted,33.773597,-84.363708
5/2/16 10:32,Atlanta Police Department,Fulton,Atlanta,Piedmont Ave,N Ave and Piedmont Ave,(B) Suspected Minor/Visible Injury,Not a Collision with Motor Vehicle,,"[""Intersection Related"",""Pedestrian""]",0,0,1,0,1,"[""Failure to Yield"",""No Contributing Factors""]",,Clear,Dry,Daylight,33.77128,-84.381893
4/4/16 18:20,Atlanta Police Department,Fulton,Atlanta,Randolph St,Irwin St and Randolph St,(B) Suspected Minor/Visible Injury,Angle (Other),,"[""Intersection Related"",""Bicycle""]",0,0,1,0,2,"[""Failure to Yield"",""No Contributing Factors""]",,Clear,Dry,Daylight,33.757603,-84.367926
3/23/16 20:15,Atlanta Police Department,Fulton,Atlanta,Cascade Rd,Cascade Rd and Ralph David Abernathy Blvd,(A) Suspected Serious Injury,Angle (Other),,Pedestrian,0,1,0,0,1,"[""No Contributing Factors"",""Other""]",,Clear,Dry,Dark-Lighted,33.738622,-84.434306
4/23/16 2:51,Atlanta Police Department,Fulton,Atlanta,Northside Dr Sw  S R 8,Spelman Ln and Northside Dr Sw  S R 8,(K) Fatal Injury,Not a Collision with Motor Vehicle,,"[""Intersection Related"",""Aggressive Driving"",""Pedestrian"",""Young Adult Driver (Age 20-24)"",""Speed Related""]",1,0,0,0,1,"[""Exceeding Speed Limit"",""No Contributing Factors""]",,Clear,Dry,Dark-Not Lighted,33.744351,-84.408353
4/18/16 8:10,Atlanta Police Department,Fulton,Atlanta,Peachtree St,Pine St and Peachtree St,(C) Possible Injury / Complaint,Not a Collision with Motor Vehicle,,"[""Intersection Related"",""Older Driver (65+)"",""Pedestrian"",""Distracted Driver (Suspected)""]",0,0,0,1,1,"[""No Contributing Factors"",""Other""]",,Clear,Dry,Daylight,33.767434,-84.38538
12/20/16 18:44,Atlanta Police Department,Fulton,Atlanta,Piedmont Ave,Piedmont Ave and Renaissance Pkwy,(B) Suspected Minor/Visible Injury,Not a Collision with Motor Vehicle,,"[""Intersection Related"",""Aggressive Driving"",""Pedestrian""]",0,0,1,0,1,"[""Improper Passing"",""No Contributing Factors""]",,Clear,Dry,Dark-Not Lighted,33.768652,-84.38199
9/28/16 21:56,Atlanta Police Department,Fulton,Atlanta,1425 Joseph E Boone Blvd,Chappell Rd and 1425 Joseph E Boone Blvd,(A) Suspected Serious Injury,Not a Collision with Motor Vehicle,,"[""Hit & Run"",""Pedestrian"",""Young Adult Driver (Age 20-24)"",""Distracted Driver (Suspected)"",""Improper Occupant Protection""]",0,1,0,1,3,"[""No Contributing Factors"",""No Contributing Factors""]",,Clear,Dry,Dark-Lighted,33.763561,-84.433753
10/13/16 6:40,Atlanta Police Department,Fulton,Atlanta,Williams St,8Th St and Williams St,(C) Possible Injury / Complaint,Not a Collision with Motor Vehicle,,"[""Intersection Related"",""CMV Related"",""Roadway Departure"",""Distracted Driver (Confirmed)"",""Pedestrian""]",0,0,0,1,1,"[""Inattentive or Other Distraction (Distracted)"",""Reaction to Object or Animal""]",,Clear,Dry,Dark-Lighted,33.779564,-84.390552
5/29/16 1:01,Georgia Tech Police Department,Fulton,Atlanta,N Ave,N Ave and Fowler St,(B) Suspected Minor/Visible Injury,Angle (Other),,"[""Intersection Related"",""Pedestrian""]",0,0,1,0,1,"[""No Contributing Factors"",""Other""]",,Clear,Dry,Dark-Lighted,33.786574,-84.39323
9/16/16 15:53,Atlanta Police Department,Fulton,Atlanta,Angier Ave,Angier Ave and Garden Park Walk,(C) Possible Injury / Complaint,Head On,,"[""Hit & Run"",""Pedestrian"",""Improper Occupant Protection""]",0,0,0,1,3,"[""Disregard Stop Sign/Signal"",""No Contributing Factors"",""No Contributing Factors""]",,Cloudy,Dry,Daylight,33.766153,-84.365536
12/11/16 1:55,Atlanta Police Department,Fulton,Atlanta,1886 Harbin Rd,,(O) No Injury,Not a Collision with Motor Vehicle,,"[""Roadway Departure"",""Hit & Run"",""Pedestrian"",""Distracted Driver (Suspected)""]",0,0,0,0,1,"[""Changed Lanes Improperly"",""No Contributing Factors""]",,Clear,Dry,Dark-Not Lighted,33.704132,-84.480895
2/28/16 3:50,Atlanta Police Department,Fulton,Atlanta,I 85,I 85 and Cheshire Bridge Rd,(K) Fatal Injury,Not a Collision with Motor Vehicle,,"[""Hit & Run"",""Pedestrian"",""Impaired (Suspected)"",""Distracted Driver (Suspected)""]",1,0,0,0,3,"[""No Contributing Factors"",""No Contributing Factors"",""Other""]",,Clear,Dry,Dark-Lighted,33.823674,-84.351982
1/4/16 17:01,Atlanta Police Department,DeKalb,Atlanta,Dekalb Ave,Mell Ave and Dekalb Ave,(C) Possible Injury / Complaint,Angle (Other),,"[""Intersection Related"",""Bicycle"",""Improper Occupant Protection""]",0,0,0,1,2,"[""Failure to Yield"",""No Contributing Factors""]",,Clear,Dry,Daylight,33.762502,-84.337103
1/27/16 14:43,Atlanta Police Department,Fulton,Atlanta,2098 Donald Lee Hollowell Pkwy,,Unknown,Not a Collision with Motor Vehicle,,"[""Older Driver (65+)"",""Pedestrian"",""Distracted Driver (Suspected)""]",0,0,0,0,1,"[""No Contributing Factors"",""Other""]",,Clear,Dry,Daylight,33.776645,-84.454449
6/21/16 14:37,Atlanta Police Department,Fulton,Atlanta,Moreland Ave,Moreland Ave and Mcpherson Ave,(B) Suspected Minor/Visible Injury,Not a Collision with Motor Vehicle,,"[""Intersection Related"",""Pedestrian""]",0,0,1,0,1,"[""Disregard Stop Sign/Signal"",""Disregard Stop Sign/Signal""]",,Clear,Dry,Daylight,33.743319,-84.349235
9/10/16 21:28,Atlanta Police Department,Fulton,Atlanta,3263 Donald Lee Hollowell Way,,(B) Suspected Minor/Visible Injury,Head On,,"[""Intersection Related"",""Hit & Run"",""Pedestrian"",""Distracted Driver (Suspected)"",""Older Driver (55-64)""]",0,0,1,0,2,"[""No Contributing Factors"",""No Contributing Factors"",""No Contributing Factors""]",,Clear,Dry,Dark-Lighted,33.788136,-84.494139
11/15/16 19:50,Georgia Tech Police Department,Fulton,Atlanta,Bobby Dodd Way,Power Plant Dr and Bobby Dodd Way,(C) Possible Injury / Complaint,Not a Collision with Motor Vehicle,,"[""Intersection Related"",""Pedestrian""]",0,0,0,1,1,"[""Improper Turn"",""Other""]",,Clear,Dry,Dark-Lighted,33.773902,-84.394907
4/1/16 23:50,Atlanta Police Department,Fulton,Atlanta,Argonne Ave,6Th St and Argonne Ave,(B) Suspected Minor/Visible Injury,Not a Collision with Motor Vehicle,,"[""Intersection Related"",""Hit & Run"",""Pedestrian""]",0,0,1,0,1,"[""Misjudged Clearance"",""No Contributing Factors""]",,Rain,Wet,Dark-Not Lighted,33.776189,-84.377672
6/24/16 23:12,Atlanta Police Department,Fulton,Atlanta,14Th St,14Th St and Juniper St,(C) Possible Injury / Complaint,Not a Collision with Motor Vehicle,,Pedestrian,0,0,0,1,1,"[""Failure to Yield"",""No Contributing Factors""]",,Clear,Dry,Dark-Lighted,33.780666,-84.382584
8/4/16 22:50,Atlanta Police Department,Fulton,Atlanta,142 Mangum St,Nelson St and 142 Mangum St,(C) Possible Injury / Complaint,Not a Collision with Motor Vehicle,,"[""Pedestrian"",""Distracted Driver (Suspected)"",""Older Driver (55-64)""]",0,0,0,1,1,"[""No Contributing Factors"",""Other""]",,Clear,Dry,Dark-Not Lighted,33.750775,-84.399391
5/8/16 20:55,Atlanta Police Department,Fulton,Atlanta,Auburn Ave,Fort St and Auburn Ave,(C) Possible Injury / Complaint,Not a Collision with Motor Vehicle,,"[""Intersection Related"",""Hit & Run"",""Pedestrian"",""Impaired (Suspected)"",""Distracted Driver (Suspected)""]",0,0,0,1,1,"[""Other"",""Other""]",,Clear,Dry,Dark-Lighted,33.75616,-84.388544
2/19/20 17:36,Atlanta Police Department,Fulton,Atlanta,15 Standish Ave,Peachtree St and 15 Standish Ave,Unknown,Not a Collision with Motor Vehicle,,"[""Distracted Driver (Confirmed)"",""Hit & Run"",""Pedestrian"",""Improper Occupant Protection""]",0,0,0,0,1,,,Cloudy,Dry,Daylight,33.79902,-84.393268
11/12/20 6:00,Atlanta Police Department,Fulton,Atlanta,N Ave Ne John Lewis Freedom Pkwy,N Ave and N Ave Ne John Lewis Freedom Pkwy,(O) No Injury,Not a Collision with Motor Vehicle,,"[""Intersection Related"",""Pedestrian"",""Distracted Driver (Suspected)""]",0,0,0,0,1,"[""No Contributing Factors"",""Other""]",,Clear,Dry,Dark-Not Lighted,33.771137,-84.359401
1/24/20 14:34,Atlanta Police Department,Fulton,Atlanta,Northside Dr,Northside Dr and Martin Luther King Jr Dr,(O) No Injury,Angle (Other),,"[""Hit & Run"",""Pedestrian"",""Improper Occupant Protection""]",0,0,0,0,1,"[""No Contributing Factors"",""Other""]",,Rain,Wet,Dark-Lighted,33.754581,-84.402095
8/19/20 16:31,Atlanta Police Department,DeKalb,Atlanta,Candler Rd Se   Memorial Dr,Memorial Dr and Candler Rd Se   Memorial Dr,(O) No Injury,Not a Collision with Motor Vehicle,,"[""Intersection Related"",""Pedestrian"",""Distracted Driver (Suspected)""]",0,0,0,0,1,"[""Improper Backing"",""No Contributing Factors""]",,Clear,Dry,Daylight,33.747055,-84.292106
3/8/20 18:39,Atlanta Police Department,DeKalb,Atlanta,Moreland Ave,Mclendon Ave and Moreland Ave,(O) No Injury,Angle (Other),,"[""Intersection Related"",""Pedestrian""]",0,0,0,0,1,,,Clear,Dry,Daylight,33.764979,-84.34915
8/5/20 16:03,Atlanta Police Department,Fulton,Atlanta,562 Lee St,,(O) No Injury,Not a Collision with Motor Vehicle,,"[""Pedestrian"",""Secondary Crash"",""Older Driver (55-64)""]",0,0,0,0,1,,,Clear,Dry,Daylight,33.739925,-84.414084
8/26/20 16:00,Gsp Post 00,Fulton,Atlanta,I 85,I 85 and Spring St,(A) Suspected Serious Injury,Not a Collision with Motor Vehicle,,"[""Pedestrian"",""Distracted Driver (Suspected)""]",0,1,0,0,1,,,Cloudy,Dry,Daylight,33.767273,-84.38838
9/1/20 18:36,Atlanta Police Department,Fulton,Atlanta,Decatur St,Grant St and Decatur St,(O) No Injury,Not a Collision with Motor Vehicle,,"[""Intersection Related"",""Hit & Run"",""Pedestrian"",""Improper Occupant Protection""]",0,0,0,0,1,Disregard Stop Sign/Signal,,Clear,Dry,Daylight,33.750175,-84.376676
10/29/20 9:14,Atlanta Police Department,Fulton,Atlanta,Rumson Rd Ne   Peachtree Rd,Peachtree Rd and Rumson Rd Ne   Peachtree Rd,(O) No Injury,Head On,,"[""Intersection Related"",""Pedestrian"",""Distracted Driver (Suspected)""]",0,0,0,0,1,"[""No Contributing Factors"",""No Contributing Factors""]",,Clear,Dry,Daylight,33.831558,-84.385402
1/6/20 15:58,Atlanta Police Department,Fulton,Atlanta,Martin L King Jr Dr,Harwell Rd and Martin L King Jr Dr,Unknown,Head On,,"[""Intersection Related"",""Pedestrian"",""Distracted Driver (Suspected)"",""Older Driver (55-64)""]",0,0,0,0,1,"[""No Contributing Factors"",""Other""]",,Clear,Dry,Daylight,33.75246,-84.492832
8/14/20 18:53,Atlanta Police Department,Fulton,Atlanta,Fairburn Rd,Harden Dr and Fairburn Rd,(O) No Injury,Not a Collision with Motor Vehicle,,"[""Hit & Run"",""Pedestrian"",""Distracted Driver (Suspected)""]",0,0,0,0,1,"[""Driver Lost Control"",""No Contributing Factors""]",,Cloudy,Water (standing or moving),Daylight,33.771363,-84.50014
8/7/20 18:31,Atlanta Police Department,Fulton,Atlanta,Peachtree St,13Th St and Peachtree St,(B) Suspected Minor/Visible Injury,Rear End,,"[""Intersection Related"",""Bicycle"",""Distracted Driver (Suspected)""]",0,0,1,0,2,,,Clear,Dry,Daylight,33.785442,-84.382994
4/17/20 21:15,Atlanta Police Department,Fulton,Atlanta,Pryor St,Pryor St and Ralph David Abernathy Blvd,(O) No Injury,Head On,,"[""Hit & Run"",""Pedestrian"",""Distracted Driver (Suspected)""]",0,0,0,0,1,,,Clear,Dry,Dark-Lighted,33.737353,-84.3946
4/16/20 12:19,Atlanta Police Department,Fulton,Atlanta,669 E Ave,,(O) No Injury,Angle (Other),,Bicycle,0,0,0,0,2,,,Clear,Dry,Daylight,33.762945,-84.365508
1/8/20 22:01,Atlanta Police Department,Fulton,Atlanta,Martin L King Jr Dr,Browning St and Martin L King Jr Dr,(B) Suspected Minor/Visible Injury,Angle (Other),,"[""Intersection Related"",""Pedestrian"",""Impaired Driving (Confirmed)""]",0,0,1,0,1,,,Clear,Dry,Daylight,33.752069,-84.440241
10/7/20 21:26,Atlanta Police Department,Fulton,Atlanta,Northside Dr,Northside Dr and Ivan Allen Jr Blvd,(O) No Injury,Angle (Other),,"[""Intersection Related"",""Pedestrian""]",0,0,0,0,1,"[""Disregard Stop Sign/Signal"",""No Contributing Factors""]",,Clear,Dry,Dark-Lighted,33.763422,-84.402942
6/3/20 8:35,Atlanta Police Department,Fulton,Atlanta,1152 Converse Dr,Shady Valley Rd and 1152 Converse Dr,(O) No Injury,Not a Collision with Motor Vehicle,,"[""Pedestrian"",""Distracted Driver (Suspected)""]",0,0,0,0,1,"[""No Contributing Factors"",""Other""]",,Clear,Dry,Daylight,33.829204,-84.350135
3/3/20 0:35,Atlanta Police Department,Fulton,Atlanta,Pine St Ne   Parkway Dr,Parkway Dr and Pine St Ne   Parkway Dr,(O) No Injury,Head On,,"[""Intersection Related"",""Aggressive Driving"",""Pedestrian"",""Young Driver (Age 15-19)"",""Impaired (Suspected)"",""Speed Related""]",0,0,0,0,1,,,Rain,Wet,Dark-Not Lighted,33.767904,-84.373177
2/4/20 9:39,Atlanta Police Department,Fulton,Atlanta,1980 Delowe Dr,Alison Ct and 1980 Delowe Dr,Unknown,Angle (Other),,"[""Pedestrian"",""Older Driver (55-64)""]",0,0,0,0,1,"[""Improper Backing"",""No Contributing Factors""]",,Cloudy,Dry,Daylight,33.701054,-84.456976
9/8/20 14:14,Atlanta Police Department,Fulton,Atlanta,Peachtree St Ne   N Ave,N Ave and Peachtree St Ne   N Ave,(O) No Injury,Head On,,"[""Intersection Related"",""Roadway Departure"",""Pedestrian"",""Improper Occupant Protection""]",0,0,0,0,0,Other,,Clear,Dry,Daylight,33.771287,-84.384996
2/6/20 16:21,Atlanta Police Department,Fulton,Atlanta,1981 Martin L King Jr Dr,,(O) No Injury,Not a Collision with Motor Vehicle,,"[""Older Driver (65+)"",""Pedestrian"",""Distracted Driver (Suspected)""]",0,0,0,0,1,,,Rain,Wet,Daylight,33.750734,-84.448116
3/23/20 10:29,Atlanta Police Department,Fulton,Atlanta,2640 Metropolitan Pkwy,Connell Ave and 2640 Metropolitan Pkwy,(O) No Injury,Head On,,"[""Pedestrian"",""Young Adult Driver (Age 20-24)""]",0,0,0,0,1,,,Rain,Wet,Daylight,33.682963,-84.407812
1/17/20 16:16,Atlanta Police Department,Fulton,Atlanta,Ivan Allen Jr Blvd Nw   Northside Dr,Northside Dr and Ivan Allen Jr Blvd Nw   Northside Dr,Unknown,Not a Collision with Motor Vehicle,,"[""Intersection Related"",""Pedestrian"",""Distracted Driver (Suspected)""]",0,0,0,0,1,"[""No Contributing Factors"",""No Contributing Factors""]",,Clear,Dry,Daylight,33.763422,-84.402942
1/28/20 13:12,Atlanta Police Department,Fulton,Atlanta,Courtland St,Edgewood Ave and Courtland St,(O) No Injury,Angle (Other),,"[""Intersection Related"",""Hit & Run"",""Pedestrian""]",0,0,0,0,1,"[""No Contributing Factors"",""No Contributing Factors""]",,Clear,Dry,Daylight,33.754475,-84.384293
5/10/20 13:50,Atlanta Police Department,Fulton,Atlanta,Metropolitan Pkwy,Cleveland Ave and Metropolitan Pkwy,(O) No Injury,Not a Collision with Motor Vehicle,,"[""Distracted Driver (Confirmed)"",""Pedestrian"",""Impaired Driving (Confirmed)""]",0,0,0,0,1,"[""No Contributing Factors"",""Other""]",,Clear,Dry,Daylight,33.679094,-84.407656
3/7/20 12:38,Atlanta Police Department,Fulton,Atlanta,Atwood St,Atwood St and Westboro Dr,(A) Suspected Serious Injury,Not a Collision with Motor Vehicle,,"[""Intersection Related"",""Bicycle"",""Distracted Driver (Suspected)"",""Improper Occupant Protection""]",0,1,1,0,2,,,Clear,Dry,Daylight,33.732012,-84.429502
9/3/20 22:29,Atlanta Police Department,Fulton,Atlanta,Piedmont Rd,Piedmont Rd and Darlington Rd,(O) No Injury,Not a Collision with Motor Vehicle,,"[""Intersection Related"",""Pedestrian"",""Distracted Driver (Suspected)""]",0,0,0,0,1,,,Clear,Dry,Dark-Not Lighted,33.831564,-84.368047
7/6/20 16:48,Atlanta Police Department,Fulton,Atlanta,3707 Roswell Rd Ne Ivy Chase Way,,Unknown,Not a Collision with Motor Vehicle,,"[""Intersection Related"",""Pedestrian"",""Young Driver (Age 15-19)""]",0,0,0,0,1,,,Clear,Dry,Daylight,33.855775,-84.382652
10/10/20 19:40,Atlanta Police Department,Fulton,Atlanta,Martin L King Jr Dr,Martin L King Jr Dr and Hamilton E Holmes Dr,(O) No Injury,Sideswipe-Same Direction,,"[""Intersection Related"",""Pedestrian""]",0,0,0,0,1,"[""No Contributing Factors"",""Other""]",,Rain,Wet,Dark-Not Lighted,33.751883,-84.467463
11/13/20 18:56,Atlanta Police Department,Fulton,Atlanta,Cooper St Sw   Bass St,Bass St and Cooper St Sw   Bass St,(O) No Injury,Angle (Other),,"[""Intersection Related"",""Hit & Run"",""Pedestrian""]",0,0,0,0,1,No Contributing Factors,,Clear,Dry,Dark-Lighted,33.735602,-84.397086
4/20/20 5:27,Atlanta Police Department,Fulton,Atlanta,567 N Ave,,(O) No Injury,Not a Collision with Motor Vehicle,,"[""Hit & Run"",""Older Driver (65+)"",""Pedestrian""]",0,0,0,0,1,,,Rain,Wet,Dark-Lighted,33.770695,-84.368937
9/21/19 20:40,Atlanta Police Department,Fulton,Atlanta,2950 Martin L King Jr Dr,Sheffield Dr and 2950 Martin L King Jr Dr,(O) No Injury,Not a Collision with Motor Vehicle,,"[""Intersection Related"",""Pedestrian"",""Young Adult Driver (Age 20-24)"",""Distracted Driver (Suspected)""]",0,0,0,0,1,,,Clear,Dry,Dark-Lighted,33.754149,-84.483904
7/16/19 15:06,Atlanta Police Department,Fulton,Atlanta,1825 Chesirebridge Rd,,Unknown,Head On,,"[""Distracted Driver (Confirmed)"",""Hit & Run"",""Bicycle"",""Older Driver (55-64)"",""Improper Occupant Protection""]",0,0,0,0,2,,,Clear,Dry,Daylight,33.80953,-84.361489
6/11/19 22:50,Atlanta Police Department,Fulton,Atlanta,1939 Alison Ct,,(O) No Injury,Not a Collision with Motor Vehicle,,"[""Pedestrian"",""Impaired (Suspected)""]",0,0,0,0,1,"[""No Contributing Factors"",""No Contributing Factors""]",,Clear,Dry,Dark-Lighted,33.70039,-84.451459
12/3/19 17:48,Atlanta Police Department,Fulton,Atlanta,2429 Martin L King Jr Dr,,Unknown,Not a Collision with Motor Vehicle,,"[""Intersection Related"",""Pedestrian"",""Distracted Driver (Suspected)""]",0,0,0,0,1,,,Clear,Dry,Daylight,33.751774,-84.46676
4/24/19 18:03,Atlanta Police Department,Fulton,Atlanta,Donald Lee Hollowell Pkwy Nw   Woods Dr,Woods Dr and Donald Lee Hollowell Pkwy Nw   Woods Dr,Unknown,Head On,,"[""Intersection Related"",""Pedestrian"",""Older Driver (55-64)""]",0,0,0,0,1,,,Clear,Dry,Daylight,33.775478,-84.469216
9/21/19 18:59,Atlanta Police Department,Fulton,Atlanta,260 Renaissance Pkwy Ne Central Park,,(O) No Injury,Angle (Other),,"[""Intersection Related"",""Hit & Run"",""Pedestrian"",""Improper Occupant Protection""]",0,0,0,0,1,,,Clear,Dry,Daylight,33.768596,-84.377934
12/2/19 18:57,Atlanta Police Department,Fulton,Atlanta,Hank Aaron Dr,Atlanta Ave and Hank Aaron Dr,(O) No Injury,Not a Collision with Motor Vehicle,,"[""Intersection Related"",""Hit & Run"",""Pedestrian""]",0,0,0,0,1,,,Clear,Dry,Dark-Lighted,33.7304,-84.387961
9/4/19 20:42,Atlanta Police Department,Fulton,Atlanta,Peachtree St,11Th St and Peachtree St,(O) No Injury,Not a Collision with Motor Vehicle,,"[""Intersection Related"",""Motorcycle"",""Pedestrian"",""Distracted Driver (Suspected)""]",0,0,0,0,1,,,Clear,Dry,Dark-Lighted,33.783189,-84.383848
9/13/19 18:50,Atlanta Police Department,Fulton,Atlanta,Dodson Dr Sw   Ivydale Dr,Ivydale Dr and Dodson Dr Sw   Ivydale Dr,Unknown,Sideswipe-Opposite Direction,,"[""Intersection Related"",""Older Driver (65+)"",""Pedestrian""]",0,0,0,0,1,,,Clear,Dry,Daylight,33.699699,-84.475174
3/27/19 17:41,Atlanta Police Department,Fulton,Atlanta,I 7585,I 7585 and University Ave,(O) No Injury,Not a Collision with Motor Vehicle,,"[""Pedestrian"",""Distracted Driver (Suspected)""]",0,0,0,0,1,,,Clear,Dry,Daylight,33.719423,-84.396608
9/24/19 13:58,Atlanta Police Department,Fulton,Atlanta,41 10Th St Ne Midtown Marta Statio,Crescent Ave and 41 10Th St Ne Midtown Marta Statio,(O) No Injury,Head On,,"[""Intersection Related"",""Pedestrian"",""Distracted Driver (Suspected)"",""Older Driver (55-64)""]",0,0,0,0,1,,,Other,Dry,Daylight,33.781466,-84.386406
6/1/20 9:33,Atlanta Police Department,Fulton,Atlanta,2900 Campbellton Rd,Maxwell Dr and 2900 Campbellton Rd,Unknown,Head On,,"[""Roadway Departure"",""Hit & Run"",""Pedestrian"",""Impaired (Suspected)"",""Distracted Driver (Suspected)""]",0,0,0,0,1,"[""Driver Lost Control"",""No Contributing Factors""]",,Clear,Dry,Daylight,33.697373,-84.483179
8/7/20 13:12,Atlanta Police Department,Fulton,Atlanta,Peachtree Rd,Terrace Dr and Peachtree Rd,(O) No Injury,Not a Collision with Motor Vehicle,,"[""Intersection Related"",""Pedestrian""]",0,0,0,0,1,"[""Failure to Yield"",""No Contributing Factors""]",,Clear,Dry,Daylight,33.821384,-84.387968
2/6/20 8:35,Atlanta Police Department,Fulton,Atlanta,Courtland St Ne   Auburn Ave,Auburn Ave and Courtland St Ne   Auburn Ave,(O) No Injury,Angle (Other),,"[""Intersection Related"",""Older Driver (65+)"",""Pedestrian""]",0,0,0,0,1,"[""Failure to Yield"",""No Contributing Factors""]",,Rain,Wet,Daylight,33.755564,-84.384268