Date and Time,Agency Name (Crash Level) ,Area: County,Area: City,Roadway (From Crash Report),Intersection Name (from Crash Report),KABCO Severity,Manner of Collision (Crash Level) ,First Harmful Event (Crash Level) ,SHSP Emphasis Areas,# of Fatalities (Person Table),# Serious Injuries,# Visible Injuries,# Complaint Injuries,# of Vehicles,Operator / Driver Contributing Factor -old,Roadway Contributing Factors (Crash Level) ,Weather Conditions (Crash Level),Surface Condition (Crash Level) ,Light Conditions (Crash Level),Latitude ,Longitude
12/26/20 18:18,Atlanta Police Department,Fulton,Atlanta,I 7585,I 7585 and Ralph D Abernathy Blvd,(K) Fatal Injury,Not a Collision with Motor Vehicle,,"[""Pedestrian"",""Impaired (Suspected)"",""Distracted Driver (Suspected)"",""Older Driver (55-64)""]",1,0,0,0,1,"[""No Contributing Factors"",""Other""]",,Clear,Dry,Dark-Lighted,33.736894,-84.392136
9/11/20 15:18,Atlanta Police Department,Fulton,Atlanta,Ralph D Abernathy Blvd,Dunn St and Ralph D Abernathy Blvd,(O) No Injury,Not a Collision with Motor Vehicle,,"[""Intersection Related"",""Distracted Driver (Confirmed)"",""Pedestrian"",""Bicycle"",""Improper Occupant Protection""]",0,0,0,0,1,"[""Inattentive or Other Distraction (Distracted)"",""No Contributing Factors""]",,Clear,Dry,Daylight,33.73818,-84.416369
6/10/20 14:15,Atlanta Police Department,Fulton,Atlanta,121 Cleveland,,(C) Possible Injury / Complaint,Angle (Other),,"[""Intersection Related"",""Roadway Departure"",""Hit & Run"",""Pedestrian""]",0,0,0,1,2,,,Clear,Dry,Daylight,33.681033,-84.384333
8/4/20 14:59,Atlanta Police Department,Fulton,Atlanta,State St,19Th St and State St,(O) No Injury,Head On,,"[""Intersection Related"",""Pedestrian"",""Distracted Driver (Suspected)""]",0,0,0,0,1,"[""No Contributing Factors"",""Other""]",,Clear,Dry,Daylight,33.793607,-84.397697
9/26/20 16:24,Atlanta Police Department,DeKalb,Atlanta,372 Moreland Ave,,Unknown,Angle (Other),,"[""Intersection Related"",""Distracted Driver (Confirmed)"",""Pedestrian""]",0,0,0,0,1,"[""Inattentive or Other Distraction (Distracted)"",""No Contributing Factors""]",,Clear,Dry,Daylight,33.764979,-84.34915
2/26/20 11:00,Atlanta Police Department,Fulton,Atlanta,Central Ave Sw   Trinity Ave,Trinity Ave and Central Ave Sw   Trinity Ave,(O) No Injury,Angle (Other),,"[""Intersection Related"",""Older Driver (65+)"",""Pedestrian""]",0,0,0,0,1,,,Cloudy,Dry,Daylight,33.748545,-84.391532
4/14/20 6:13,Gsp Post 00,DeKalb,Atlanta,I 20,I 20 and Moreland Ave,(K) Fatal Injury,Not a Collision with Motor Vehicle,,"[""Pedestrian"",""Older Driver (55-64)""]",1,0,0,0,4,,,Clear,Dry,Dark-Lighted,33.74563,-84.347703
12/17/20 21:07,Atlanta Police Department,Fulton,Atlanta,Jonesboro Rd Se  School Dr,,(O) No Injury,Head On,,"[""Intersection Related"",""Hit & Run"",""Pedestrian"",""Distracted Driver (Suspected)"",""Improper Occupant Protection""]",0,0,0,0,1,"[""No Contributing Factors"",""No Contributing Factors""]",,Clear,Dry,Dark-Lighted,33.67189,-84.372364
7/11/20 23:44,Atlanta Police Department,Fulton,Atlanta,3330 Martin L King Jr Dr,Treadwell Cir and 3330 Martin L King Jr Dr,(O) No Injury,Not a Collision with Motor Vehicle,,"[""Pedestrian"",""Distracted Driver (Suspected)""]",0,0,0,0,1,,,Clear,Dry,Dark-Lighted,33.754302,-84.497196
10/2/20 12:59,Atlanta Police Department,Fulton,Atlanta,W Lake Ave Sw   Martin L King Jr Dr,Martin L King Jr Dr and W Lake Ave Sw   Martin L King Jr Dr,Unknown,Not a Collision with Motor Vehicle,,"[""Pedestrian"",""Older Driver (55-64)""]",0,0,0,0,1,"[""Failure to Yield"",""No Contributing Factors"",""No Contributing Factors""]",,Clear,Dry,Daylight,33.751024,-84.444139
8/8/20 21:40,Atlanta Police Department,Fulton,Atlanta,Metropolitan Pkwy Sw   Cleveland Ave,Cleveland Ave and Metropolitan Pkwy Sw   Cleveland Ave,(O) No Injury,Head On,,"[""Intersection Related"",""Hit & Run"",""Pedestrian"",""Distracted Driver (Suspected)""]",0,0,0,0,1,,,Clear,Dry,Dark-Lighted,33.681273,-84.407711
5/25/20 14:26,Atlanta Police Department,Fulton,Atlanta,Peachtree Rd Ne   Sardis Way,Sardis Way and Peachtree Rd Ne   Sardis Way,(O) No Injury,Angle (Other),,"[""Intersection Related"",""Pedestrian""]",0,0,0,0,1,"[""Improper Turn"",""No Contributing Factors""]",,Clear,Dry,Daylight,33.840201,-84.378631
2/8/20 1:50,Atlanta Police Department,Fulton,Atlanta,Courtland St,Courtland St and John Portman Blvd,(O) No Injury,Angle (Other),,"[""Intersection Related"",""Pedestrian""]",0,0,0,0,1,"[""Failure to Yield"",""No Contributing Factors""]",,Cloudy,Dry,Dark-Lighted,33.760934,-84.384177
7/13/20 14:12,Atlanta Police Department,Fulton,Atlanta,Ponce De Leon Ave,Charles Allen Dr and Ponce De Leon Ave,Unknown,Sideswipe-Opposite Direction,,"[""Intersection Related"",""Pedestrian""]",0,0,0,0,1,,,Clear,Dry,Daylight,33.773161,-84.372745
9/28/20 17:24,Atlanta Police Department,Fulton,Atlanta,17Th St,17Th St and Spring St,(O) No Injury,Angle (Other),,"[""Pedestrian"",""Young Adult Driver (Age 20-24)""]",0,0,0,0,1,"[""No Contributing Factors"",""Other""]",,Clear,Dry,Daylight,33.791144,-84.389256
5/1/20 17:02,Atlanta Police Department,Fulton,Atlanta,Piedmont Ave,Wimbledon Rd and Piedmont Ave,(O) No Injury,Angle (Other),,"[""Hit & Run"",""Pedestrian""]",0,0,0,0,1,"[""No Contributing Factors"",""Other""]",,Clear,Dry,Daylight,33.806214,-84.366256
10/4/20 18:00,Atlanta Police Department,Fulton,Atlanta,Joseph E Lowery Blvd Nw   Donald Lee Hol Pkwy,Donald Lee Hollowell Pkwy and Joseph E Lowery Blvd Nw   Donald Lee Hol Pkwy,(O) No Injury,Not a Collision with Motor Vehicle,,"[""Intersection Related"",""Pedestrian"",""Distracted Driver (Suspected)""]",0,0,0,0,1,"[""No Contributing Factors"",""Other""]",,Clear,Dry,Daylight,33.773024,-84.417378
8/15/20 15:14,Atlanta Police Department,Fulton,Atlanta,1505 Howell Mill Rd,,(O) No Injury,Head On,,Pedestrian,0,0,0,0,1,,,Rain,Wet,Daylight,33.795851,-84.415739
7/27/20 16:13,Atlanta Police Department,Fulton,Atlanta,Donald Lee Hollowell Pkwy,Chappell Rd and Donald Lee Hollowell Pkwy,(O) No Injury,Not a Collision with Motor Vehicle,,"[""Intersection Related"",""Distracted Driver (Confirmed)"",""Pedestrian""]",0,0,0,0,1,,,Clear,Dry,Daylight,33.771312,-84.433958
9/9/20 10:14,Atlanta Police Department,Fulton,Atlanta,Conley Rd,Conley Rd and Jonesboro Rd,(O) No Injury,Not a Collision with Motor Vehicle,,"[""Intersection Related"",""Hit & Run"",""Pedestrian"",""Improper Occupant Protection""]",0,0,0,0,1,"[""Failure to Yield"",""No Contributing Factors""]",,Clear,Dry,Daylight,33.648391,-84.365554
1/10/20 18:03,Atlanta Police Department,Fulton,Atlanta,3804 Martin L King Jr Dr Sw Gordon Forest Apt,Old Gordon Rd and 3804 Martin L King Jr Dr Sw Gordon Forest Apt,(O) No Injury,Not a Collision with Motor Vehicle,,"[""Older Driver (65+)"",""Pedestrian"",""Distracted Driver (Suspected)""]",0,0,0,0,1,"[""No Contributing Factors"",""Other""]",,Clear,Dry,Dawn,33.766754,-84.514606
7/6/20 16:18,Atlanta Police Department,Fulton,Atlanta,Drew Dr Nw   W Highland Dr,W Highland Dr and Drew Dr Nw   W Highland Dr,(O) No Injury,Head On,,"[""Intersection Related"",""Hit & Run"",""Pedestrian"",""Distracted Driver (Suspected)""]",0,0,0,0,1,,,Clear,Dry,Daylight,33.792226,-84.449671
4/7/19 23:50,Atlanta Police Department,Fulton,Atlanta,239 Ponce De Leon Ave Ne White Dot,Myrtle St and 239 Ponce De Leon Ave Ne White Dot,(O) No Injury,Sideswipe-Same Direction,,"[""Pedestrian"",""Young Adult Driver (Age 20-24)""]",0,0,0,0,1,,,Clear,Dry,Dark-Lighted,33.772593,-84.379515
6/5/19 16:58,Atlanta Police Department,Fulton,Atlanta,375 18Th,20Th St and 375 18Th,(O) No Injury,Not a Collision with Motor Vehicle,,"[""Distracted Driver (Confirmed)"",""Pedestrian""]",0,0,0,0,1,,,Cloudy,Dry,Daylight,33.792347,-84.399125
10/2/19 5:54,Atlanta Police Department,Fulton,Atlanta,I 20,I 20 and Joseph E Lowery Blvd,(O) No Injury,Not a Collision with Motor Vehicle,,"[""Pedestrian"",""Distracted Driver (Suspected)""]",0,0,0,0,1,,,Clear,Dry,Dark-Lighted,33.741466,-84.418185
5/6/19 0:29,Atlanta Police Department,Fulton,Atlanta,I 75,I 75 and John Wesley Dobbs Ave,(O) No Injury,Not a Collision with Motor Vehicle,,"[""Hit & Run"",""Pedestrian""]",0,0,0,0,1,,,Clear,Dry,Dark-Lighted,33.758108,-84.380217
11/5/19 8:45,Capital Police Services,Fulton,Atlanta,47 Trinity Ave,,(O) No Injury,Not a Collision with Motor Vehicle,,"[""Intersection Related"",""Pedestrian"",""Older Driver (55-64)""]",0,0,0,0,1,"[""Failure to Yield"",""No Contributing Factors""]",,Cloudy,Dry,Daylight,33.747316,-84.389297
5/14/19 11:55,Atlanta Police Department,Fulton,Atlanta,Donald Lee Hollowell Pkwy Nw   Joseph E Blvd,Joseph E Lowery Blvd and Donald Lee Hollowell Pkwy Nw   Joseph E Blvd,Unknown,Not a Collision with Motor Vehicle,,"[""Intersection Related"",""Distracted Driver (Confirmed)"",""Pedestrian""]",0,0,0,0,1,,,Clear,Dry,Daylight,33.773042,-84.417359
12/4/19 13:25,Atlanta Police Department,Fulton,Atlanta,James P Brawley Dr Nw   Joseph E Boone Blvd,Joseph E Boone Blvd and James P Brawley Dr Nw   Joseph E Boone Blvd,Unknown,Head On,,"[""Intersection Related"",""Pedestrian"",""Distracted Driver (Suspected)""]",0,0,0,0,1,,,Clear,Dry,Daylight,33.763434,-84.412617
11/14/19 22:39,Georgia Tech Police Department,Fulton,Atlanta,Spring St,Fifth St and Spring St,(B) Suspected Minor/Visible Injury,Head On,,"[""Intersection Related"",""Hit & Run"",""Pedestrian"",""Improper Occupant Protection""]",0,0,1,0,1,,,Rain,Wet,Dark-Lighted,33.776835,-84.388793
11/11/19 9:14,Gsp Post 00,Fulton,Atlanta,Pulliam St,Fulton St and Pulliam St,(C) Possible Injury / Complaint,Not a Collision with Motor Vehicle,,"[""Intersection Related"",""Aggressive Driving"",""Pedestrian""]",0,0,0,1,1,"[""Disregard Police - Evasion"",""No Contributing Factors""]",,Clear,Dry,Daylight,33.740924,-84.392395
7/27/19 2:36,Atlanta Police Department,Fulton,Atlanta,Stonewall St Sw   Northside Dr,Northside Dr and Stonewall St Sw   Northside Dr,(O) No Injury,Angle (Other),,"[""Hit & Run"",""Pedestrian""]",0,0,0,0,1,,,Clear,Dry,Dark-Lighted,33.751062,-84.403101
10/16/19 12:53,Atlanta Police Department,Fulton,Atlanta,Peachtree Rd Ne   Collier Rd,Collier Rd and Peachtree Rd Ne   Collier Rd,(O) No Injury,Not a Collision with Motor Vehicle,,"[""Intersection Related"",""Pedestrian"",""Improper Occupant Protection""]",0,0,0,0,1,,,Clear,Wet,Daylight,33.8067,-84.39389
1/23/19 18:16,Atlanta Police Department,Fulton,Atlanta,N Ave,N Ave and Myrtle St,(O) No Injury,Not a Collision with Motor Vehicle,,"[""Pedestrian"",""Young Adult Driver (Age 20-24)""]",0,0,0,0,1,,,Rain,Wet,Dark-Lighted,33.771262,-84.380366
10/16/19 19:41,Atlanta Police Department,Fulton,Atlanta,Moreland Ave,Custer Ave and Moreland Ave,(O) No Injury,Head On,,"[""Intersection Related"",""Pedestrian"",""Distracted Driver (Suspected)"",""Older Driver (55-64)""]",0,0,0,0,1,"[""No Contributing Factors"",""Other""]",,Clear,Dry,Dark-Lighted,33.715513,-84.349526
6/10/19 19:27,Atlanta Police Department,Fulton,Atlanta,761 Sidney Marcus Blvd Ne Quick Trip - Sidne,,(O) No Injury,Head On,,"[""Pedestrian"",""Distracted Driver (Suspected)""]",0,0,0,0,1,,,Clear,Dry,Daylight,33.825827,-84.362133
10/30/19 5:46,Atlanta Police Department,Fulton,Atlanta,Hill St Se   Martin L King Jr Dr,Martin L King Jr Dr and Hill St Se   Martin L King Jr Dr,(O) No Injury,Not a Collision with Motor Vehicle,,"[""Intersection Related"",""Pedestrian"",""Distracted Driver (Suspected)""]",0,0,0,0,1,,,Rain,Wet,Dark-Lighted,33.747396,-84.379606
12/3/19 14:31,Atlanta Police Department,Fulton,Atlanta,10Th St,I 7585 and 10Th St,(O) No Injury,Angle (Other),,"[""Motorcycle"",""Pedestrian""]",0,0,0,0,1,"[""No Contributing Factors"",""Other""]",,Clear,Dry,Daylight,33.781546,-84.391596
4/21/19 19:20,Atlanta Police Department,Fulton,Atlanta,Jernigan Dr,Harper Rd and Jernigan Dr,Unknown,Not a Collision with Motor Vehicle,,"[""Intersection Related"",""Pedestrian""]",0,0,0,0,1,"[""Misjudged Clearance"",""No Contributing Factors""]",,Clear,Dry,Daylight,33.696884,-84.372358
5/12/19 18:32,Atlanta Police Department,Fulton,Atlanta,Moreland Ave,Euclid Ave and Moreland Ave,Unknown,Not a Collision with Motor Vehicle,,"[""Intersection Related"",""Hit & Run"",""Pedestrian""]",0,0,0,0,1,"[""Failure to Yield"",""No Contributing Factors""]",,Cloudy,Dry,Daylight,33.765508,-84.349138
9/10/19 17:07,Atlanta Police Department,Fulton,Atlanta,Courtland St,Gilmer St and Courtland St,(O) No Injury,Not a Collision with Motor Vehicle,,"[""Intersection Related"",""Pedestrian""]",0,0,0,0,1,"[""Failure to Yield"",""No Contributing Factors""]",,Clear,Dry,Daylight,33.753477,-84.385307
8/12/19 22:08,Atlanta Police Department,Fulton,Atlanta,Piedmont Rd,Piedmont Rd and Lindbergh Dr,(O) No Injury,Not a Collision with Motor Vehicle,,"[""Intersection Related"",""Pedestrian"",""Distracted Driver (Suspected)""]",0,0,0,0,1,,,Clear,Dry,Dark-Not Lighted,33.820641,-84.367423
5/28/19 16:46,Atlanta Police Department,Fulton,Atlanta,Metropolitan Pkwy,Genessee Ave and Metropolitan Pkwy,Unknown,Sideswipe-Same Direction,,"[""Intersection Related"",""Distracted Driver (Confirmed)"",""Pedestrian"",""Bicycle"",""Improper Occupant Protection""]",0,0,0,0,2,"[""No Contributing Factors"",""No Contributing Factors"",""Other Exterior Distraction (Distracted)""]",,Clear,Dry,Daylight,33.716194,-84.407887
4/8/19 17:39,Atlanta Police Department,Fulton,Atlanta,1688 Peachtree St Nw Amtrak,,(O) No Injury,Head On,,"[""Intersection Related"",""Older Driver (65+)"",""Pedestrian""]",0,0,0,0,1,"[""Failure to Yield"",""No Contributing Factors""]",,Clear,Dry,Daylight,33.799675,-84.392547
6/18/19 6:44,Atlanta Police Department,Fulton,Atlanta,3181 Donald Lee Hollowell Pkwy Nw Petro Truck,,(O) No Injury,Head On,,"[""Hit & Run"",""Pedestrian"",""Distracted Driver (Suspected)""]",0,0,0,0,1,,,Cloudy,Dry,Daylight,33.786396,-84.492201
10/19/19 12:54,Atlanta Police Department,Fulton,Atlanta,University Ave,Hank Aaron Dr and University Ave,Unknown,Not a Collision with Motor Vehicle,,"[""Intersection Related"",""Pedestrian"",""Distracted Driver (Suspected)""]",0,0,0,0,1,"[""No Contributing Factors"",""Other""]",,Rain,Wet,Daylight,33.721669,-84.388562
6/5/19 0:01,Atlanta Police Department,Fulton,Atlanta,Martin L King Jr Dr,Old Gordon Rd and Martin L King Jr Dr,(O) No Injury,Not a Collision with Motor Vehicle,,"[""Intersection Related"",""Pedestrian"",""Distracted Driver (Suspected)""]",0,0,0,0,1,"[""No Contributing Factors"",""Other""]",,Clear,Dry,Dark-Lighted,33.76583,-84.511072
9/11/19 14:19,Atlanta Police Department,Fulton,Atlanta,Beverly Rd,Beverly Rd and Peachtree St,(O) No Injury,Not a Collision with Motor Vehicle,,"[""Intersection Related"",""Pedestrian"",""Distracted Driver (Suspected)"",""Older Driver (55-64)""]",0,0,0,0,1,"[""No Contributing Factors"",""No Contributing Factors""]",,Clear,Dry,Daylight,33.796751,-84.387726
5/14/19 12:26,Atlanta Police Department,Fulton,Atlanta,Peachtree St,Alabama St and Peachtree St,(O) No Injury,Not a Collision with Motor Vehicle,,"[""Intersection Related"",""Pedestrian""]",0,0,0,0,1,,,Clear,Dry,Daylight,33.753164,-84.39128
4/4/19 12:42,Atlanta Police Department,Fulton,Atlanta,Piedmont Rd,Piedmont Rd and Peachtree Rd,(O) No Injury,Angle (Other),,"[""Intersection Related"",""Pedestrian"",""Secondary Crash""]",0,0,0,0,1,,,Clear,Dry,Daylight,33.843633,-84.371326
8/22/19 21:30,Atlanta Police Department,Fulton,Atlanta,Capitol Ave,Fulton St and Capitol Ave,(O) No Injury,Not a Collision with Motor Vehicle,,"[""Intersection Related"",""Hit & Run"",""Pedestrian""]",0,0,0,0,1,"[""Failure to Yield"",""No Contributing Factors""]",,Clear,Dry,Dark-Lighted,33.741874,-84.3878
4/19/19 11:32,Atlanta Police Department,Fulton,Atlanta,Fairburn Rd Sw   Campbellton Rd,Campbellton Rd and Fairburn Rd Sw   Campbellton Rd,Unknown,Angle (Other),,"[""Intersection Related"",""Pedestrian"",""Improper Occupant Protection""]",0,0,0,0,1,,,Rain,Snow,Daylight,33.690622,-84.51145
11/24/19 12:13,Atlanta Police Department,Fulton,Atlanta,Boulevard Se   Burroughs St,Burroughs St and Boulevard Se   Burroughs St,(O) No Injury,Not a Collision with Motor Vehicle,,"[""Intersection Related"",""Pedestrian"",""Young Driver (Age 15-19)"",""Distracted Driver (Suspected)""]",0,0,0,0,1,,,Clear,Dry,Daylight,33.71829,-84.368541
4/6/19 14:10,Atlanta Police Department,Fulton,Atlanta,912 Victory Dr,,(O) No Injury,Angle (Other),,"[""Intersection Related"",""Pedestrian""]",0,0,0,0,1,"[""No Contributing Factors"",""Other""]",,Clear,Dry,Daylight,33.707794,-84.41821
11/16/19 14:22,Atlanta Police Department,Fulton,Atlanta,Northside Dr,Northside Dr and Donald Lee Hollowell Pkwy,(O) No Injury,Not a Collision with Motor Vehicle,,"[""Intersection Related"",""Pedestrian"",""Distracted Driver (Suspected)""]",0,0,0,0,1,"[""No Contributing Factors"",""Other""]",,Clear,Dry,Daylight,33.773212,-84.408757
5/7/19 23:50,Atlanta Police Department,Fulton,Atlanta,146 Joseph E Lowery Blvd,,(O) No Injury,Head On,,"[""Intersection Related"",""Roadway Departure"",""Hit & Run"",""Pedestrian"",""Distracted Driver (Suspected)""]",0,0,0,0,1,,,Clear,Dry,Dark-Lighted,33.750763,-84.417541
7/24/19 20:34,Atlanta Police Department,Fulton,Atlanta,10Th St,10Th St and Monroe Dr,(O) No Injury,Not a Collision with Motor Vehicle,,"[""Intersection Related"",""Older Driver (65+)"",""Pedestrian"",""Secondary Crash""]",0,0,0,0,1,"[""Misjudged Clearance"",""No Contributing Factors""]",,Clear,Dry,Dark-Lighted,33.781734,-84.368687
10/25/19 8:21,Atlanta Police Department,Fulton,Atlanta,Cleveland Ave,Cleveland Ave and Metropolitan Pkwy,(O) No Injury,Sideswipe-Same Direction,,"[""Intersection Related"",""Pedestrian""]",0,0,0,0,1,,,Cloudy,Dry,Daylight,33.681265,-84.407711
5/25/19 20:45,Atlanta Police Department,Fulton,Atlanta,Woodrow St,Warner St and Woodrow St,Unknown,Not a Collision with Motor Vehicle,,"[""Intersection Related"",""Pedestrian"",""Distracted Driver (Suspected)""]",0,0,0,0,1,"[""Other"",""Other""]",,Clear,Dry,Dawn,33.724451,-84.416691
10/2/19 17:18,Atlanta Police Department,Fulton,Atlanta,Hightower Rd Nw   Center St,,Unknown,Not a Collision with Motor Vehicle,,"[""Intersection Related"",""Hit & Run"",""Pedestrian"",""Distracted Driver (Suspected)""]",0,0,0,0,1,,,Clear,Dry,Daylight,33.790071,-84.470086
1/4/19 22:09,Atlanta Police Department,Fulton,Atlanta,James Jackson Pkwy Nw   Proctor Dr,Proctor Dr and James Jackson Pkwy Nw   Proctor Dr,(K) Fatal Injury,Not a Collision with Motor Vehicle,,"[""Hit & Run"",""Pedestrian"",""Impaired (Suspected)""]",1,0,0,0,2,,,Clear,Dry,Dark-Not Lighted,33.764642,-84.412608
2/3/19 3:03,Atlanta Police Department,Fulton,Atlanta,Market St,I 2 and Market St,(O) No Injury,Not a Collision with Motor Vehicle,,"[""Intersection Related"",""Distracted Driver (Confirmed)"",""Pedestrian"",""Older Driver (55-64)""]",0,0,0,0,1,,,Clear,Dry,Dark-Lighted,33.791806,-84.39516
7/28/19 0:29,Atlanta Police Department,Fulton,Atlanta,563 Magnolia St,,(O) No Injury,Not a Collision with Motor Vehicle,,"[""Pedestrian"",""Distracted Driver (Suspected)"",""Improper Occupant Protection""]",0,0,0,0,1,"[""No Contributing Factors"",""No Contributing Factors""]",,Clear,Dry,Dark-Lighted,33.758049,-84.405907
3/15/19 2:38,Atlanta Police Department,Fulton,Atlanta,Piedmont Rd,Piedmont Rd and Lakeshore Dr,(O) No Injury,Not a Collision with Motor Vehicle,,"[""Intersection Related"",""Pedestrian""]",0,0,0,0,1,,,Rain,Water (standing or moving),Dark-Lighted,33.815908,-84.366567
2/4/19 3:37,Atlanta Police Department,Fulton,Atlanta,1131 Lee St,1131 Lee St and White Oak Ave,(O) No Injury,Not a Collision with Motor Vehicle,,"[""Intersection Related"",""Pedestrian"",""Impaired (Suspected)"",""Older Driver (55-64)""]",0,0,0,0,1,"[""No Contributing Factors"",""Other""]",,Clear,Dry,Dark-Lighted,33.724079,-84.421125
1/19/19 17:48,Atlanta Police Department,Fulton,Atlanta,1351 Harbin Rd,,(O) No Injury,Not a Collision with Motor Vehicle,,"[""Pedestrian"",""Distracted Driver (Suspected)"",""Older Driver (55-64)""]",0,0,0,0,1,"[""No Contributing Factors"",""No Contributing Factors""]",,Rain,Wet,Dark-Lighted,33.718534,-84.484246
3/30/19 23:15,Atlanta Police Department,Fulton,Atlanta,Ted Turner Dr,Ted Turner Dr and Andrew Young Interna Blvd,(O) No Injury,Sideswipe-Same Direction,,"[""Intersection Related"",""Pedestrian"",""Secondary Crash""]",0,0,0,0,1,,,Clear,Dry,Dark-Lighted,33.7597,-84.389084
11/30/19 18:13,Dekalb Co Police Department,Fulton,Atlanta,Moreland Ave,Eastland Rd and Moreland Ave,(B) Suspected Minor/Visible Injury,Not a Collision with Motor Vehicle,,"[""Intersection Related"",""Pedestrian"",""Distracted Driver (Suspected)"",""Improper Occupant Protection""]",0,0,1,0,1,,,Clear,Dry,Dark-Lighted,33.719504,-84.349492
9/24/19 16:30,Atlanta Police Department,Fulton,Atlanta,Oakland Dr,Oakland Dr and Arlington Ave,Unknown,Angle (Other),,"[""Intersection Related"",""Older Driver (65+)"",""Pedestrian""]",0,0,0,0,1,"[""No Contributing Factors"",""Other""]",,Clear,Dry,Daylight,33.725364,-84.427379
4/12/19 20:36,Atlanta Police Department,Fulton,Atlanta,Luckie St Nw   Cone St,Cone St and Luckie St Nw   Cone St,(O) No Injury,Head On,,"[""Intersection Related"",""Distracted Driver (Confirmed)"",""Pedestrian""]",0,0,0,0,1,"[""No Contributing Factors"",""Other Exterior Distraction (Distracted)""]",,Clear,Dry,Dusk,33.757859,-84.390111
11/24/19 12:39,Atlanta Police Department,Fulton,Atlanta,Murphy Ave Sw   Ralph D Abernathy Blvd,Ralph D Abernathy Blvd and Murphy Ave Sw   Ralph D Abernathy Blvd,(O) No Injury,Angle (Other),,"[""Intersection Related"",""Pedestrian""]",0,0,0,0,1,,,Clear,Dry,Daylight,33.738202,-84.412403
4/2/19 21:16,Atlanta Police Department,Fulton,Atlanta,Martin L King Jr Dr Nw   Lynhurst Dr,Lynhurst Dr and Martin L King Jr Dr Nw   Lynhurst Dr,(O) No Injury,Angle (Other),,"[""Intersection Related"",""Pedestrian"",""Young Adult Driver (Age 20-24)""]",0,0,0,0,1,,,Clear,Dry,Dark-Lighted,33.751464,-84.48809
5/4/19 4:23,Gsp Post 00,Fulton,Atlanta,Sr 400,,(A) Suspected Serious Injury,Angle (Other),,"[""Pedestrian"",""Impaired Driving (Confirmed)""]",0,1,0,0,1,No Contributing Factors,,Clear,Dry,Dark-Lighted,33.853043,-84.369718
1/1/19 0:33,Atlanta Police Department,Fulton,Atlanta,270 Edgewood Ave,Fort St and 270 Edgewood Ave,(O) No Injury,Not a Collision with Motor Vehicle,,"[""Aggressive Driving"",""Pedestrian"",""Speed Related""]",0,0,0,0,1,"[""No Contributing Factors"",""Other"",""Too Fast for Conditions""]",,Rain,Wet,Dark-Lighted,33.754368,-84.378036
8/13/19 7:49,Atlanta Police Department,Fulton,Atlanta,Colonial Homes Dr Nw   N Colonial Homes Cir,N Colonial Homes Cir and Colonial Homes Dr Nw   N Colonial Homes Cir,Unknown,Sideswipe-Same Direction,,Pedestrian,0,0,0,0,1,,,Clear,Dry,Daylight,33.813909,-84.396974
3/1/19 21:08,Atlanta Police Department,DeKalb,Atlanta,41 Sanderson St,,(O) No Injury,Rear End,,"[""Hit & Run"",""Pedestrian"",""Impaired (Suspected)"",""Distracted Driver (Suspected)""]",0,0,0,0,1,"[""Improper Backing"",""No Contributing Factors""]",,Clear,Dry,Dark-Lighted,33.754593,-84.345846
5/23/19 14:14,Atlanta Police Department,Fulton,Atlanta,Peachtree Rd,Collier Rd and Peachtree Rd,(O) No Injury,Not a Collision with Motor Vehicle,,"[""Intersection Related"",""Hit & Run"",""Pedestrian"",""Distracted Driver (Suspected)"",""Improper Occupant Protection""]",0,0,0,0,1,,,Clear,Dry,Daylight,33.806704,-84.393889
6/25/19 0:11,Atlanta Police Department,Fulton,Atlanta,Hamilton E Holmes Dr,Collier Dr and Hamilton E Holmes Dr,(O) No Injury,Not a Collision with Motor Vehicle,,"[""Pedestrian"",""Distracted Driver (Suspected)""]",0,0,0,0,1,"[""No Contributing Factors"",""Other""]",,Clear,Dry,Dark-Lighted,33.763099,-84.469995
10/28/19 12:15,Atlanta Police Department,Fulton,Atlanta,2602 Donald Lee Hollowell Pkwy,,(O) No Injury,Head On,,"[""Older Driver (65+)"",""Pedestrian"",""Distracted Driver (Suspected)""]",0,0,0,0,1,"[""No Contributing Factors"",""Other""]",,Clear,Dry,Daylight,33.775324,-84.472246
9/16/19 10:51,Atlanta Police Department,Fulton,Atlanta,Peachtree St,17Th St and Peachtree St,(O) No Injury,Not a Collision with Motor Vehicle,,"[""Intersection Related"",""Pedestrian"",""Older Driver (55-64)""]",0,0,0,0,1,,,Clear,Dry,Daylight,33.792501,-84.386369
11/10/19 14:45,Atlanta Police Department,Fulton,Atlanta,Ralph D Abernathy Blvd Sw   Lee St,Lee St and Ralph D Abernathy Blvd Sw   Lee St,(O) No Injury,Angle (Other),,"[""Intersection Related"",""Pedestrian"",""Impaired Driving (Confirmed)""]",0,0,0,0,1,,,Clear,Dry,Daylight,33.738246,-84.414088
4/17/19 13:35,Atlanta Police Department,Fulton,Atlanta,Ralph D Abernathy Blvd,Lee St and Ralph D Abernathy Blvd,(O) No Injury,Not a Collision with Motor Vehicle,,"[""Intersection Related"",""Hit & Run"",""Pedestrian""]",0,0,0,0,1,,,Clear,Dry,Daylight,33.738246,-84.414087
12/4/19 14:49,Atlanta Police Department,Fulton,Atlanta,Donald Lee Hollowell Pkwy,Echo St and Donald Lee Hollowell Pkwy,(O) No Injury,Angle (Other),,"[""Intersection Related"",""Hit & Run"",""Pedestrian""]",0,0,0,0,1,"[""No Contributing Factors"",""No Contributing Factors""]",,Clear,Dry,Daylight,33.773096,-84.410527
7/9/19 18:24,Atlanta Police Department,Fulton,Atlanta,2 Linden Ave,,(O) No Injury,Angle (Other),,"[""Older Driver (65+)"",""Pedestrian""]",0,0,0,0,1,"[""Failure to Yield"",""No Contributing Factors""]",,Clear,Dry,Daylight,33.769781,-84.387084
8/15/19 15:41,Atlanta Police Department,Fulton,Atlanta,Lenox Rd,Lenox Rd and Kingboro Rd,(O) No Injury,Head On,,"[""Intersection Related"",""Pedestrian"",""Young Adult Driver (Age 20-24)""]",0,0,0,0,1,,,Clear,Dry,Daylight,33.848672,-84.360662