Date and Time,Agency Name (Crash Level) ,Area: County,Area: City,Roadway (From Crash Report),Intersection Name (from Crash Report),KABCO Severity,Manner of Collision (Crash Level) ,First Harmful Event (Crash Level) ,SHSP Emphasis Areas,# of Fatalities (Person Table),# Serious Injuries,# Visible Injuries,# Complaint Injuries,# of Vehicles,Operator / Driver Contributing Factor -old,Roadway Contributing Factors (Crash Level) ,Weather Conditions (Crash Level),Surface Condition (Crash Level) ,Light Conditions (Crash Level),Latitude ,Longitude
8/23/19 16:21,Atlanta Police Department,Fulton,Atlanta,Campbellton Rd Sw   Centra Villa Dr,Centra Villa Dr and Campbellton Rd Sw   Centra Villa Dr,Unknown,Head On,,"[""Intersection Related"",""Older Driver (65+)"",""Pedestrian""]",0,0,0,0,1,,,Clear,Dry,Daylight,33.707248,-84.455413
11/21/19 17:00,Atlanta Police Department,Fulton,Atlanta,Lee,Lee and Lee St,(O) No Injury,Not a Collision with Motor Vehicle,,"[""Hit & Run"",""Pedestrian""]",0,0,0,0,1,,,Clear,Dry,Daylight,33.705211,-84.428233
9/13/19 19:02,Atlanta Police Department,Fulton,Atlanta,Parkland Dr,,(O) No Injury,Head On,,"[""Hit & Run"",""Pedestrian"",""Distracted Driver (Suspected)""]",0,0,0,0,1,,,Clear,Dry,Daylight,33.818242,-84.36509
7/31/19 12:40,Atlanta Police Department,Fulton,Atlanta,468 Moreland Ave,Mansfield Ave and 468 Moreland Ave,Unknown,Not a Collision with Motor Vehicle,,"[""Pedestrian"",""Distracted Driver (Suspected)""]",0,0,0,0,1,"[""No Contributing Factors"",""Other""]",,Clear,Dry,Daylight,33.766932,-84.349049
8/16/19 15:11,Atlanta Police Department,Fulton,Atlanta,2000 Lakewood Ave,Lakewood Ave and 2000 Lakewood Ave,(A) Suspected Serious Injury,Angle (Other),,"[""Bicycle"",""Impaired (Suspected)"",""Older Driver (55-64)"",""Improper Occupant Protection""]",0,1,0,0,2,,,Clear,Dry,Daylight,33.700852,-84.387753
3/26/19 8:07,Atlanta Police Department,Fulton,Atlanta,Roswell Rd,Roswell Rd and Lakemoore Dr,(O) No Injury,Not a Collision with Motor Vehicle,,"[""Intersection Related"",""Pedestrian"",""Impaired (Suspected)"",""Distracted Driver (Suspected)""]",0,0,0,0,1,,,Clear,Dry,Daylight,33.864759,-84.380729
4/23/19 17:51,Atlanta Police Department,Fulton,Atlanta,1133 Huff Rd,,(O) No Injury,Angle (Other),,"[""Hit & Run"",""Pedestrian""]",0,0,0,0,1,,,Clear,Dry,Daylight,33.788939,-84.425896
12/19/19 13:44,Atlanta Police Department,DeKalb,Atlanta,Candler Rd,Candler Rd and Memorial Dr,(O) No Injury,Not a Collision with Motor Vehicle,,"[""Intersection Related"",""Hit & Run"",""Pedestrian""]",0,0,0,0,1,,,Clear,Dry,Daylight,33.747083,-84.292056
12/27/19 21:10,Atlanta Police Department,Fulton,Atlanta,Campbellton Rd,Willis Mill Rd and Campbellton Rd,Unknown,Head On,,"[""Intersection Related"",""Pedestrian"",""Distracted Driver (Suspected)""]",0,0,0,0,1,"[""No Contributing Factors"",""Other""]",,Clear,Dry,Dark-Lighted,33.704318,-84.46463
4/11/19 14:14,Atlanta Police Department,Fulton,Atlanta,Peachtree St,Peachtree St and Andrew Young Interna Blvd,(O) No Injury,Not a Collision with Motor Vehicle,,"[""Intersection Related"",""Pedestrian"",""Distracted Driver (Suspected)""]",0,0,0,0,1,"[""No Contributing Factors"",""No Contributing Factors""]",,Clear,Dry,Daylight,33.75969,-84.387584
5/12/19 0:14,Atlanta Police Department,Fulton,Atlanta,N Ave,N Ave and Spring St,(O) No Injury,Not a Collision with Motor Vehicle,,"[""Intersection Related"",""Hit & Run"",""Pedestrian"",""Young Adult Driver (Age 20-24)""]",0,0,0,0,1,"[""Failure to Yield"",""No Contributing Factors""]",,Rain,Wet,Dark-Lighted,33.771239,-84.388836
12/24/19 12:25,Dekalb Co Police Department,Fulton,Atlanta,Moreland Ave,Moreland Ave and Village Creek Lndg,(C) Possible Injury / Complaint,Not a Collision with Motor Vehicle,,"[""Intersection Related"",""Pedestrian"",""Young Driver (Age 15-19)""]",0,0,0,1,1,,,Clear,Dry,Daylight,33.721804,-84.349479
6/21/19 16:35,Atlanta Police Department,Fulton,Atlanta,Baker St,Baker St and Williams St,(O) No Injury,Head On,,"[""Intersection Related"",""Pedestrian""]",0,0,0,0,1,"[""Failure to Yield"",""No Contributing Factors""]",,Clear,Dry,Daylight,33.762276,-84.390548
4/17/19 9:30,Emory Police Department,DeKalb,Atlanta,Gambrell Dr,Gambrell Dr and Lowergate Dr Ne,(B) Suspected Minor/Visible Injury,Not a Collision with Motor Vehicle,,"[""Older Driver (65+)"",""Bicycle"",""Distracted Driver (Suspected)""]",0,0,1,0,1,,,Clear,Dry,Daylight,33.79204,-84.318515
12/23/19 2:34,Atlanta Police Department,Fulton,Atlanta,I 285,I 285 and Jonesboro Rd,(O) No Injury,Head On,,"[""Pedestrian"",""Distracted Driver (Suspected)""]",0,0,0,0,1,,,Rain,Wet,Dark-Lighted,33.649462,-84.368994
2/7/19 19:50,Atlanta Police Department,Fulton,Atlanta,Mcdaniel St,Roy St and Mcdaniel St,(O) No Injury,Not a Collision with Motor Vehicle,,"[""Intersection Related"",""Pedestrian"",""Distracted Driver (Suspected)""]",0,0,0,0,1,"[""No Contributing Factors"",""Other""]",,Clear,Dry,Dark-Lighted,33.724204,-84.401643
10/9/19 17:55,Atlanta Police Department,Fulton,Atlanta,Peachtree St,Peachtree St and Ivan Allen Jr Blvd,(O) No Injury,Sideswipe-Same Direction,,"[""Intersection Related"",""Bicycle"",""Older Driver (55-64)""]",0,0,0,0,2,,,Clear,Dry,Daylight,33.764542,-84.385746
12/12/19 8:27,Atlanta Police Department,Fulton,Atlanta,The Prado Ne   Piedmont Ave,Piedmont Ave and The Prado Ne   Piedmont Ave,(O) No Injury,Angle (Other),,"[""Intersection Related"",""Pedestrian"",""Older Driver (55-64)""]",0,0,0,0,1,,,Clear,Dry,Daylight,33.791684,-84.374196
4/17/19 19:48,Atlanta Police Department,Fulton,Atlanta,Peachtree Rd,Brighton Rd and Peachtree Rd,(O) No Injury,Not a Collision with Motor Vehicle,,Pedestrian,0,0,0,0,1,"[""Failure to Yield"",""No Contributing Factors"",""No Contributing Factors""]",,Clear,Dry,Dark-Lighted,33.808004,-84.393664
1/4/19 21:04,Atlanta Police Department,Fulton,Atlanta,1588 Piedmont Ave,,(O) No Injury,Not a Collision with Motor Vehicle,,"[""Pedestrian"",""Impaired Driving (Confirmed)""]",0,0,0,0,1,"[""No Contributing Factors"",""Other""]",,Cloudy,Dry,Dark-Lighted,33.797899,-84.368415
8/4/17 14:16,Atlanta Police Department,Fulton,Atlanta,Ralph D Abernathy Blvd,Joseph E Lowery Blvd and Ralph D Abernathy Blvd,Unknown,Not a Collision with Motor Vehicle,,"[""Intersection Related"",""Pedestrian"",""Distracted Driver (Suspected)"",""Older Driver (55-64)""]",0,0,0,0,1,"[""No Contributing Factors"",""Other""]",,Clear,Dry,Daylight,33.738001,-84.417732
2/18/17 22:04,Atlanta Police Department,Fulton,Atlanta,Lenox Pkwy Ne   Peachtree Rd,Peachtree Rd and Lenox Pkwy Ne   Peachtree Rd,(O) No Injury,Not a Collision with Motor Vehicle,,"[""Hit & Run"",""Pedestrian"",""Distracted Driver (Suspected)""]",0,0,0,0,1,No Contributing Factors,,Clear,Dry,Dark-Lighted,33.848784,-84.364919
8/19/17 8:20,Atlanta Police Department,DeKalb,Atlanta,Page Ave,Page Ave and Mclendon Ave,(C) Possible Injury / Complaint,Angle (Other),,"[""Intersection Related"",""Pedestrian"",""Young Adult Driver (Age 20-24)""]",0,0,0,1,1,"[""Failure to Yield"",""No Contributing Factors""]",,Clear,Dry,Daylight,33.764846,-84.334161
6/23/17 12:02,Atlanta Police Department,Fulton,Atlanta,Marietta St Nw   Baker St,Baker St and Marietta St Nw   Baker St,(C) Possible Injury / Complaint,Head On,,"[""Intersection Related"",""Pedestrian"",""Young Adult Driver (Age 20-24)""]",0,0,0,1,1,"[""Failure to Yield"",""No Contributing Factors""]",,Clear,Dry,Daylight,33.761377,-84.395901
9/19/17 18:53,Atlanta Police Department,Fulton,Atlanta,Hamilton E Holmes Dr Nw   Godfrey Dr,Godfrey Dr and Hamilton E Holmes Dr Nw   Godfrey Dr,(C) Possible Injury / Complaint,Not a Collision with Motor Vehicle,,"[""Intersection Related"",""Hit & Run"",""Pedestrian"",""Distracted Driver (Suspected)""]",0,0,0,1,1,"[""No Contributing Factors"",""Other""]",,Clear,Dry,Daylight,33.759434,-84.469369
9/5/17 17:08,Atlanta Police Department,Fulton,Atlanta,Spring St,Spring St and Peachtree Pl,(B) Suspected Minor/Visible Injury,Not a Collision with Motor Vehicle,,"[""Intersection Related"",""Pedestrian"",""Young Adult Driver (Age 20-24)""]",0,0,1,0,1,"[""Failure to Yield"",""No Contributing Factors""]",,Clear,Dry,Daylight,33.780546,-84.388997
8/17/17 8:50,Atlanta Police Department,Fulton,Atlanta,3500 Peachtree Rd Ne Phipps Plz,Lenox Rd and 3500 Peachtree Rd Ne Phipps Plz,(O) No Injury,Not a Collision with Motor Vehicle,,"[""Intersection Related"",""Hit & Run"",""Pedestrian""]",0,0,0,0,1,"[""Failure to Yield"",""No Contributing Factors""]",,Clear,Dry,Daylight,33.851886,-84.360794
4/12/17 14:35,Atlanta Police Department,Fulton,Atlanta,Metropolitan Pkwy,Fair Dr and Metropolitan Pkwy,(B) Suspected Minor/Visible Injury,Sideswipe-Opposite Direction,,"[""Intersection Related"",""Hit & Run"",""Pedestrian"",""Distracted Driver (Suspected)""]",0,0,1,0,3,"[""No Contributing Factors"",""Wrong Side of Road""]",,Clear,Dry,Daylight,33.703732,-84.40807
11/27/17 8:20,Atlanta Police Department,Fulton,Atlanta,76 Burbank Dr,Arcadia Cir and 76 Burbank Dr,(B) Suspected Minor/Visible Injury,Not a Collision with Motor Vehicle,,"[""Intersection Related"",""Pedestrian"",""Distracted Driver (Suspected)""]",0,0,1,0,1,No Contributing Factors,,Clear,Dry,Daylight,33.757141,-84.428574
3/22/17 12:45,Atlanta Police Department,Fulton,Atlanta,Jesse Hill Jr Dr,Edgewood Ave and Jesse Hill Jr Dr,(O) No Injury,Angle (Other),,"[""Intersection Related"",""Hit & Run"",""Bicycle"",""Improper Occupant Protection""]",0,0,0,0,2,"[""Improper Turn"",""No Contributing Factors""]",,Cloudy,Dry,Daylight,33.754417,-84.380196
10/14/17 8:40,Atlanta Police Department,Fulton,Atlanta,Merrill Ave,Oakland Dr and Merrill Ave,(C) Possible Injury / Complaint,Not a Collision with Motor Vehicle,,"[""Intersection Related"",""Pedestrian"",""Distracted Driver (Suspected)""]",0,0,0,1,1,"[""No Contributing Factors"",""Other""]",,Cloudy,Dry,Daylight,33.72871,-84.427265
9/20/17 19:05,Atlanta Police Department,Fulton,Atlanta,Marietta St,Simpson St and Marietta St,(C) Possible Injury / Complaint,Angle (Other),,"[""Intersection Related"",""Hit & Run"",""Pedestrian""]",0,0,0,1,1,"[""Failure to Yield"",""No Contributing Factors""]",,Clear,Dry,Dark-Lighted,33.76337,-84.397174
2/6/17 9:00,Atlanta Police Department,Fulton,Atlanta,Derring Rd,Derring Rd and Peachtree St,(C) Possible Injury / Complaint,Not a Collision with Motor Vehicle,,"[""Intersection Related"",""Pedestrian""]",0,0,0,1,1,"[""Failure to Yield"",""No Contributing Factors""]",,Clear,Dry,Daylight,33.799825,-84.392358
5/9/17 15:08,Atlanta Police Department,Fulton,Atlanta,Spring St,Spring St and Biltmore Pl,(C) Possible Injury / Complaint,Not a Collision with Motor Vehicle,,"[""Intersection Related"",""Pedestrian"",""Distracted Driver (Suspected)""]",0,0,0,1,1,"[""Other"",""Other""]",,Clear,Dry,Daylight,33.777582,-84.388782
10/2/17 16:43,Atlanta Police Department,DeKalb,Atlanta,360 E Lake Blvd,Glenwood Ave and 360 E Lake Blvd,(B) Suspected Minor/Visible Injury,Angle (Other),,"[""Intersection Related"",""Pedestrian"",""Improper Occupant Protection""]",0,0,1,1,1,"[""Misjudged Clearance"",""No Contributing Factors""]",,Clear,Dry,Daylight,33.740256,-84.313906
1/14/17 18:12,Atlanta Police Department,Fulton,Atlanta,887 Spring St,,(C) Possible Injury / Complaint,Not a Collision with Motor Vehicle,,"[""Roadway Departure"",""Pedestrian"",""Distracted Driver (Suspected)"",""Older Driver (55-64)""]",0,0,0,1,1,"[""No Contributing Factors"",""Other""]",,Clear,Dry,Dark-Lighted,33.779072,-84.388767
5/29/17 13:30,Atlanta Police Department,Fulton,Atlanta,Peachtree Rd,Lenox Rd and Peachtree Rd,(O) No Injury,Head On,,"[""Intersection Related"",""Pedestrian""]",0,0,0,0,1,"[""Failure to Yield"",""No Contributing Factors""]",,Cloudy,Dry,Daylight,33.850432,-84.362104
3/31/17 18:29,Atlanta Police Department,Fulton,Atlanta,Juniper St,11Th St and Juniper St,(O) No Injury,Not a Collision with Motor Vehicle,,"[""Intersection Related"",""Hit & Run"",""Pedestrian""]",0,0,0,0,1,"[""Failure to Yield"",""No Contributing Factors""]",,Clear,Dry,Daylight,33.783022,-84.382351
10/5/17 12:18,Atlanta Police Department,Fulton,Atlanta,3525 Piedmont Rd,,(C) Possible Injury / Complaint,Angle (Other),,"[""Roadway Departure"",""Bicycle""]",0,0,0,1,2,"[""No Contributing Factors"",""Other""]",,Clear,Dry,Daylight,33.849537,-84.376692
12/5/17 19:30,Atlanta Police Department,Fulton,Atlanta,Jonesboro Rd,Conley Rd and Jonesboro Rd,(B) Suspected Minor/Visible Injury,Not a Collision with Motor Vehicle,,"[""Intersection Related"",""Pedestrian"",""Distracted Driver (Suspected)"",""Older Driver (55-64)""]",0,0,1,0,1,,,Rain,Wet,Dark-Lighted,33.648435,-84.365459
9/27/17 2:39,Atlanta Police Department,Fulton,Atlanta,399 Edgewood Ave,,(C) Possible Injury / Complaint,Not a Collision with Motor Vehicle,,"[""Intersection Related"",""Pedestrian"",""Young Adult Driver (Age 20-24)"",""Impaired Driving (Confirmed)""]",0,0,0,1,1,"[""Improper Backing"",""No Contributing Factors""]",,Clear,Dry,Dark-Lighted,33.754339,-84.374495
2/26/17 0:40,Atlanta Police Department,Fulton,Atlanta,Monroe Dr,Monroe Dr and Piedmont Cir,(B) Suspected Minor/Visible Injury,Not a Collision with Motor Vehicle,,"[""Hit & Run"",""Pedestrian"",""Young Adult Driver (Age 20-24)"",""Distracted Driver (Suspected)"",""Improper Occupant Protection""]",0,0,2,0,2,"[""No Contributing Factors"",""No Contributing Factors"",""Other""]",,Clear,Dry,Dark-Lighted,33.81069,-84.368346
12/30/17 22:47,Atlanta Police Department,Fulton,Atlanta,Martin Luther King Jr Dr,I 285 and Martin Luther King Jr Dr,(C) Possible Injury / Complaint,Not a Collision with Motor Vehicle,,"[""Hit & Run"",""Pedestrian"",""Distracted Driver (Suspected)""]",0,0,0,1,1,,,Clear,Dry,Dark-Lighted,33.753459,-84.495198
4/18/17 18:54,Atlanta Police Department,Fulton,Atlanta,N Ave,N Ave and Parkway Dr,(O) No Injury,Angle (Other),,"[""Intersection Related"",""Pedestrian"",""Older Driver (55-64)"",""Improper Occupant Protection""]",0,0,0,0,1,"[""Failure to Yield"",""No Contributing Factors""]",,Clear,Dry,Daylight,33.770965,-84.372795
11/7/17 14:26,Atlanta Police Department,Fulton,Atlanta,Piedmont Ave,Decatur St and Piedmont Ave,(C) Possible Injury / Complaint,Not a Collision with Motor Vehicle,,"[""Intersection Related"",""Pedestrian""]",0,0,0,1,1,"[""Failure to Yield"",""No Contributing Factors""]",,Cloudy,Dry,Daylight,33.751462,-84.385378
12/6/17 22:27,Atlanta Police Department,Fulton,Atlanta,1345 Donnelly Ave,,(A) Suspected Serious Injury,Head On,,"[""Pedestrian"",""Distracted Driver (Suspected)"",""Older Driver (55-64)""]",0,1,0,0,1,"[""No Contributing Factors"",""Other""]",,Clear,Dry,Dark-Lighted,33.735599,-84.431111
5/6/17 0:15,Atlanta Police Department,Fulton,Atlanta,W Peachtree St Ne   8Th St,8Th St and W Peachtree St Ne   8Th St,(O) No Injury,Not a Collision with Motor Vehicle,,"[""Intersection Related"",""Hit & Run"",""Pedestrian"",""Improper Occupant Protection""]",0,0,0,0,1,"[""Failure to Yield"",""No Contributing Factors""]",,Clear,Dry,Daylight,33.779602,-84.387274
8/16/17 13:20,Atlanta Police Department,Fulton,Atlanta,Courtland St Ne   Ellis St,Ellis St and Courtland St Ne   Ellis St,(O) No Injury,Not a Collision with Motor Vehicle,,"[""Intersection Related"",""Pedestrian"",""Distracted Driver (Suspected)"",""Older Driver (55-64)""]",0,0,0,0,1,"[""Other"",""Other""]",,Clear,Dry,Daylight,33.758392,-84.384194
9/23/17 15:27,Georgia Tech Police Department,Fulton,Atlanta,Bobby Dodd Way,Williams St and Bobby Dodd Way,(O) No Injury,Not a Collision with Motor Vehicle,,"[""Distracted Driver (Confirmed)"",""Pedestrian"",""Improper Occupant Protection""]",0,0,0,0,1,"[""Following Too Close"",""Inattentive or Other Distraction (Distracted)""]",,Clear,Dry,Daylight,33.773819,-84.390677
1/5/17 9:50,Atlanta Police Department,Fulton,Atlanta,Gilmer St,Gilmer St and Peachtree Center Ave,(C) Possible Injury / Complaint,Sideswipe-Same Direction,,"[""Intersection Related"",""Bicycle"",""Improper Occupant Protection""]",0,0,0,1,2,"[""Failure to Yield"",""Failure to Yield""]",,Clear,Dry,Daylight,33.754488,-84.386534
11/8/17 17:07,Atlanta Police Department,Fulton,Atlanta,1090 Jones,Lois Pl and 1090 Jones,(C) Possible Injury / Complaint,Angle (Other),,"[""Hit & Run"",""Pedestrian"",""Young Adult Driver (Age 20-24)""]",0,0,0,1,1,"[""No Contributing Factors"",""No Contributing Factors""]",,Clear,Dry,Dark-Lighted,33.784548,-84.452585
7/31/17 9:20,Atlanta Police Department,Fulton,Atlanta,750 Piedmont Ave,4Th St and 750 Piedmont Ave,(B) Suspected Minor/Visible Injury,Angle (Other),,"[""Intersection Related"",""Pedestrian"",""Older Driver (55-64)""]",0,0,1,0,1,"[""Other"",""Other""]",,Clear,Dry,Daylight,33.774706,-84.381567
11/21/17 16:37,Atlanta Police Department,Fulton,Atlanta,Peachtree St Ne   Andrew Young Interna Blvd,Andrew Young Interna Blvd and Peachtree St Ne   Andrew Young Interna Blvd,(O) No Injury,Angle (Other),,"[""Intersection Related"",""Hit & Run"",""Pedestrian""]",0,0,0,0,1,"[""No Contributing Factors"",""No Contributing Factors""]",,Clear,Dry,Daylight,33.759705,-84.387253
1/28/17 16:34,Atlanta Police Department,Fulton,Atlanta,Defoor,Defoor and Davis St,(O) No Injury,Rear End,,"[""Intersection Related"",""Distracted Driver (Confirmed)"",""Pedestrian"",""Improper Occupant Protection""]",0,0,0,0,1,"[""Inattentive or Other Distraction (Distracted)"",""No Contributing Factors""]",,(None),Dry,Daylight,33.804768,-84.423241
6/15/18 18:25,Atlanta Police Department,Fulton,Atlanta,550 Norfolk St,,(O) No Injury,Not a Collision with Motor Vehicle,,"[""Pedestrian"",""Secondary Crash"",""Distracted Driver (Suspected)""]",0,0,0,0,1,Other,,Clear,Dry,Daylight,33.769745,-84.418682
9/2/18 16:16,Atlanta Police Department,Fulton,Atlanta,168 Brownlee Rd,,(O) No Injury,Not a Collision with Motor Vehicle,,"[""Pedestrian"",""Distracted Driver (Suspected)""]",0,0,0,0,1,"[""No Contributing Factors"",""Other""]",,Clear,Dry,Daylight,33.752004,-84.500056
12/4/18 18:33,Atlanta Police Department,Fulton,Atlanta,Martin L King Jr Dr,I 285 and Martin L King Jr Dr,Unknown,Angle (Other),,"[""Roadway Departure"",""Pedestrian""]",0,0,0,0,3,"[""Failure to Yield"",""No Contributing Factors"",""No Contributing Factors""]",,Clear,Dry,Dark-Lighted,33.753523,-84.49535
12/16/18 20:08,Atlanta Police Department,DeKalb,Atlanta,La France St,La France St and Whitefoord Ave,Unknown,Not a Collision with Motor Vehicle,,"[""Intersection Related"",""Pedestrian""]",0,0,0,0,1,,,Clear,Dry,Daylight,33.760454,-84.341908
4/4/18 20:46,Atlanta Police Department,Fulton,Atlanta,Forrest Park Rd,Thomasville Dr and Forrest Park Rd,(C) Possible Injury / Complaint,Angle (Other),,"[""Intersection Related"",""Hit & Run"",""Pedestrian""]",0,0,0,1,2,"[""No Contributing Factors"",""No Contributing Factors""]",,Clear,Dry,Daylight,33.69836,-84.358832
3/3/18 21:06,Atlanta Police Department,Fulton,Atlanta,Ellis St,Ellis St and Peachtree Center Ave,(O) No Injury,Head On,,"[""Intersection Related"",""Hit & Run"",""Pedestrian"",""Distracted Driver (Suspected)""]",0,0,0,0,1,No Contributing Factors,,(None),Dry,Dark-Lighted,33.758329,-84.386084
2/23/18 21:07,Georgia Tech Police Department,Fulton,Atlanta,770 Sr 30332,Fourth St and 770 Sr 30332,(O) No Injury,Sideswipe-Same Direction,,"[""Bicycle"",""Improper Occupant Protection""]",0,0,0,0,2,"[""Improper Turn"",""No Contributing Factors""]",,Clear,Dry,Dark-Lighted,33.775619,-84.39196
11/13/18 23:11,Atlanta Police Department,Fulton,Atlanta,Martin L King Jr Dr,Chappell Rd and Martin L King Jr Dr,(O) No Injury,Not a Collision with Motor Vehicle,,"[""Intersection Related"",""Pedestrian"",""Distracted Driver (Suspected)""]",0,0,0,0,1,"[""Other"",""Other""]",,Rain,Wet,Dark-Lighted,33.753796,-84.433376
6/26/18 18:47,Atlanta Police Department,Fulton,Atlanta,398 Angier Ct,Angier Ave and 398 Angier Ct,(B) Suspected Minor/Visible Injury,Angle (Other),,"[""Roadway Departure"",""Bicycle"",""Improper Occupant Protection""]",0,0,1,0,2,"[""Disregard Other Traffic Control"",""No Contributing Factors""]",,Clear,Dry,Daylight,33.765164,-84.37476
6/5/18 13:14,Atlanta Police Department,Fulton,Atlanta,Twilley Rd,Baker Ter and Twilley Rd,(B) Suspected Minor/Visible Injury,Not a Collision with Motor Vehicle,,"[""Intersection Related"",""Older Driver (65+)"",""Bicycle"",""Distracted Driver (Suspected)"",""Improper Occupant Protection""]",0,0,1,0,2,No Contributing Factors,,Clear,Dry,Daylight,33.771174,-84.45886
3/3/18 15:20,Atlanta Police Department,Fulton,Atlanta,439 Woodlawn Ave,Kennesaw Dr and 439 Woodlawn Ave,(O) No Injury,Not a Collision with Motor Vehicle,,"[""Distracted Driver (Confirmed)"",""Older Driver (65+)"",""Pedestrian""]",0,0,0,0,1,,,(None),Dry,Daylight,33.767145,-84.436223
6/1/18 14:13,Atlanta Police Department,Fulton,Atlanta,Donald Lee Hollowell Pkwy Nw   Hollywood Rd,Hollywood Rd and Donald Lee Hollowell Pkwy Nw   Hollywood Rd,(O) No Injury,Not a Collision with Motor Vehicle,,"[""Intersection Related"",""Hit & Run"",""Pedestrian"",""Distracted Driver (Suspected)""]",0,0,0,0,1,No Contributing Factors,,Rain,Wet,Daylight,33.776741,-84.449924
5/2/18 13:57,Atlanta Police Department,Fulton,Atlanta,Ellis St,Ellis St and Peachtree Center Ave,(O) No Injury,Not a Collision with Motor Vehicle,,"[""Intersection Related"",""CMV Related"",""Pedestrian"",""Distracted Driver (Suspected)""]",0,0,0,0,1,No Contributing Factors,,Clear,Dry,Daylight,33.7584,-84.386083
12/20/18 8:11,Atlanta Police Department,Fulton,Atlanta,W Peachtree St Ne   14Th St,14Th St and W Peachtree St Ne   14Th St,(O) No Injury,Angle (Other),,"[""Intersection Related"",""Pedestrian""]",0,0,0,0,1,,,Rain,Wet,Daylight,33.786676,-84.387808
5/2/18 14:22,Atlanta Police Department,Fulton,Atlanta,2 Piedmont Ave,Edgewood Ave and 2 Piedmont Ave,(O) No Injury,Not a Collision with Motor Vehicle,,"[""Intersection Related"",""Roadway Departure"",""Pedestrian"",""Young Driver (Age 15-19)"",""Improper Occupant Protection""]",0,0,0,0,1,Failure to Yield,,Clear,Dry,Daylight,33.7546,-84.382294
11/18/18 16:05,Atlanta Police Department,Fulton,Atlanta,992 Peachtree St,10Th St and 992 Peachtree St,(O) No Injury,Not a Collision with Motor Vehicle,,"[""Intersection Related"",""Pedestrian"",""Impaired Driving (Confirmed)""]",0,0,0,0,1,"[""No Contributing Factors"",""Under the Influence (U.I.)""]",,Clear,Dry,Daylight,33.781908,-84.383997
1/29/18 11:30,Atlanta Police Department,Fulton,Atlanta,1558 Martin L King Jr Dr,Wellington and 1558 Martin L King Jr Dr,(K) Fatal Injury,Not a Collision with Motor Vehicle,,"[""Intersection Related"",""Roadway Departure"",""Hit & Run"",""Pedestrian"",""Impaired (Suspected)"",""Distracted Driver (Suspected)""]",1,0,0,0,1,"[""Driver Lost Control"",""No Contributing Factors""]",,Clear,Dry,Daylight,33.752841,-84.438414
9/6/18 18:07,Atlanta Police Department,Fulton,Atlanta,4301 Northside Pkwy,,(O) No Injury,Angle (Other),,Pedestrian,0,0,0,0,1,"[""Disregard Other Traffic Control"",""No Contributing Factors""]",,Clear,Dry,Daylight,33.864177,-84.448366
5/5/18 15:58,Atlanta Police Department,Fulton,Atlanta,Peyton Rd,Peyton Rd and Martin L King Jr Dr,(O) No Injury,Angle (Other),,"[""Intersection Related"",""Pedestrian"",""Older Driver (55-64)""]",0,0,0,0,2,No Contributing Factors,,Clear,Dry,Daylight,33.754266,-84.476435
6/30/18 10:37,Atlanta Police Department,Fulton,Atlanta,Peachtree Dunwoody Rd,Stovall Blvd and Peachtree Dunwoody Rd,(O) No Injury,Not a Collision with Motor Vehicle,,"[""Intersection Related"",""Roadway Departure"",""Pedestrian"",""Distracted Driver (Suspected)""]",0,0,0,0,1,"[""No Contributing Factors"",""Wrong Side of Road""]",,Clear,Dry,Daylight,33.861853,-84.357956
5/21/18 5:39,Atlanta Police Department,Fulton,Atlanta,Peachtree St Ne   7Th St,7Th St and Peachtree St Ne   7Th St,(O) No Injury,(None),,"[""Intersection Related"",""Hit & Run"",""Pedestrian""]",0,0,0,0,1,No Contributing Factors,,(None),(None),Dark-Not Lighted,33.778523,-84.384307
11/5/18 17:32,Atlanta Police Department,Fulton,Atlanta,842 Martin L King Jr Dr,,(O) No Injury,Not a Collision with Motor Vehicle,,"[""Pedestrian"",""Young Adult Driver (Age 20-24)"",""Distracted Driver (Suspected)""]",0,0,0,0,1,"[""No Contributing Factors"",""No Contributing Factors""]",,Cloudy,Dry,Dusk,33.75472,-84.415495
6/6/18 16:25,Atlanta Police Department,Fulton,Atlanta,Peachtree St,13Th St and Peachtree St,(C) Possible Injury / Complaint,Angle (Other),,"[""Intersection Related"",""Pedestrian"",""Young Adult Driver (Age 20-24)""]",0,0,0,1,2,No Contributing Factors,,Clear,Dry,Daylight,33.78544,-84.382994
8/21/18 8:34,Atlanta Police Department,Fulton,Atlanta,3150 Roswell Rd,Sardis Way and 3150 Roswell Rd,(O) No Injury,Angle (Other),,"[""Intersection Related"",""Pedestrian""]",0,0,0,0,2,"[""Failure to Yield"",""No Contributing Factors"",""No Contributing Factors""]",,Clear,Dry,Daylight,33.840939,-84.379196
6/13/18 23:43,Atlanta Police Department,Fulton,Atlanta,2091 Piedmont Rd,2091 Piedmont Rd and Sidney Marcus Blvd,(O) No Injury,Not a Collision with Motor Vehicle,,"[""Intersection Related"",""Hit & Run"",""Pedestrian"",""Distracted Driver (Suspected)"",""Improper Occupant Protection""]",0,0,0,0,1,No Contributing Factors,,Rain,(None),Dark-Lighted,33.825904,-84.367141
10/23/18 20:08,Atlanta Police Department,Fulton,Atlanta,Ellis St Nw   Peachtree St,Peachtree St and Ellis St Nw   Peachtree St,(C) Possible Injury / Complaint,Angle (Other),,"[""Intersection Related"",""Pedestrian"",""Young Adult Driver (Age 20-24)"",""Older Driver (55-64)""]",0,0,0,2,2,"[""Driver Condition"",""Driver Condition"",""Driver Condition"",""No Contributing Factors""]",,Clear,Dry,Dusk,33.758427,-84.387589