Date and Time,Agency Name (Crash Level) ,Area: County,Area: City,Roadway (From Crash Report),Intersection Name (from Crash Report),KABCO Severity,Manner of Collision (Crash Level) ,First Harmful Event (Crash Level) ,SHSP Emphasis Areas,# of Fatalities (Person Table),# Serious Injuries,# Visible Injuries,# Complaint Injuries,# of Vehicles,Operator / Driver Contributing Factor -old,Roadway Contributing Factors (Crash Level) ,Weather Conditions (Crash Level),Surface Condition (Crash Level) ,Light Conditions (Crash Level),Latitude ,Longitude
4/9/18 9:56,Atlanta Police Department,Fulton,Atlanta,Mount Zion Rd,Hapeville Rd and Mount Zion Rd,(O) No Injury,Angle (Other),,"[""Intersection Related"",""Roadway Departure"",""Hit & Run"",""Pedestrian"",""Older Driver (55-64)""]",0,0,0,0,2,No Contributing Factors,,Clear,Dry,Daylight,33.672881,-84.393493
3/16/18 15:31,Atlanta Police Department,Fulton,Atlanta,Campbellton Rd Sw   Centra Villa Dr,Centra Villa Dr and Campbellton Rd Sw   Centra Villa Dr,(O) No Injury,Not a Collision with Motor Vehicle,,"[""Intersection Related"",""Hit & Run"",""Pedestrian""]",0,0,0,0,1,Other,,Clear,Dry,Daylight,33.70714,-84.455687
5/9/18 7:21,Atlanta Police Department,Fulton,Atlanta,Central Ave Sw   Mitchell St,Mitchell St and Central Ave Sw   Mitchell St,Unknown,Not a Collision with Motor Vehicle,,"[""Intersection Related"",""Pedestrian"",""Secondary Crash""]",0,0,0,0,1,Failure to Yield,,Clear,Dry,Daylight,33.749521,-84.390741
7/6/18 7:31,Atlanta Police Department,Fulton,Atlanta,Peachtree St Ne   10Th St,10Th St and Peachtree St Ne   10Th St,Unknown,Not a Collision with Motor Vehicle,,"[""Intersection Related"",""Pedestrian""]",0,0,0,0,1,"[""Disregard Other Traffic Control"",""No Contributing Factors""]",,Clear,Dry,Daylight,33.781721,-84.384009
7/21/18 13:33,Atlanta Police Department,Fulton,Atlanta,26Th St,26Th St and Alden Ave,Unknown,Not a Collision with Motor Vehicle,,"[""Roadway Departure"",""Hit & Run"",""Pedestrian""]",0,0,0,0,1,"[""Failure to Yield"",""No Contributing Factors""]",,Clear,Dry,Daylight,33.802064,-84.398916
10/9/18 20:57,Atlanta Police Department,Fulton,Atlanta,Hank Aaron Dr,Ormond St and Hank Aaron Dr,(O) No Injury,Not a Collision with Motor Vehicle,,"[""Intersection Related"",""Pedestrian"",""Distracted Driver (Suspected)"",""Older Driver (55-64)""]",0,0,0,0,1,"[""No Contributing Factors"",""Other""]",,Clear,Dry,Dark-Lighted,33.731754,-84.387944
4/8/18 19:55,Atlanta Police Department,Fulton,Atlanta,451 Cherokee Ave,,(O) No Injury,Rear End,,"[""Intersection Related"",""Pedestrian"",""Distracted Driver (Suspected)""]",0,0,0,0,2,No Contributing Factors,,Clear,Dry,Dark-Lighted,33.742155,-84.373417
2/27/18 13:26,Atlanta Police Department,Fulton,Atlanta,2251 Sisk St,,(O) No Injury,Head On,,"[""Hit & Run"",""Pedestrian"",""Impaired (Suspected)"",""Distracted Driver (Suspected)"",""Improper Occupant Protection""]",0,0,0,0,1,No Contributing Factors,,Clear,Dry,Daylight,33.7808,-84.461868
7/20/18 18:24,Atlanta Police Department,Fulton,Atlanta,Hank Aaron Dr,Atlanta Ave and Hank Aaron Dr,(O) No Injury,Sideswipe-Opposite Direction,,"[""Intersection Related"",""Pedestrian"",""Young Adult Driver (Age 20-24)"",""Distracted Driver (Suspected)""]",0,0,0,0,1,No Contributing Factors,,Clear,Dry,Daylight,33.730308,-84.387962
5/27/18 11:32,Gsp Post 00,Fulton,Atlanta,I 85,,(K) Fatal Injury,Not a Collision with Motor Vehicle,,"[""Pedestrian"",""Distracted Driver (Suspected)""]",1,0,1,0,1,No Contributing Factors,,Clear,Dry,Daylight,33.680375,-84.411806
11/12/18 18:56,Atlanta Police Department,Fulton,Atlanta,Hamilton E Holmes Dr,I 20 and Hamilton E Holmes Dr,(O) No Injury,Head On,,"[""Pedestrian"",""Young Adult Driver (Age 20-24)"",""Distracted Driver (Suspected)""]",0,0,0,0,1,,,Rain,Wet,Dark-Not Lighted,33.758366,-84.469162
2/9/18 17:20,Atlanta Police Department,Fulton,Atlanta,1073 Woodland Ave,,(O) No Injury,Not a Collision with Motor Vehicle,,"[""Pedestrian"",""Distracted Driver (Suspected)""]",0,0,0,0,1,No Contributing Factors,,Cloudy,Dry,Daylight,33.814434,-84.352526
10/6/18 9:46,Atlanta Police Department,Fulton,Atlanta,Peachtree Rd,Peachtree Rd and Colonial Homes Dr,(O) No Injury,Angle (Other),,"[""Intersection Related"",""Pedestrian"",""Young Adult Driver (Age 20-24)""]",0,0,0,0,1,"[""Failure to Yield"",""No Contributing Factors""]",,Clear,Dry,Daylight,33.813686,-84.392304
3/15/18 18:41,Atlanta Police Department,Fulton,Atlanta,1147 Metropolitan Pkwy,,(O) No Injury,Not a Collision with Motor Vehicle,,"[""Intersection Related"",""Pedestrian"",""Distracted Driver (Suspected)""]",0,0,0,0,1,Other,,Clear,Dry,Daylight,33.723597,-84.407885
6/20/18 8:17,Atlanta Police Department,Fulton,Atlanta,800 Sidney Marcus Blvd,Ga400 Expy and 800 Sidney Marcus Blvd,(O) No Injury,Not a Collision with Motor Vehicle,,"[""Hit & Run"",""Pedestrian""]",0,0,0,0,1,"[""No Contributing Factors"",""Other""]",,Clear,Dry,Daylight,33.825517,-84.360771
10/7/18 16:16,Atlanta Police Department,Fulton,Atlanta,1383 Graymont Dr,Venetian Dr and 1383 Graymont Dr,(O) No Injury,Sideswipe-Same Direction,,"[""Hit & Run"",""Bicycle"",""Impaired (Suspected)""]",0,0,0,0,2,"[""Parked Improperly"",""Wrong Side of Road""]",,Clear,Dry,Daylight,33.716504,-84.436776
6/11/18 10:13,Atlanta Police Department,Fulton,Atlanta,232 Forsyth St,Garnett St and 232 Forsyth St,Unknown,Not a Collision with Motor Vehicle,,"[""Roadway Departure"",""Pedestrian"",""Older Driver (55-64)""]",0,0,0,0,1,"[""No Contributing Factors"",""Vision Obscured""]",,Clear,Dry,Daylight,33.748514,-84.396356
1/11/18 12:25,Atlanta Police Department,Fulton,Atlanta,Peachtree Rd,Maple Dr and Peachtree Rd,(O) No Injury,Angle (Other),,"[""Intersection Related"",""Pedestrian""]",0,0,0,0,1,No Contributing Factors,,Clear,Dry,Daylight,33.842997,-84.37255
10/22/18 7:22,Atlanta Police Department,Fulton,Atlanta,841 Memorial Dr,Chester Ave and 841 Memorial Dr,(O) No Injury,Angle (Other),,Pedestrian,0,0,0,0,1,"[""Failure to Yield"",""No Contributing Factors""]",,Clear,Dry,Dawn,33.746254,-84.359866
2/14/18 23:27,Atlanta Police Department,Fulton,Atlanta,I 7585,I 7585 and Arthur Langford Pkwy,(O) No Injury,Not a Collision with Motor Vehicle,,"[""Roadway Departure"",""Hit & Run"",""Pedestrian"",""Distracted Driver (Suspected)""]",0,0,0,0,1,Other,,Clear,Wet,Dark-Lighted,33.680634,-84.411723
12/8/18 15:19,Atlanta Police Department,Fulton,Atlanta,Juniper St,11Th St and Juniper St,Unknown,Not a Collision with Motor Vehicle,,"[""Intersection Related"",""Pedestrian"",""Distracted Driver (Suspected)""]",0,0,0,0,1,"[""No Contributing Factors"",""Other""]",,Rain,Wet,Daylight,33.783024,-84.382351
6/1/18 11:08,Atlanta Police Department,Fulton,Atlanta,Ponce De Leon Ave Ne   Glen Iris Dr,Glen Iris Dr and Ponce De Leon Ave Ne   Glen Iris Dr,(O) No Injury,Not a Collision with Motor Vehicle,,"[""Intersection Related"",""Pedestrian"",""Young Adult Driver (Age 20-24)""]",0,0,0,0,1,"[""Failure to Yield"",""Other""]",,Clear,Dry,Daylight,33.773498,-84.367613
3/31/18 2:05,Gsp Post 00,Fulton,Atlanta,I 85,,(B) Suspected Minor/Visible Injury,Not a Collision with Motor Vehicle,,"[""Roadway Departure"",""Hit & Run"",""Pedestrian"",""Distracted Driver (Suspected)""]",0,0,1,0,1,No Contributing Factors,,Clear,Dry,Dark-Lighted,33.771289,-84.390661
8/20/18 12:19,Atlanta Police Department,Fulton,Atlanta,2051 James Jackson Pkwy,,(O) No Injury,Not a Collision with Motor Vehicle,,"[""Roadway Departure"",""Pedestrian"",""Distracted Driver (Suspected)""]",0,0,0,0,1,"[""Improper Backing"",""No Contributing Factors""]",,Cloudy,Dry,Daylight,33.811894,-84.475856
6/2/18 9:10,Atlanta Police Department,Fulton,Atlanta,Jesse Hill Jr Dr,Coca Cola Pl and Jesse Hill Jr Dr,(O) No Injury,Not a Collision with Motor Vehicle,,"[""Intersection Related"",""Pedestrian""]",0,0,0,0,1,Failure to Yield,,Clear,Dry,Daylight,33.755323,-84.380248
7/20/18 16:31,Atlanta Police Department,Fulton,Atlanta,1737 Evans Dr,Victory Dr and 1737 Evans Dr,(O) No Injury,Not a Collision with Motor Vehicle,,"[""Roadway Departure"",""Pedestrian"",""Young Adult Driver (Age 20-24)"",""Distracted Driver (Suspected)""]",0,0,0,0,1,"[""Driver Lost Control"",""No Contributing Factors""]",,Clear,Dry,Daylight,33.707404,-84.423676
3/20/18 12:51,Atlanta Police Department,Fulton,Atlanta,403 Moreland Ave,,Unknown,Not a Collision with Motor Vehicle,,"[""Intersection Related"",""Roadway Departure"",""Pedestrian"",""Distracted Driver (Suspected)""]",0,0,0,0,1,No Contributing Factors,,Clear,Dry,Daylight,33.742984,-84.349241
4/22/18 20:38,Atlanta Police Department,Fulton,Atlanta,2205 Cheshire Bridge Rd,Woodland Ave and 2205 Cheshire Bridge Rd,Unknown,Not a Collision with Motor Vehicle,,"[""Intersection Related"",""Pedestrian"",""Distracted Driver (Suspected)""]",0,0,0,0,1,No Contributing Factors,,Rain,Wet,Dark-Lighted,33.815001,-84.353042
11/13/18 8:39,Atlanta Police Department,Fulton,Atlanta,Ted Turner Dr,Ted Turner Dr and Martin L King Jr Dr,(O) No Injury,Head On,,"[""Intersection Related"",""CMV Related"",""Pedestrian"",""Distracted Driver (Suspected)""]",0,0,0,0,1,,,Rain,Wet,Daylight,33.75353,-84.394777
3/29/18 15:07,Atlanta Police Department,Fulton,Atlanta,1579 Monroe Dr Ne Ansley Mall Ii,,(O) No Injury,Not a Collision with Motor Vehicle,,"[""Hit & Run"",""Pedestrian"",""Distracted Driver (Suspected)""]",0,0,0,0,1,Other,,Cloudy,Dry,Daylight,33.79765,-84.369444
10/18/18 18:09,Atlanta Police Department,Fulton,Atlanta,3113 Campbellton Rd,Campbellton Rd and 3113 Campbellton Rd,(O) No Injury,Not a Collision with Motor Vehicle,,"[""Intersection Related"",""Pedestrian"",""Distracted Driver (Suspected)""]",0,0,0,0,1,"[""Other"",""Other""]",,Clear,Dry,Daylight,33.692411,-84.490825
11/22/18 18:18,Atlanta Police Department,Fulton,Atlanta,3330 Piedmont Rd Ne Kroger - Piedmont,,(O) No Injury,Not a Collision with Motor Vehicle,,Pedestrian,0,0,0,0,1,,,Clear,Dry,Dark-Lighted,33.846088,-84.37261
9/7/18 14:45,Atlanta Police Department,Fulton,Atlanta,Peachtree St,14Th St and Peachtree St,(B) Suspected Minor/Visible Injury,Angle (Other),,"[""Intersection Related"",""Bicycle"",""Improper Occupant Protection""]",0,0,1,0,2,"[""Improper Turn"",""No Contributing Factors""]",,Cloudy,Wet,Daylight,33.78662,-84.383157
9/14/18 17:58,Atlanta Police Department,Fulton,Atlanta,2021 Martin L King Jr Dr,,(O) No Injury,Head On,,"[""Intersection Related"",""Pedestrian"",""Distracted Driver (Suspected)""]",0,0,0,0,1,"[""No Contributing Factors"",""Other""]",,Clear,Dry,Daylight,33.750287,-84.456828
8/10/18 9:46,Atlanta Police Department,Fulton,Atlanta,950 Washington Pl,,(O) No Injury,Sideswipe-Same Direction,,"[""Intersection Related"",""Aggressive Driving"",""Hit & Run"",""Pedestrian""]",0,0,0,0,1,"[""Other"",""Reckless Driving""]",,Clear,Dry,Daylight,33.7536,-84.418855
10/7/19 17:45,Atlanta Police Department,Fulton,Atlanta,Peachtree St,Spring St and Peachtree St,(O) No Injury,Angle (Other),,"[""Intersection Related"",""Pedestrian""]",0,0,0,0,1,"[""Disregard Other Traffic Control"",""No Contributing Factors"",""Other""]",,Clear,Dry,Daylight,33.797214,-84.388886
3/15/19 14:37,Atlanta Police Department,Fulton,Atlanta,I 20,I 20 and Capitol Ave,Unknown,Sideswipe-Same Direction,,"[""Pedestrian"",""Impaired (Suspected)""]",0,0,0,0,1,,,Cloudy,Wet,Daylight,33.743123,-84.387309
5/2/19 9:31,Atlanta Police Department,Fulton,Atlanta,755 Hank Aaron Dr Sw Turner Fld,Pollard Blvd and 755 Hank Aaron Dr Sw Turner Fld,Unknown,Not a Collision with Motor Vehicle,,"[""Intersection Related"",""Pedestrian"",""Young Driver (Age 15-19)""]",0,0,0,0,1,,,Clear,Dry,Daylight,33.736828,-84.387883
4/8/19 10:35,Atlanta Police Department,Fulton,Atlanta,Metropolitan Pkwy,Cleveland Ave and Metropolitan Pkwy,Unknown,Not a Collision with Motor Vehicle,,"[""Intersection Related"",""Pedestrian""]",0,0,0,0,1,"[""Failure to Yield"",""Other""]",,Cloudy,Dry,Daylight,33.681273,-84.407711
1/31/19 13:52,Atlanta Police Department,Fulton,Atlanta,Lee St,Lee St and Ralph D Abernathy Blvd,Unknown,Not a Collision with Motor Vehicle,,"[""Intersection Related"",""Pedestrian""]",0,0,0,0,1,,,Clear,Dry,Daylight,33.738246,-84.414088
12/5/19 13:49,Atlanta Police Department,Fulton,Atlanta,Ponce De Leon Ave Ne   Argonne Ave,Argonne Ave and Ponce De Leon Ave Ne   Argonne Ave,Unknown,Not a Collision with Motor Vehicle,,"[""Intersection Related"",""Hit & Run"",""Pedestrian"",""Distracted Driver (Suspected)""]",0,0,0,0,1,"[""No Contributing Factors"",""Other""]",,Clear,Dry,Daylight,33.772554,-84.377698
4/18/19 7:14,Atlanta Police Department,Fulton,Atlanta,Peachtree Center Ave Ne   John Portman Blvd,John Portman Blvd and Peachtree Center Ave Ne   John Portman Blvd,(O) No Injury,Head On,,"[""Intersection Related"",""Pedestrian"",""Distracted Driver (Suspected)""]",0,0,0,0,1,,,Clear,Dry,Daylight,33.760954,-84.386041
2/15/19 19:48,Atlanta Police Department,Fulton,Atlanta,Decatur St Se   Piedmont Ave,Piedmont Ave and Decatur St Se   Piedmont Ave,(O) No Injury,Not a Collision with Motor Vehicle,,"[""Intersection Related"",""Pedestrian"",""Distracted Driver (Suspected)"",""Improper Occupant Protection""]",0,0,0,0,1,,,Rain,Wet,Dark-Lighted,33.751464,-84.385376
10/5/19 13:42,Atlanta Police Department,Fulton,Atlanta,1899 Metropolitan Pkwy,Fair Dr and 1899 Metropolitan Pkwy,(O) No Injury,Not a Collision with Motor Vehicle,,"[""Intersection Related"",""Roadway Departure"",""Pedestrian"",""Distracted Driver (Suspected)"",""Older Driver (55-64)""]",0,0,0,0,1,"[""Improper Backing"",""No Contributing Factors""]",,Clear,Dry,Daylight,33.703384,-84.408073
10/10/19 14:38,Atlanta Police Department,Fulton,Atlanta,1071 Piedmont Ave,14Th St and 1071 Piedmont Ave,(O) No Injury,Not a Collision with Motor Vehicle,,"[""Pedestrian"",""Distracted Driver (Suspected)""]",0,0,0,0,1,"[""No Contributing Factors"",""No Contributing Factors""]",,Clear,Dry,Daylight,33.783844,-84.378676
7/26/19 23:30,Atlanta Police Department,Fulton,Atlanta,N Highland Ave,Elizabeth St and N Highland Ave,(O) No Injury,Angle (Other),,"[""Intersection Related"",""Pedestrian"",""Older Driver (55-64)""]",0,0,0,0,1,,,Clear,Dry,Dark-Lighted,33.76298,-84.357996
5/6/19 17:05,Atlanta Police Department,Fulton,Atlanta,Stafford St,Lena St and Stafford St,Unknown,Angle (Other),,"[""Intersection Related"",""Pedestrian""]",0,0,0,0,1,,,Clear,Dry,Daylight,33.756691,-84.425845
12/7/19 15:33,Atlanta Police Department,Fulton,Atlanta,2161 Piedmont Rd,,(O) No Injury,Angle (Other),,Bicycle,0,0,0,0,2,,,Clear,Dry,Daylight,33.81552,-84.366589
3/15/19 9:18,Atlanta Police Department,Fulton,Atlanta,618 Mayland Ave,,(O) No Injury,Angle (Other),,"[""Intersection Related"",""Pedestrian""]",0,0,0,0,1,"[""No Contributing Factors"",""Other""]",,Rain,Wet,Daylight,33.724729,-84.407584
7/25/19 21:00,Atlanta Police Department,Fulton,Atlanta,600 Ponce De Leon,Glen Iris Dr and 600 Ponce De Leon,(B) Suspected Minor/Visible Injury,Angle (Other),,"[""Intersection Related"",""Roadway Departure"",""Bicycle""]",0,0,1,0,1,,,Clear,Dry,Dark-Lighted,33.773475,-84.367389
10/22/19 1:03,Atlanta Police Department,Fulton,Atlanta,2342 Larchwood Rd,,(O) No Injury,Head On,,"[""Hit & Run"",""Pedestrian"",""Distracted Driver (Suspected)""]",0,0,0,0,2,"[""Driver Lost Control"",""No Contributing Factors"",""No Contributing Factors"",""No Contributing Factors""]",,Clear,Dry,Dark-Lighted,33.747364,-84.463656
4/12/19 20:38,Atlanta Police Department,Fulton,Atlanta,Spring St,14Th St and Spring St,(O) No Injury,Not a Collision with Motor Vehicle,,"[""Intersection Related"",""Hit & Run"",""Pedestrian""]",0,0,0,0,1,"[""Failure to Yield"",""No Contributing Factors""]",,Clear,Dry,Dark-Lighted,33.786674,-84.389248
5/9/19 20:44,Atlanta Police Department,Fulton,Atlanta,Oak Valley Rd,Peachtree Rd and Oak Valley Rd,(O) No Injury,Head On,,"[""Intersection Related"",""Hit & Run"",""Pedestrian"",""Improper Occupant Protection""]",0,0,0,0,1,,,Rain,Wet,Dark-Lighted,33.851687,-84.360845
8/23/19 23:53,Atlanta Police Department,Fulton,Atlanta,Cleveland Ave,Dearwood Dr and Cleveland Ave,(O) No Injury,Not a Collision with Motor Vehicle,,"[""Intersection Related"",""Pedestrian"",""Impaired (Suspected)""]",0,0,0,0,1,,,Clear,Dry,Dark-Lighted,33.681272,-84.404772
1/13/19 18:58,Atlanta Police Department,Fulton,Atlanta,Ponce De Leon Ave,Ponce De Leon Pl and Ponce De Leon Ave,(O) No Injury,Head On,,"[""Intersection Related"",""Pedestrian""]",0,0,0,0,1,,,Rain,Wet,Dark-Lighted,33.773595,-84.363715
3/5/19 17:22,Atlanta Police Department,Fulton,Atlanta,240 Stafford St,Troy St and 240 Stafford St,Unknown,Not a Collision with Motor Vehicle,,"[""Pedestrian"",""Older Driver (55-64)""]",0,0,0,0,1,"[""No Contributing Factors"",""Not Visible (Object, Person, or Vehicle)""]",,Clear,Dry,Daylight,33.76146,-84.424998
3/16/19 13:13,Atlanta Police Department,Fulton,Atlanta,Habersham Rd,Piedmont Rd and Habersham Rd,(O) No Injury,Angle (Other),,"[""Intersection Related"",""Distracted Driver (Confirmed)"",""Pedestrian""]",0,0,0,0,1,,,Clear,Dry,Daylight,33.85327,-84.382697
1/4/19 7:00,Atlanta Police Department,Fulton,Atlanta,Edgewood Ave,Blvd and Edgewood Ave,(O) No Injury,Angle (Other),,"[""Intersection Related"",""Pedestrian"",""Older Driver (55-64)""]",0,0,0,0,1,"[""Misjudged Clearance"",""Vision Obscured""]",,Rain,Wet,Daylight,33.754312,-84.372151
2/6/19 13:30,Atlanta Police Department,Fulton,Atlanta,Lee,Lee and Ralph D Abernathy Blvd,(O) No Injury,Head On,,"[""Intersection Related"",""Hit & Run"",""Pedestrian"",""Distracted Driver (Suspected)""]",0,0,0,0,1,"[""No Contributing Factors"",""No Contributing Factors""]",,Clear,Dry,Daylight,33.737064,-84.414092
10/3/17 15:10,Atlanta Police Department,Fulton,Atlanta,Piedmont Rd,Lambert Dr and Piedmont Rd,(O) No Injury,Angle (Other),,"[""Intersection Related"",""Hit & Run"",""Bicycle"",""Improper Occupant Protection""]",0,0,0,0,2,"[""Disregard Stop Sign/Signal"",""No Contributing Factors""]",,Clear,Dry,Daylight,33.811679,-84.366723
10/20/17 16:08,Atlanta Police Department,Fulton,Atlanta,Spring St Nw   Williams St,Williams St and Spring St Nw   Williams St,(B) Suspected Minor/Visible Injury,Head On,,"[""Pedestrian"",""Distracted Driver (Suspected)""]",0,0,1,0,1,,,Clear,Dry,Daylight,33.766183,-84.389476
9/3/17 13:45,Atlanta Police Department,Fulton,Atlanta,Metropolitan Pkwy,University Ave and Metropolitan Pkwy,(B) Suspected Minor/Visible Injury,Sideswipe-Same Direction,,Bicycle,0,0,1,0,2,"[""No Contributing Factors"",""Other""]",,Clear,Dry,Daylight,33.721254,-84.407865
2/22/17 15:27,Atlanta Police Department,Fulton,Atlanta,Washington St,Washington St and Martin L King Jr Dr,(O) No Injury,Not a Collision with Motor Vehicle,,"[""Intersection Related"",""Pedestrian""]",0,0,0,0,1,Failure to Yield,,Cloudy,Dry,Daylight,33.74996,-84.388518
11/28/17 19:53,Atlanta Police Department,Fulton,Atlanta,Edgewood Ave,Piedmont Ave and Edgewood Ave,(B) Suspected Minor/Visible Injury,Head On,,"[""Intersection Related"",""Hit & Run"",""Pedestrian""]",0,0,1,0,1,"[""Failure to Yield"",""No Contributing Factors""]",,Clear,Dry,Dark-Lighted,33.754444,-84.382226
10/21/17 9:00,Atlanta Police Department,Fulton,Atlanta,University Ave,Welch St and University Ave,(C) Possible Injury / Complaint,Not a Collision with Motor Vehicle,,"[""Intersection Related"",""Hit & Run"",""Pedestrian"",""Impaired (Suspected)"",""Distracted Driver (Suspected)""]",0,0,0,1,1,"[""Driver Lost Control"",""No Contributing Factors""]",,Clear,Dry,Daylight,33.722164,-84.404817
9/27/17 21:55,Atlanta Police Department,Fulton,Atlanta,424 Decatur St,,(B) Suspected Minor/Visible Injury,Angle (Other),,"[""Intersection Related"",""Hit & Run"",""Older Driver (65+)"",""Bicycle""]",0,0,1,0,2,"[""Misjudged Clearance"",""No Contributing Factors""]",,Clear,Dry,Dark-Not Lighted,33.750484,-84.374767
11/2/17 7:30,Atlanta Police Department,Fulton,Atlanta,966 W Paces Ferry Rd,Rilman Rd and 966 W Paces Ferry Rd,(C) Possible Injury / Complaint,Not a Collision with Motor Vehicle,,"[""Intersection Related"",""Pedestrian"",""Distracted Driver (Suspected)"",""Older Driver (55-64)""]",0,0,0,1,1,"[""No Contributing Factors"",""Other""]",,Clear,Dry,Daylight,33.850786,-84.419279
6/3/17 12:40,Atlanta Police Department,Fulton,Atlanta,Ralh D Abernathy Blvd,W Whitehall St and Ralh D Abernathy Blvd,(O) No Injury,Rear End,,"[""Intersection Related"",""Bicycle"",""Distracted Driver (Suspected)""]",0,0,0,0,2,"[""Changed Lanes Improperly"",""No Contributing Factors""]",,Cloudy,Dry,Daylight,33.738237,-84.413076
1/12/17 8:25,Atlanta Police Department,Fulton,Atlanta,Genessee Ave,Hartford Ave and Genessee Ave,(C) Possible Injury / Complaint,Not a Collision with Motor Vehicle,,"[""Intersection Related"",""Bicycle"",""Older Driver (55-64)"",""Improper Occupant Protection""]",0,0,0,1,2,"[""Failure to Yield"",""No Contributing Factors""]",,Clear,Dry,Daylight,33.716251,-84.417106
8/3/17 22:46,Atlanta Police Department,Fulton,Atlanta,N Ave,N Ave and Peachtree St,(C) Possible Injury / Complaint,Not a Collision with Motor Vehicle,,"[""Intersection Related"",""Pedestrian"",""Young Adult Driver (Age 20-24)"",""Distracted Driver (Suspected)""]",0,0,0,1,1,"[""No Contributing Factors"",""Other""]",,Clear,Dry,Dark-Lighted,33.771287,-84.384993
7/26/17 8:54,Atlanta Police Department,Fulton,Atlanta,1472 Willow Trl,Venetian Dr and 1472 Willow Trl,(C) Possible Injury / Complaint,Angle (Other),,Pedestrian,0,0,0,1,1,No Contributing Factors,,Cloudy,Dry,Daylight,33.715093,-84.439829
2/25/17 16:13,Atlanta Police Department,Fulton,Atlanta,1128 Euclid Ave,Colquitt Ave and 1128 Euclid Ave,(C) Possible Injury / Complaint,Not a Collision with Motor Vehicle,,"[""Intersection Related"",""Pedestrian"",""Distracted Driver (Suspected)""]",0,0,0,1,1,"[""No Contributing Factors"",""Other""]",,Clear,Dry,Daylight,33.764616,-84.350338
2/21/17 18:15,Atlanta Police Department,Fulton,Atlanta,Piedmont Ave Ne   6Th St,6Th St and Piedmont Ave Ne   6Th St,(C) Possible Injury / Complaint,Not a Collision with Motor Vehicle,,"[""Intersection Related"",""Hit & Run"",""Pedestrian"",""Distracted Driver (Suspected)""]",0,0,0,1,1,"[""No Contributing Factors"",""Other""]",,Rain,Wet,Dark-Lighted,33.777142,-84.381331
4/12/17 8:22,Atlanta Police Department,Fulton,Atlanta,3170 Benjamin E Mays Dr,,(B) Suspected Minor/Visible Injury,Not a Collision with Motor Vehicle,,"[""Intersection Related"",""Pedestrian"",""Distracted Driver (Suspected)""]",0,0,1,0,1,"[""Other"",""Other""]",,Clear,Dry,Daylight,33.734476,-84.491745
11/16/17 18:07,Atlanta Police Department,Fulton,Atlanta,500 Mcdaniel St,Fulton St and 500 Mcdaniel St,Unknown,Head On,,"[""Intersection Related"",""Pedestrian"",""Distracted Driver (Suspected)""]",0,0,0,0,1,Other,,Clear,Dry,Daylight,33.741534,-84.402928
5/16/17 17:00,Atlanta Police Department,Fulton,Atlanta,3020 Delmar,,(K) Fatal Injury,Not a Collision with Motor Vehicle,,"[""Pedestrian"",""Distracted Driver (Suspected)""]",1,0,0,1,1,"[""No Contributing Factors"",""Other""]",,Clear,Dry,Daylight,33.755526,-84.48724
1/26/17 16:54,Atlanta Police Department,Fulton,Atlanta,749 Moreland,,(O) No Injury,Not a Collision with Motor Vehicle,,"[""Intersection Related"",""Hit & Run"",""Pedestrian""]",0,0,0,0,1,"[""Failure to Yield"",""Other""]",,Clear,Dry,Dark-Not Lighted,33.734094,-84.349329
10/13/17 16:35,Atlanta Police Department,Fulton,Atlanta,996 Ralph D Abernathy Blvd,,(B) Suspected Minor/Visible Injury,Angle (Other),,"[""Intersection Related"",""Bicycle""]",0,0,1,0,2,"[""Disregard Stop Sign/Signal"",""No Contributing Factors""]",,Clear,Dry,Daylight,33.737912,-84.420508
12/11/17 20:15,Atlanta Police Department,Fulton,Atlanta,1218 Joseph E Boone Blvd,,(B) Suspected Minor/Visible Injury,Not a Collision with Motor Vehicle,,"[""Intersection Related"",""Aggressive Driving"",""Hit & Run"",""Pedestrian"",""Speed Related""]",0,0,1,0,1,Too Fast for Conditions,,Clear,Dry,Dark-Lighted,33.763529,-84.427333
5/26/17 14:59,Atlanta Police Department,Fulton,Atlanta,Pearl St,Pearl St and Gaskill St,(C) Possible Injury / Complaint,Angle (Other),,"[""Older Driver (65+)"",""Pedestrian""]",0,0,0,1,1,"[""No Contributing Factors"",""Other""]",,Clear,Dry,Daylight,33.748059,-84.362204
2/21/17 19:22,Atlanta Police Department,Fulton,Atlanta,1014 Dill Ave,Sylvan Rd and 1014 Dill Ave,(C) Possible Injury / Complaint,Not a Collision with Motor Vehicle,,"[""Intersection Related"",""Hit & Run"",""Pedestrian"",""Distracted Driver (Suspected)""]",0,0,0,1,1,"[""No Contributing Factors"",""Other""]",,Rain,Wet,Dark-Lighted,33.718312,-84.418085
2/14/17 20:45,Atlanta Police Department,Fulton,Atlanta,595 Ralph D Abernathy Blvd,,(C) Possible Injury / Complaint,Not a Collision with Motor Vehicle,,"[""Intersection Related"",""Pedestrian"",""Older Driver (55-64)""]",0,0,0,1,1,"[""Disregard Stop Sign/Signal"",""No Contributing Factors""]",,Clear,Dry,Dark-Lighted,33.738219,-84.408004
3/29/17 11:55,Atlanta Police Department,Fulton,Atlanta,Chamberlain St,Jackson St and Chamberlain St,(B) Suspected Minor/Visible Injury,Angle (Other),,"[""Intersection Related"",""Bicycle""]",0,0,1,0,2,"[""No Contributing Factors"",""Other""]",,Clear,Dry,Daylight,33.753802,-84.374377