Date and Time,Agency Name (Crash Level) ,Area: County,Area: City,Roadway (From Crash Report),Intersection Name (from Crash Report),KABCO Severity,Manner of Collision (Crash Level) ,First Harmful Event (Crash Level) ,SHSP Emphasis Areas,# of Fatalities (Person Table),# Serious Injuries,# Visible Injuries,# Complaint Injuries,# of Vehicles,Operator / Driver Contributing Factor -old,Roadway Contributing Factors (Crash Level) ,Weather Conditions (Crash Level),Surface Condition (Crash Level) ,Light Conditions (Crash Level),Latitude ,Longitude
7/17/17 18:06,Atlanta Police Department,Fulton,Atlanta,Jonesboro Rd Se   Southside Industrial Pkwy,Southside Industrial Pkwy and Jonesboro Rd Se   Southside Industrial Pkwy,(B) Suspected Minor/Visible Injury,Not a Collision with Motor Vehicle,,"[""Intersection Related"",""Hit & Run"",""Pedestrian"",""Distracted Driver (Suspected)""]",0,0,1,0,1,"[""Other"",""Other""]",,Clear,Dry,Daylight,33.659353,-84.371333
5/2/17 12:49,Atlanta Police Department,Fulton,Atlanta,Pharr Rd,Pharr Rd and Grandview Ave,(C) Possible Injury / Complaint,Not a Collision with Motor Vehicle,,"[""Intersection Related"",""Older Driver (65+)"",""Pedestrian""]",0,0,0,1,1,"[""Failure to Yield"",""No Contributing Factors""]",,Clear,Dry,Daylight,33.837004,-84.376357
4/26/17 11:20,Atlanta Police Department,Fulton,Atlanta,16Th St Ne   Peachtree St,Peachtree St and 16Th St Ne   Peachtree St,(C) Possible Injury / Complaint,Not a Collision with Motor Vehicle,,"[""Intersection Related"",""Pedestrian""]",0,0,0,1,1,"[""Improper Turn"",""No Contributing Factors""]",,Clear,Dry,Daylight,33.790678,-84.385167
9/22/18 20:06,Atlanta Police Department,Fulton,Atlanta,482 Edgewood Ave,Blvd and 482 Edgewood Ave,(O) No Injury,Angle (Other),,"[""Intersection Related"",""Distracted Driver (Confirmed)"",""Hit & Run"",""Pedestrian""]",0,0,0,0,1,"[""Inattentive or Other Distraction (Distracted)"",""Inattentive or Other Distraction (Distracted)""]",,Clear,Dry,Dark-Lighted,33.754301,-84.371829
7/20/18 23:29,Atlanta Police Department,Fulton,Atlanta,3179 Peachtree Rd,Peachtree Rd and 3179 Peachtree Rd,(O) No Injury,Not a Collision with Motor Vehicle,,"[""Pedestrian"",""Young Adult Driver (Age 20-24)"",""Impaired (Suspected)""]",0,0,0,0,1,"[""No Contributing Factors"",""Other""]",,(None),Dry,Dark-Not Lighted,33.840754,-84.375336
1/25/18 11:47,Atlanta Police Department,Fulton,Atlanta,Juniper St,N Ave and Juniper St,(O) No Injury,Sideswipe-Same Direction,,"[""Intersection Related"",""Pedestrian"",""Secondary Crash"",""Older Driver (55-64)""]",0,0,0,0,1,No Contributing Factors,,Clear,Dry,Daylight,33.77128,-84.383436
11/16/18 13:22,Atlanta Police Department,Fulton,Atlanta,912 Martin L King Jr Dr,,(O) No Injury,Not a Collision with Motor Vehicle,,"[""Intersection Related"",""Roadway Departure"",""Hit & Run"",""Pedestrian"",""Impaired (Suspected)"",""Distracted Driver (Suspected)"",""Older Driver (55-64)""]",0,0,0,0,2,,,Clear,Dry,Daylight,33.754729,-84.41729
1/13/18 10:06,Atlanta Police Department,DeKalb,Atlanta,Hosea L Williams Dr,Rogers St and Hosea L Williams Dr,Unknown,Angle (Other),,"[""Intersection Related"",""Pedestrian"",""Older Driver (55-64)""]",0,0,0,0,1,No Contributing Factors,,Clear,Dry,Daylight,33.753386,-84.329206
8/16/18 8:20,Atlanta Police Department,Fulton,Atlanta,435 Peachtree St,,(O) No Injury,Not a Collision with Motor Vehicle,,"[""Intersection Related"",""Roadway Departure"",""Hit & Run"",""Pedestrian"",""Distracted Driver (Suspected)""]",0,0,0,0,1,,,Clear,Dry,Daylight,33.767434,-84.38538
5/29/18 13:29,Atlanta Police Department,Fulton,Atlanta,Peachtree St,14Th St and Peachtree St,(O) No Injury,Not a Collision with Motor Vehicle,,"[""Bicycle"",""Secondary Crash"",""Distracted Driver (Suspected)""]",0,0,0,0,2,No Contributing Factors,,Cloudy,Dry,Daylight,33.786984,-84.383706
7/7/18 22:57,Atlanta Police Department,Fulton,Atlanta,1001 Ponce De Leon Ave,N Highland Ave and 1001 Ponce De Leon Ave,(O) No Injury,Not a Collision with Motor Vehicle,,"[""Roadway Departure"",""Pedestrian""]",0,0,0,0,1,"[""Failure to Yield"",""No Contributing Factors""]",,Clear,Dry,Dark-Lighted,33.773828,-84.354371
11/10/18 19:14,Atlanta Police Department,Fulton,Atlanta,3869 Bakers Fry,Wilson Mill Rd and 3869 Bakers Fry,(K) Fatal Injury,(None),,"[""Older Driver (65+)"",""Bicycle"",""Improper Occupant Protection""]",1,0,0,0,2,,,Clear,Dry,Dark-Not Lighted,33.75735,-84.515075
11/20/18 9:41,Atlanta Police Department,Fulton,Atlanta,Peachtree St Sw   Martin L King Jr Dr,Martin L King Jr Dr and Peachtree St Sw   Martin L King Jr Dr,(O) No Injury,Head On,,"[""Intersection Related"",""Pedestrian"",""Distracted Driver (Suspected)"",""Older Driver (55-64)""]",0,0,0,0,1,,,Clear,Dry,Daylight,33.752065,-84.392139
7/18/18 20:55,Atlanta Police Department,Fulton,Atlanta,Peachtree St Ne   14Th St,14Th St and Peachtree St Ne   14Th St,(O) No Injury,Not a Collision with Motor Vehicle,,"[""Intersection Related"",""Hit & Run"",""Pedestrian""]",0,0,0,0,1,"[""Failure to Yield"",""No Contributing Factors""]",,Clear,Dry,Dark-Lighted,33.786481,-84.383122
3/3/18 13:29,Atlanta Police Department,Fulton,Atlanta,Stratford Rd Ne   Peachtree Rd,Peachtree Rd and Stratford Rd Ne   Peachtree Rd,(O) No Injury,Not a Collision with Motor Vehicle,,"[""Intersection Related"",""Pedestrian"",""Distracted Driver (Suspected)"",""Older Driver (55-64)""]",0,0,0,0,1,Other,,Clear,Dry,Daylight,33.848717,-84.366179
12/2/18 22:00,Atlanta Police Department,Fulton,Atlanta,Sidney Marcus Blvd Ne   Buford Highway Conn,Buford Highway Conn and Sidney Marcus Blvd Ne   Buford Highway Conn,(O) No Injury,Not a Collision with Motor Vehicle,,"[""Pedestrian"",""Distracted Driver (Suspected)""]",0,0,0,0,1,,,Clear,Dry,Dark-Lighted,33.824952,-84.354824
8/26/18 16:32,Atlanta Police Department,Fulton,Atlanta,1111 Euclid Ave,,(O) No Injury,Not a Collision with Motor Vehicle,,"[""Pedestrian"",""Distracted Driver (Suspected)""]",0,0,0,0,1,"[""No Contributing Factors"",""Other""]",,Clear,Dry,Daylight,33.763994,-84.350566
2/6/18 6:58,Atlanta Police Department,Fulton,Atlanta,180 Northside Dr,180 Northside Dr and Atlanta Student Move Blvd,(O) No Injury,Not a Collision with Motor Vehicle,,"[""Intersection Related"",""Pedestrian"",""Distracted Driver (Suspected)"",""Older Driver (55-64)""]",0,0,0,0,1,Other,,Clear,Dry,Daylight,33.748898,-84.404543
11/12/18 19:19,Atlanta Police Department,Fulton,Atlanta,Argonne Ave,Argonne Ave and Ponce De Leon Ave,(O) No Injury,Angle (Other),,"[""Intersection Related"",""Pedestrian""]",0,0,0,0,1,"[""Failure to Yield"",""No Contributing Factors""]",,Rain,Wet,Dusk,33.772554,-84.377695
6/23/18 21:35,Atlanta Police Department,Fulton,Atlanta,260 Fulton St,Richardson St and 260 Fulton St,(O) No Injury,Angle (Other),,"[""Intersection Related"",""Hit & Run"",""Pedestrian"",""Improper Occupant Protection""]",0,0,0,0,1,"[""Improper Turn"",""No Contributing Factors""]",,Clear,Dry,Daylight,33.738252,-84.412385
9/20/17 18:31,Atlanta Police Department,Fulton,Atlanta,Hubbard St Sw   University Ave,University Ave and Hubbard St Sw   University Ave,(O) No Injury,Head On,,"[""Intersection Related"",""Pedestrian"",""Distracted Driver (Suspected)""]",0,0,0,0,1,No Contributing Factors,,Clear,Dry,Daylight,33.72215,-84.402393
10/13/17 7:04,Atlanta Police Department,Fulton,Atlanta,80 Jesse Hill Jr Dr Se Grady Memorial Hosp,Armstrong St and 80 Jesse Hill Jr Dr Se Grady Memorial Hosp,(B) Suspected Minor/Visible Injury,Not a Collision with Motor Vehicle,,"[""Intersection Related"",""Pedestrian"",""Distracted Driver (Suspected)""]",0,0,1,0,1,"[""No Contributing Factors"",""Other""]",,Clear,Dry,Daylight,33.752825,-84.38193
5/14/17 14:12,Atlanta Police Department,Fulton,Atlanta,Nancy Creek Rd,Ridgewood Rd and Nancy Creek Rd,(B) Suspected Minor/Visible Injury,Angle (Other),,"[""Intersection Related"",""Bicycle""]",0,0,1,0,2,"[""Disregard Stop Sign/Signal"",""No Contributing Factors""]",,Clear,Dry,Daylight,33.837646,-84.447397
5/21/17 21:17,Atlanta Police Department,Fulton,Atlanta,1153 Oak St,,(C) Possible Injury / Complaint,Not a Collision with Motor Vehicle,,"[""Intersection Related"",""Hit & Run"",""Pedestrian"",""Distracted Driver (Suspected)""]",0,0,0,1,1,"[""No Contributing Factors"",""No Contributing Factors""]",,Clear,Dry,Dark-Lighted,33.74079,-84.425465
7/26/17 21:21,Atlanta Police Department,Fulton,Atlanta,1829 Campbellton Rd Sw;,,(B) Suspected Minor/Visible Injury,Angle (Other),,"[""Hit & Run"",""Pedestrian"",""Improper Occupant Protection""]",0,0,1,0,1,Other,,Clear,Dry,Daylight,33.710328,-84.447898
12/11/17 21:30,Atlanta Police Department,Fulton,Atlanta,Oakland Dr,Oakland Ln and Oakland Dr,(C) Possible Injury / Complaint,Angle (Other),,"[""Intersection Related"",""Hit & Run"",""Pedestrian""]",0,0,0,1,1,"[""Failure to Yield"",""No Contributing Factors""]",,(None),Dry,Dark-Lighted,33.719546,-84.427489
9/8/17 19:00,Atlanta Police Department,Fulton,Atlanta,346 Oak Dr,,(C) Possible Injury / Complaint,Not a Collision with Motor Vehicle,,"[""Pedestrian"",""Distracted Driver (Suspected)""]",0,0,0,1,1,"[""No Contributing Factors"",""No Contributing Factors""]",,Clear,Dry,Daylight,33.668024,-84.382151
9/9/17 12:50,Atlanta Police Department,Fulton,Atlanta,Lee St,Lee St and Beecher St,(B) Suspected Minor/Visible Injury,Rear End,,"[""Intersection Related"",""Bicycle"",""Distracted Driver (Suspected)"",""Improper Occupant Protection""]",0,0,1,0,2,"[""Following Too Close"",""No Contributing Factors""]",,Clear,Dry,Daylight,33.733416,-84.414137
7/11/17 14:10,Atlanta Police Department,Fulton,Atlanta,4Th St Nw   Spring St,Spring St and 4Th St Nw   Spring St,(O) No Injury,Not a Collision with Motor Vehicle,,"[""Intersection Related"",""Aggressive Driving"",""Hit & Run"",""Pedestrian"",""Improper Occupant Protection""]",0,0,0,0,1,"[""Improper Passing"",""No Contributing Factors""]",,Clear,Dry,Daylight,33.77511,-84.388818
7/2/17 0:20,Atlanta Police Department,Fulton,Atlanta,1467 Nash Rd,Bolton Rd and 1467 Nash Rd,(C) Possible Injury / Complaint,Head On,,"[""Aggressive Driving"",""Hit & Run"",""Pedestrian"",""Impaired (Suspected)"",""Speed Related""]",0,0,0,1,3,"[""Driver Condition"",""No Contributing Factors"",""No Contributing Factors""]",,Clear,Dry,Dark-Lighted,33.794909,-84.489716
11/20/17 14:57,Atlanta Police Department,Fulton,Atlanta,1371 Kimberly Way,,(B) Suspected Minor/Visible Injury,Not a Collision with Motor Vehicle,,"[""Hit & Run"",""Pedestrian""]",0,0,1,0,1,Following Too Close,,Clear,Dry,Daylight,33.718865,-84.523724
8/26/17 19:30,Georgia Tech Police Department,Fulton,Atlanta,Ferst Dr,Ferst Dr and Fowler St,(B) Suspected Minor/Visible Injury,Angle (Other),,"[""Aggressive Driving"",""Distracted Driver (Confirmed)"",""Bicycle"",""Speed Related""]",0,0,1,0,2,"[""Exceeding Speed Limit"",""Inattentive or Other Distraction (Distracted)""]",,Clear,Dry,Daylight,33.776921,-84.394042
1/13/17 7:52,Atlanta Police Department,DeKalb,Atlanta,N Ave Ne   Euclid Ave,Euclid Ave and N Ave Ne   Euclid Ave,(O) No Injury,Angle (Other),,"[""Intersection Related"",""Hit & Run"",""Bicycle"",""Improper Occupant Protection""]",0,0,0,0,2,"[""Other"",""Other""]",,Clear,Dry,Daylight,33.771201,-84.342471
12/20/17 17:10,Atlanta Police Department,Fulton,Atlanta,1469 Campbellton Rd,,(C) Possible Injury / Complaint,Not a Collision with Motor Vehicle,,"[""Pedestrian"",""Distracted Driver (Suspected)"",""Older Driver (55-64)""]",0,0,0,1,1,"[""Mechanical or Vehicle Failure"",""No Contributing Factors""]",,Cloudy,Wet,Daylight,33.71372,-84.436594
7/9/17 17:08,Atlanta Police Department,Fulton,Atlanta,1120 Ralph D Abernathy Blvd,,(A) Suspected Serious Injury,Head On,,"[""Aggressive Driving"",""Roadway Departure"",""Hit & Run"",""Pedestrian"",""Young Adult Driver (Age 20-24)"",""Speed Related""]",0,1,0,0,1,,,Clear,Dry,Daylight,33.738457,-84.42423
10/14/17 19:16,Atlanta Police Department,Fulton,Atlanta,Lake Forrest Dr,Parkside Ct and Lake Forrest Dr,(B) Suspected Minor/Visible Injury,Not a Collision with Motor Vehicle,,"[""Intersection Related"",""Pedestrian"",""Distracted Driver (Suspected)""]",0,0,1,0,1,"[""No Contributing Factors"",""Other""]",,Clear,Dry,Dark-Lighted,33.875965,-84.387436
11/16/17 16:40,Atlanta Police Department,Fulton,Atlanta,Martin L King Jr Dr,Wellington St and Martin L King Jr Dr,(B) Suspected Minor/Visible Injury,Not a Collision with Motor Vehicle,,"[""Intersection Related"",""Pedestrian"",""Distracted Driver (Suspected)""]",0,0,1,0,1,"[""No Contributing Factors"",""No Contributing Factors""]",,Clear,Dry,Daylight,33.752841,-84.4382
2/13/17 18:15,Atlanta Police Department,Fulton,Atlanta,Moreland Ave Ne   Euclid Ave,Euclid Ave and Moreland Ave Ne   Euclid Ave,(B) Suspected Minor/Visible Injury,Not a Collision with Motor Vehicle,,"[""Intersection Related"",""Pedestrian"",""Distracted Driver (Suspected)"",""Older Driver (55-64)""]",0,0,1,0,1,"[""No Contributing Factors"",""Other""]",,Clear,Dry,Daylight,33.764809,-84.349225
2/12/17 0:10,Atlanta Police Department,Fulton,Atlanta,403 Moreland Ave,Faith Ave and 403 Moreland Ave,(C) Possible Injury / Complaint,Not a Collision with Motor Vehicle,,"[""Intersection Related"",""Pedestrian"",""Distracted Driver (Suspected)""]",0,0,0,1,1,"[""No Contributing Factors"",""Other""]",,Clear,Dry,Dark-Lighted,33.743313,-84.349235
2/17/17 5:14,Atlanta Police Department,Fulton,Atlanta,Marietta Blvd Nw   Chattahoochee Ave,Chattahoochee Ave and Marietta Blvd Nw   Chattahoochee Ave,(A) Suspected Serious Injury,Angle (Other),,"[""Intersection Related"",""Pedestrian""]",0,1,0,0,1,"[""Failure to Yield"",""No Contributing Factors""]",,Clear,Dry,Dark-Lighted,33.810354,-84.438693
10/11/17 21:00,Atlanta Police Department,Fulton,Atlanta,996 Joseph E Boone Blvd,Cairo Str and 996 Joseph E Boone Blvd,(O) No Injury,Angle (Other),,"[""Hit & Run"",""Pedestrian""]",0,0,0,0,1,"[""Other"",""Other""]",,Clear,Dry,Dark-Lighted,33.763499,-84.420182
2/23/17 17:05,Atlanta Police Department,Fulton,Atlanta,637 Cameron M Alexander Blvd,,(C) Possible Injury / Complaint,Not a Collision with Motor Vehicle,,"[""Pedestrian"",""Distracted Driver (Suspected)""]",0,0,0,1,1,"[""No Contributing Factors"",""Other""]",,Clear,Dry,Daylight,33.768225,-84.40823
11/21/17 18:05,Atlanta Police Department,Fulton,Atlanta,Moreland Ave,Hardee St and Moreland Ave,(B) Suspected Minor/Visible Injury,Sideswipe-Same Direction,,"[""Intersection Related"",""Older Driver (65+)"",""Pedestrian""]",0,0,1,0,1,"[""Misjudged Clearance"",""No Contributing Factors""]",,Clear,Dry,Dark-Lighted,33.755473,-84.349187
4/2/17 1:27,Atlanta Police Department,Fulton,Atlanta,Roswell Rd,Irby Ave and Roswell Rd,(A) Suspected Serious Injury,Not a Collision with Motor Vehicle,,"[""Intersection Related"",""Pedestrian"",""Distracted Driver (Suspected)""]",0,1,0,0,1,"[""No Contributing Factors"",""Other""]",,Clear,Dry,Dark-Lighted,33.841238,-84.379108
2/7/17 18:07,Atlanta Police Department,Fulton,Atlanta,Courtland St Ne   Linden Ave,Linden Ave and Courtland St Ne   Linden Ave,(B) Suspected Minor/Visible Injury,Head On,,"[""Intersection Related"",""Distracted Driver (Confirmed)"",""Pedestrian""]",0,0,1,0,1,"[""Inattentive or Other Distraction (Distracted)"",""No Contributing Factors""]",,Rain,Wet,Dark-Lighted,33.769933,-84.384067
10/31/17 17:01,Atlanta Police Department,Fulton,Atlanta,Moreland Ave,Mclendon Ave and Moreland Ave,(A) Suspected Serious Injury,Not a Collision with Motor Vehicle,,"[""Intersection Related"",""Distracted Driver (Confirmed)"",""Pedestrian""]",0,1,0,0,1,"[""Inattentive or Other Distraction (Distracted)"",""No Contributing Factors""]",,Clear,Dry,Daylight,33.764954,-84.349224
2/26/17 14:57,Atlanta Police Department,Fulton,Atlanta,Williams St,Williams St and John Portman Blvd,(B) Suspected Minor/Visible Injury,Angle (Other),,"[""Intersection Related"",""Hit & Run"",""Bicycle"",""Improper Occupant Protection""]",0,0,1,0,2,"[""Other"",""Other""]",,Clear,Dry,Daylight,33.760983,-84.390547
7/29/17 16:24,Atlanta Police Department,DeKalb,Atlanta,Bouldercrest Dr,Wainwright Dr and Bouldercrest Dr,(B) Suspected Minor/Visible Injury,Angle (Other),,"[""Intersection Related"",""Pedestrian""]",0,0,1,0,1,"[""Failure to Yield"",""No Contributing Factors""]",,Clear,Dry,Daylight,33.723649,-84.332204
8/29/17 16:10,Georgia Tech Police Department,Fulton,Atlanta,Ferst Dr,Ferst Dr and Cherry St,(B) Suspected Minor/Visible Injury,Not a Collision with Motor Vehicle,,"[""Intersection Related"",""Bicycle"",""Improper Occupant Protection""]",0,0,1,0,2,"[""Improper Turn"",""No Contributing Factors""]",,Clear,Dry,Daylight,33.777639,-84.395756
9/15/17 7:59,Georgia Tech Police Department,Fulton,Atlanta,Tech Pkwy,State St and Tech Pkwy,(C) Possible Injury / Complaint,Angle (Other),,"[""Intersection Related"",""Bicycle"",""Improper Occupant Protection""]",0,0,0,1,2,"[""Disregard Stop Sign/Signal"",""No Contributing Factors""]",,Clear,Dry,Daylight,33.773058,-84.399102
4/15/17 23:21,Atlanta Police Department,Fulton,Atlanta,Memorial Dr,Trinity Ave and Memorial Dr,Unknown,Head On,,"[""Intersection Related"",""Pedestrian"",""Distracted Driver (Suspected)""]",0,0,0,0,1,"[""No Contributing Factors"",""Other""]",,Cloudy,Dry,Dark-Lighted,33.746918,-84.388942
12/7/17 0:13,Atlanta Police Department,Fulton,Atlanta,1398 White St,,(A) Suspected Serious Injury,Not a Collision with Motor Vehicle,,"[""Intersection Related"",""Hit & Run"",""Pedestrian"",""Distracted Driver (Suspected)""]",0,1,0,0,1,No Contributing Factors,,Clear,Dry,Dark-Lighted,33.738885,-84.43242
4/29/17 16:17,Atlanta Police Department,Fulton,Atlanta,Peachtree Rd Ne And Biscayne Dr,Biscayne Dr and Peachtree Rd Ne And Biscayne Dr,(B) Suspected Minor/Visible Injury,Sideswipe-Same Direction,,"[""Intersection Related"",""CMV Related"",""Pedestrian""]",0,0,1,0,1,"[""No Contributing Factors"",""Other""]",,Clear,Dry,Daylight,33.814758,-84.391857
9/2/17 14:16,Atlanta Police Department,Fulton,Atlanta,3717 Roswell Rd,Powers Ferry Rd and 3717 Roswell Rd,(B) Suspected Minor/Visible Injury,Angle (Other),,Pedestrian,0,0,1,0,1,"[""No Contributing Factors"",""Other""]",,Clear,Dry,Daylight,33.856254,-84.382578
9/10/17 16:28,Atlanta Police Department,Fulton,Atlanta,8 Peachtree Battle Ave Nw Aps Rivers Es,,Unknown,Not a Collision with Motor Vehicle,,"[""Intersection Related"",""Pedestrian""]",0,0,0,0,1,"[""Failure to Yield"",""No Contributing Factors""]",,Clear,Dry,Daylight,33.819462,-84.388551
8/17/17 18:25,Atlanta Police Department,Fulton,Atlanta,Sidney Marcus Blvd Ne   Pine Tree Rd,Pine Tree Rd and Sidney Marcus Blvd Ne   Pine Tree Rd,(C) Possible Injury / Complaint,Angle (Other),,"[""Intersection Related"",""Hit & Run"",""Pedestrian""]",0,0,0,2,2,"[""Misjudged Clearance"",""No Contributing Factors"",""No Contributing Factors""]",,Clear,Dry,Daylight,33.824883,-84.358505
7/10/17 2:40,Atlanta Police Department,Fulton,Atlanta,2190 Verbena St,,(B) Suspected Minor/Visible Injury,Not a Collision with Motor Vehicle,,"[""Roadway Departure"",""Hit & Run"",""Pedestrian"",""Distracted Driver (Suspected)""]",0,0,1,0,1,"[""No Contributing Factors"",""Other""]",,Clear,Dry,Dark-Not Lighted,33.755202,-84.460122
12/8/17 13:06,Atlanta Police Department,Fulton,Atlanta,Blvd,Blvd and Confederate Ave,(O) No Injury,Not a Collision with Motor Vehicle,,"[""Intersection Related"",""Pedestrian""]",0,0,0,0,1,"[""Failure to Yield"",""No Contributing Factors""]",,Sleet,Wet,Daylight,33.735694,-84.368134
8/19/17 13:00,Atlanta Police Department,Fulton,Atlanta,1700 Drew Dr,,(B) Suspected Minor/Visible Injury,Not a Collision with Motor Vehicle,,"[""Pedestrian"",""Distracted Driver (Suspected)""]",0,0,1,0,1,"[""No Contributing Factors"",""Other""]",,Clear,Dry,Daylight,33.788652,-84.446829
11/28/17 18:35,Atlanta Police Department,Fulton,Atlanta,Grant St Se   Decatur St,Decatur St and Grant St Se   Decatur St,(C) Possible Injury / Complaint,Angle (Other),,"[""Intersection Related"",""Bicycle""]",0,0,0,1,2,"[""Failure to Yield"",""No Contributing Factors""]",,Clear,Dry,Dark-Lighted,33.750174,-84.376681
7/11/17 13:25,Atlanta Police Department,Fulton,Atlanta,445 Hamilton E Holmes Dr,,(A) Suspected Serious Injury,Head On,,"[""Intersection Related"",""Pedestrian"",""Distracted Driver (Suspected)""]",0,1,0,0,1,No Contributing Factors,,Clear,Dry,Daylight,33.767667,-84.470593
10/4/17 10:12,Georgia Tech Police Department,Fulton,Atlanta,Ferst Dr,Ferst Dr and Cherry St,(B) Suspected Minor/Visible Injury,Sideswipe-Same Direction,,Bicycle,0,0,1,0,2,,,Clear,Dry,Daylight,33.778246,-84.397245
1/18/17 14:55,Atlanta Police Department,Fulton,Atlanta,680 Lee St,,(C) Possible Injury / Complaint,Angle (Other),,"[""Pedestrian"",""Young Adult Driver (Age 20-24)""]",0,0,0,1,1,"[""No Contributing Factors"",""Other""]",,Clear,Dry,Daylight,33.736076,-84.414105
3/13/17 23:12,Atlanta Police Department,Fulton,Atlanta,Joseph E Lowery Blvd,Martin L King Jr Dr and Joseph E Lowery Blvd,(C) Possible Injury / Complaint,Head On,,"[""Intersection Related"",""Distracted Driver (Confirmed)"",""Pedestrian""]",0,0,0,1,1,"[""Inattentive or Other Distraction (Distracted)"",""Inattentive or Other Distraction (Distracted)""]",,Rain,Wet,Dark-Lighted,33.754729,-84.417543
1/23/17 17:20,Atlanta Police Department,Fulton,Atlanta,65 Joseph E Lowery Blvd Nw Ashby Marta Sta,,(C) Possible Injury / Complaint,Not a Collision with Motor Vehicle,,"[""Distracted Driver (Confirmed)"",""Hit & Run"",""Pedestrian""]",0,0,0,1,1,"[""Inattentive or Other Distraction (Distracted)"",""No Contributing Factors""]",,Clear,Dry,Dark-Lighted,33.756133,-84.417541
3/10/17 17:28,Atlanta Police Department,Fulton,Atlanta,Cheshire Bridge Rd,Woodland Ave and Cheshire Bridge Rd,(B) Suspected Minor/Visible Injury,Not a Collision with Motor Vehicle,,"[""Intersection Related"",""Pedestrian""]",0,0,1,0,1,"[""Failure to Yield"",""No Contributing Factors""]",,Clear,Dry,Daylight,33.815001,-84.353042
9/18/17 14:48,Atlanta Police Department,Fulton,Atlanta,Decatur St,Decatur St and Central Ave,(O) No Injury,Not a Collision with Motor Vehicle,,"[""Intersection Related"",""Pedestrian"",""Older Driver (55-64)""]",0,0,0,0,1,"[""Disregard Stop Sign/Signal"",""Disregard Stop Sign/Signal""]",,Clear,Dry,Daylight,33.753127,-84.387647
12/9/17 13:30,Atlanta Police Department,Fulton,Atlanta,Ralph D Abernathy Blvd,Lee St and Ralph D Abernathy Blvd,(B) Suspected Minor/Visible Injury,Not a Collision with Motor Vehicle,,"[""Intersection Related"",""Pedestrian"",""Distracted Driver (Suspected)"",""Older Driver (55-64)""]",0,0,1,0,1,"[""No Contributing Factors"",""Other""]",,Clear,Wet,Daylight,33.738247,-84.414161
12/9/17 15:19,Atlanta Police Department,Fulton,Atlanta,Judy Ln Sw   Old Hapeville Rd,Old Hapeville Rd and Judy Ln Sw   Old Hapeville Rd,(B) Suspected Minor/Visible Injury,Not a Collision with Motor Vehicle,,"[""Intersection Related"",""Hit & Run"",""Pedestrian"",""Distracted Driver (Suspected)""]",0,0,1,0,1,"[""No Contributing Factors"",""Other""]",,Cloudy,Wet,Daylight,33.684222,-84.392938
12/6/17 19:07,Atlanta Police Department,Fulton,Atlanta,Coca Cola Pl Se   Jesse Hill Jr Dr,Jesse Hill Jr Dr and Coca Cola Pl Se   Jesse Hill Jr Dr,(C) Possible Injury / Complaint,Not a Collision with Motor Vehicle,,"[""Intersection Related"",""Pedestrian"",""Older Driver (55-64)""]",0,0,0,1,1,"[""Failure to Yield"",""No Contributing Factors""]",,Clear,Dry,Dark-Lighted,33.753726,-84.380978
7/16/17 23:22,Atlanta Police Department,Fulton,Atlanta,Peachtree St,N Ave and Peachtree St,(A) Suspected Serious Injury,Head On,,"[""Intersection Related"",""Pedestrian"",""Distracted Driver (Suspected)"",""Older Driver (55-64)""]",0,1,0,0,1,"[""No Contributing Factors"",""Other""]",,Clear,Dry,Dawn,33.771286,-84.384889
7/11/17 9:10,Atlanta Police Department,Fulton,Atlanta,Piedmont Rd,Morosgo Dr and Piedmont Rd,(K) Fatal Injury,Angle (Other),,"[""Intersection Related"",""Hit & Run"",""Pedestrian"",""Young Adult Driver (Age 20-24)"",""Impaired (Suspected)""]",1,0,0,1,3,"[""Failure to Yield"",""No Contributing Factors"",""No Contributing Factors""]",,Clear,Dry,Daylight,33.823581,-84.367318
4/16/17 16:20,Atlanta Police Department,Fulton,Atlanta,Centennial Olympic P Dr,Baker St and Centennial Olympic P Dr,(O) No Injury,Head On,,"[""Intersection Related"",""Hit & Run"",""Pedestrian"",""Impaired (Suspected)""]",0,0,0,0,1,"[""Disregard Stop Sign/Signal"",""No Contributing Factors""]",,Clear,Dry,Daylight,33.762263,-84.392029
6/24/17 22:05,Atlanta Police Department,Fulton,Atlanta,Spring St,N Ave and Spring St,(B) Suspected Minor/Visible Injury,Head On,,"[""Intersection Related"",""Distracted Driver (Confirmed)"",""Pedestrian""]",0,0,1,0,1,"[""Inattentive or Other Distraction (Distracted)"",""No Contributing Factors""]",,Rain,Dry,Dark-Lighted,33.771239,-84.388836
3/18/17 21:23,Atlanta Police Department,Fulton,Atlanta,E Paces Ferry Rd,N Fulton Dr and E Paces Ferry Rd,(C) Possible Injury / Complaint,Not a Collision with Motor Vehicle,,"[""Intersection Related"",""Hit & Run"",""Pedestrian""]",0,0,0,1,1,"[""Failure to Yield"",""No Contributing Factors""]",,Cloudy,Dry,Dark-Lighted,33.839196,-84.377955
2/24/17 22:00,Atlanta Police Department,Fulton,Atlanta,Buckhead Ave,Peachtree Rd and Buckhead Ave,(B) Suspected Minor/Visible Injury,Angle (Other),,"[""Intersection Related"",""Bicycle""]",0,0,1,0,2,"[""Improper Turn"",""Misjudged Clearance""]",,Clear,Dry,Dark-Lighted,33.838215,-84.380874
8/8/17 16:46,Atlanta Police Department,Fulton,Atlanta,Ted Turner Dr,Baker St and Ted Turner Dr,(C) Possible Injury / Complaint,Angle (Other),,"[""Intersection Related"",""Pedestrian""]",0,0,0,1,1,"[""Failure to Yield"",""No Contributing Factors""]",,Clear,Dry,Daylight,33.762252,-84.389015