Date and Time,Agency Name (Crash Level) ,Area: County,Area: City,Roadway (From Crash Report),Intersection Name (from Crash Report),KABCO Severity,Manner of Collision (Crash Level) ,First Harmful Event (Crash Level) ,SHSP Emphasis Areas,# of Fatalities (Person Table),# Serious Injuries,# Visible Injuries,# Complaint Injuries,# of Vehicles,Operator / Driver Contributing Factor -old,Roadway Contributing Factors (Crash Level) ,Weather Conditions (Crash Level),Surface Condition (Crash Level) ,Light Conditions (Crash Level),Latitude ,Longitude
10/18/21 23:00,Atlanta Police Department,Fulton,Atlanta,Poole Pl Sw,Lee St Sw and Poole Pl Sw,(B) Suspected Minor/Visible Injury,Not a Collision with Motor Vehicle,,"[""Intersection Related"",""Roadway Departure"",""Hit & Run"",""Pedestrian"",""Impaired (Suspected)"",""Distracted Driver (Suspected)""]",0,0,1,0,1,,,Clear,Dry,Dark-Not Lighted,33.739073,-84.414055
10/9/21 18:35,Atlanta Police Department,Fulton,Atlanta,10Th St Ne,10Th St Ne and Myrtle St Ne,(B) Suspected Minor/Visible Injury,Not a Collision with Motor Vehicle,,"[""Aggressive Driving"",""Motorcycle"",""Bicycle"",""Impaired (Suspected)"",""Older Driver (55-64)"",""Improper Occupant Protection""]",0,0,1,1,1,,,Clear,Dry,Daylight,33.781787,-84.378841
10/25/21 15:16,Atlanta Police Department,Fulton,Atlanta,Campbellton Rd Sw,Stanton Rd Sw and Campbellton Rd Sw,(K) Fatal Injury,Not a Collision with Motor Vehicle,,"[""Pedestrian"",""Impaired (Suspected)"",""Improper Occupant Protection""]",1,0,0,0,1,,,Cloudy,Dry,Daylight,33.711507,-84.444098
10/12/21 19:10,Atlanta Police Department,Fulton,Atlanta,Donnelly Ave Sw,Lee St Sw and Donnelly Ave Sw,(C) Possible Injury / Complaint,Not a Collision with Motor Vehicle,,"[""Intersection Related"",""CMV Related"",""Hit & Run"",""Pedestrian"",""Impaired (Suspected)"",""Distracted Driver (Suspected)""]",0,0,0,1,1,,,Clear,Dry,Daylight,33.727356,-84.417608
1/22/21 18:41,Atlanta Police Department,Fulton,Atlanta,Mcdaniel St Sw   Glenn St,Glenn St and Mcdaniel St Sw   Glenn St,(O) No Injury,Head On,,"[""Intersection Related"",""Pedestrian"",""Young Adult Driver (Age 20-24)"",""Distracted Driver (Suspected)""]",0,0,0,0,1,,,Clear,Dry,Dark-Lighted,33.738146,-84.401626
4/25/21 1:04,Atlanta Police Department,Fulton,Atlanta,Ponce De Leon Ave Ne,Bonaventure Ave Ne and Ponce De Leon Ave Ne,(B) Suspected Minor/Visible Injury,Not a Collision with Motor Vehicle,,"[""Intersection Related"",""Distracted Driver (Confirmed)"",""Pedestrian"",""Impaired Driving (Confirmed)""]",0,0,1,0,1,,,Clear,Dry,Dark-Not Lighted,33.773807,-84.360809
2/6/21 20:23,Atlanta Police Department,Fulton,Atlanta,Piedmont Ave Ne   Monroe Dr,Monroe Dr and Piedmont Ave Ne   Monroe Dr,(O) No Injury,Not a Collision with Motor Vehicle,,"[""Intersection Related"",""Pedestrian"",""Impaired Driving (Confirmed)"",""Improper Occupant Protection""]",0,0,0,0,1,,,Rain,Wet,Dark-Lighted,33.797086,-84.368982
11/20/21 4:15,Gsp Post 00,Fulton,Atlanta,I 285,I 285 and Cascade Rd,(C) Possible Injury / Complaint,Not a Collision with Motor Vehicle,,"[""Hit & Run"",""Pedestrian""]",0,0,0,1,1,,,Clear,Dry,Dark-Not Lighted,33.720266,-84.50251
5/2/21 17:15,Atlanta Police Department,Fulton,Atlanta,Edgewood Ave Se,Jackson St Se and Edgewood Ave Se,(C) Possible Injury / Complaint,Not a Collision with Motor Vehicle,,"[""Pedestrian"",""Distracted Driver (Suspected)"",""Improper Occupant Protection""]",0,0,0,1,1,,,Clear,Dry,Daylight,33.75433,-84.373873
10/25/21 19:57,Atlanta Police Department,Fulton,Atlanta,Martin Luther King Jr Dr Sw,Peyton Rd Sw and Martin Luther King Jr Dr Sw,(B) Suspected Minor/Visible Injury,Not a Collision with Motor Vehicle,,"[""Intersection Related"",""Pedestrian"",""Distracted Driver (Suspected)"",""Improper Occupant Protection""]",0,0,1,0,1,,,Clear,Dry,Dark-Lighted,33.752143,-84.46838
7/26/21 7:50,Atlanta Police Department,Fulton,Atlanta,Us-19,,(C) Possible Injury / Complaint,Not a Collision with Motor Vehicle,,"[""Intersection Related"",""Pedestrian"",""Improper Occupant Protection""]",0,0,0,1,1,,,Clear,Dry,Daylight,33.786228,-84.407426
12/8/21 23:30,Atlanta Police Department,Fulton,Atlanta,Cascade Rd Sw,Cascade Rd Sw and Cascade Ave Sw,(C) Possible Injury / Complaint,Not a Collision with Motor Vehicle,,"[""Hit & Run"",""Bicycle"",""Distracted Driver (Suspected)"",""Improper Occupant Protection""]",0,0,0,1,1,,,Other,Dry,Dark-Lighted,33.721245,-84.453845
3/12/21 21:48,Atlanta Police Department,Fulton,Atlanta,1777 Peachtree St,Palisades Rd and 1777 Peachtree St,(O) No Injury,Not a Collision with Motor Vehicle,,"[""Pedestrian"",""Distracted Driver (Suspected)""]",0,0,0,0,1,,,Clear,Dry,Dark-Lighted,33.803314,-84.392556
6/16/21 19:30,Atlanta Police Department,Fulton,Atlanta,S Ponce De Leon Ave Ne,Ponce De Leon Ave Ne and S Ponce De Leon Ave Ne,(A) Suspected Serious Injury,Not a Collision with Motor Vehicle,,"[""Intersection Related"",""Bicycle"",""Improper Occupant Protection""]",0,1,0,0,1,,,Clear,Dry,Daylight,33.773831,-84.348982
9/21/21 17:18,Atlanta Police Department,Fulton,Atlanta,Marietta St,Marietta St and Hampton St Nw,(B) Suspected Minor/Visible Injury,Not a Collision with Motor Vehicle,,"[""Bicycle"",""Impaired (Suspected)""]",0,0,1,0,1,,,Clear,Dry,Daylight,33.776649,-84.407709
4/30/21 9:00,Atlanta Police Department,Fulton,Atlanta,Peachtree Valley Rd Ne,Peachtree St and Peachtree Valley Rd Ne,(C) Possible Injury / Complaint,Not a Collision with Motor Vehicle,,"[""Intersection Related"",""Hit & Run"",""Pedestrian"",""Impaired (Suspected)"",""Distracted Driver (Suspected)""]",0,0,0,1,1,,,Clear,Dry,Daylight,33.810939,-84.39235
8/22/21 17:45,Atlanta Police Department,Fulton,Atlanta,Pryor Rd,Pryor Rd and Ralph David Abernathy Blvd,(O) No Injury,Not a Collision with Motor Vehicle,,"[""Intersection Related"",""Hit & Run"",""Pedestrian"",""Impaired (Suspected)"",""Improper Occupant Protection""]",0,0,0,0,1,,,Clear,Dry,Daylight,33.736836,-84.394607
5/9/21 17:05,Atlanta Police Department,Fulton,Atlanta,Wylie St Se,Pearl St Se and Wylie St Se,(C) Possible Injury / Complaint,Not a Collision with Motor Vehicle,,"[""Roadway Departure"",""Pedestrian"",""Impaired (Suspected)"",""Distracted Driver (Suspected)""]",0,0,0,1,1,,,Clear,Dry,Daylight,33.752358,-84.362592
2/13/21 20:17,Atlanta Police Department,Fulton,Atlanta,Roswell Rd Ne   Ivy Pkwy,Ivy Pkwy and Roswell Rd Ne   Ivy Pkwy,(O) No Injury,Angle (Other),,Pedestrian,0,0,0,0,1,,,Clear,Dry,Dark-Lighted,33.858046,-84.381289
7/26/21 0:15,Atlanta Police Department,Fulton,Atlanta,10Th St Ne,10Th St Ne and Juniper St Ne,(C) Possible Injury / Complaint,Not a Collision with Motor Vehicle,,"[""Intersection Related"",""Pedestrian"",""Impaired (Suspected)"",""Improper Occupant Protection""]",0,0,0,1,1,,,Clear,Dry,Dark-Lighted,33.781755,-84.382408
11/16/21 22:53,Atlanta Police Department,Fulton,Atlanta,Cheshire Bridge Rd Ne,Sheridan Rd Ne and Cheshire Bridge Rd Ne,(B) Suspected Minor/Visible Injury,Not a Collision with Motor Vehicle,,"[""Hit & Run"",""Pedestrian"",""Impaired (Suspected)""]",0,0,1,0,1,,,Clear,Dry,Dark-Lighted,33.819684,-84.351305
5/1/21 20:35,Atlanta Police Department,Fulton,Atlanta,Marietta St,Marietta St and Techwood Dr Nw,(B) Suspected Minor/Visible Injury,Not a Collision with Motor Vehicle,,"[""Intersection Related"",""Pedestrian""]",0,0,1,0,1,,,Clear,Dry,Dusk,33.757714,-84.393334
6/16/21 17:00,Atlanta Police Department,Fulton,Atlanta,Edgewood Ave Se,Edgewood Ave Se and Wm Holmes Borders Sr Dr Ne,(A) Suspected Serious Injury,Not a Collision with Motor Vehicle,,"[""Intersection Related"",""Pedestrian"",""Impaired (Suspected)"",""Distracted Driver (Suspected)"",""Improper Occupant Protection""]",0,1,0,0,2,,,Clear,Dry,Daylight,33.754355,-84.37554
3/13/21 13:39,Atlanta Police Department,Fulton,Atlanta,Hamilton E Holmes Dr,Martin L King Jr Dr and Hamilton E Holmes Dr,(O) No Injury,Not a Collision with Motor Vehicle,,"[""Intersection Related"",""Older Driver (65+)"",""Pedestrian""]",0,0,0,0,1,,,Clear,Dry,Daylight,33.751883,-84.467463
1/12/21 23:35,Atlanta Police Department,Fulton,Atlanta,Hilliard St,Tanner St and Hilliard St,(O) No Injury,Not a Collision with Motor Vehicle,,"[""Intersection Related"",""Hit & Run"",""Pedestrian"",""Distracted Driver (Suspected)""]",0,0,0,0,1,,,Clear,Dry,Dark-Lighted,33.753644,-84.376629
11/21/21 16:50,Atlanta Police Department,Fulton,Atlanta,13Th St Ne,13Th St Ne and Juniper St Ne,(C) Possible Injury / Complaint,Not a Collision with Motor Vehicle,,"[""Intersection Related"",""Bicycle"",""Impaired (Suspected)"",""Distracted Driver (Suspected)"",""Older Driver (55-64)""]",0,0,0,1,1,,,Clear,Dry,Daylight,33.785429,-84.382054
12/18/21 21:00,Atlanta Police Department,Fulton,Atlanta,Peachtree Rd Ne,Peachtree Rd Ne and Tower Place Dr Ne,(A) Suspected Serious Injury,Not a Collision with Motor Vehicle,,"[""Pedestrian"",""Young Driver (Age 15-19)""]",0,1,0,0,1,,,Rain,Water (standing or moving),Dark-Lighted,33.84662,-84.368195
11/30/21 17:31,Atlanta Police Department,Fulton,Atlanta,Sidney Marcus Blvd Ne,Ga 400 Sb Ramp and Sidney Marcus Blvd Ne,(A) Suspected Serious Injury,Not a Collision with Motor Vehicle,,"[""Pedestrian"",""Improper Occupant Protection""]",0,1,0,0,1,,,Clear,Dry,Dark-Lighted,33.825461,-84.360565
5/23/21 20:00,Atlanta Police Department,Fulton,Atlanta,Northside Pkwy Nw,Marietta St and Northside Pkwy Nw,(C) Possible Injury / Complaint,Angle (Other),,"[""Intersection Related"",""Pedestrian"",""Impaired (Suspected)""]",0,0,0,1,2,,,Clear,Dry,Dark-Lighted,33.775827,-84.40697
6/6/21 17:47,Georgia Tech Police Department,Fulton,Atlanta,Tenth St,Tenth St and Atlantic Dr,(B) Suspected Minor/Visible Injury,Angle (Other),,"[""Intersection Related"",""Bicycle""]",0,0,1,0,2,,,Clear,Dry,Daylight,33.781494,-84.397713
10/24/21 0:03,Atlanta Police Department,Fulton,Atlanta,Highland Ave Ne,Sampson St Ne and Highland Ave Ne,(C) Possible Injury / Complaint,Not a Collision with Motor Vehicle,,"[""Intersection Related"",""Pedestrian"",""Impaired (Suspected)"",""Older Driver (55-64)"",""Improper Occupant Protection""]",0,0,0,1,1,,,Clear,Dry,Dark-Lighted,33.761304,-84.365532
1/11/21 19:11,Atlanta Police Department,Fulton,Atlanta,507 Joseph E Lowery Blvd,Oak St and 507 Joseph E Lowery Blvd,(O) No Injury,Head On,,"[""Hit & Run"",""Pedestrian""]",0,0,0,0,1,,,Rain,Wet,Dark-Lighted,33.740974,-84.418106
9/8/21 15:40,Atlanta Police Department,Fulton,Atlanta,Ferst Dr Nw,3Rd St and Ferst Dr Nw,(C) Possible Injury / Complaint,Not a Collision with Motor Vehicle,,"[""Intersection Related"",""Hit & Run"",""Bicycle"",""Distracted Driver (Suspected)"",""Improper Occupant Protection""]",0,0,0,1,1,,,Cloudy,Dry,Daylight,33.771339,-84.396073
4/4/21 20:19,Atlanta Police Department,Fulton,Atlanta,16Th St,16Th St and W Peachtree St Nw,(A) Suspected Serious Injury,Not a Collision with Motor Vehicle,,"[""Intersection Related"",""Roadway Departure"",""Pedestrian"",""Improper Occupant Protection""]",0,2,0,1,1,,,Clear,Dry,Dark-Lighted,33.788319,-84.387796
8/26/21 8:00,Emory Police Department,DeKalb,Atlanta,Clifton Rd Ne,Haygood Dr Ne and Clifton Rd Ne,(B) Suspected Minor/Visible Injury,Not a Collision with Motor Vehicle,,"[""Intersection Related"",""Pedestrian"",""Improper Occupant Protection""]",0,0,1,0,1,,,Clear,Dry,Daylight,33.795219,-84.321242
1/17/21 14:10,Atlanta Police Department,Fulton,Atlanta,I 20,I 20 and Martin L King Jr Dr,(O) No Injury,Head On,,"[""Pedestrian"",""Distracted Driver (Suspected)""]",0,0,0,0,1,,,Clear,Dry,Daylight,33.750981,-84.444645
10/22/21 17:58,Atlanta Police Department,Fulton,Atlanta,6Th St Ne,6Th St Ne and Juniper St Ne,(C) Possible Injury / Complaint,Not a Collision with Motor Vehicle,,"[""Intersection Related"",""Bicycle"",""Impaired (Suspected)"",""Distracted Driver (Suspected)""]",0,0,0,1,1,,,Clear,Dry,Daylight,33.777234,-84.382848
10/2/21 0:59,Atlanta Police Department,Fulton,Atlanta,N Fulton Dr Ne,Pharr Rd Ne and N Fulton Dr Ne,(B) Suspected Minor/Visible Injury,Not a Collision with Motor Vehicle,,"[""Intersection Related"",""Distracted Driver (Confirmed)"",""Pedestrian"",""Impaired (Suspected)"",""Improper Occupant Protection""]",0,0,1,0,1,,,Clear,Dry,Dark-Lighted,33.837038,-84.377806
12/6/21 4:48,Atlanta Police Department,Fulton,Atlanta,I-285,,(A) Suspected Serious Injury,Sideswipe-Same Direction,,"[""Pedestrian"",""Young Adult Driver (Age 20-24)""]",0,2,0,0,2,,,Clear,Dry,Dark-Lighted,33.79334,-84.488186
6/17/21 18:20,Atlanta Police Department,Fulton,Atlanta,Berne St Se,Berne St Se and Boulevard Se,(B) Suspected Minor/Visible Injury,Not a Collision with Motor Vehicle,,"[""Intersection Related"",""Bicycle""]",0,0,1,0,1,,,Clear,Dry,Daylight,33.736814,-84.368213
11/29/21 6:53,Atlanta Police Department,Fulton,Atlanta,W Peachtree St,,(A) Suspected Serious Injury,Not a Collision with Motor Vehicle,,"[""CMV Related"",""Roadway Departure"",""Pedestrian"",""Older Driver (55-64)"",""Improper Occupant Protection""]",0,1,0,0,1,,,Clear,Dry,Daylight,33.771306,-84.386775
12/20/21 16:08,Atlanta Police Department,Fulton,Atlanta,Polo Dr Ne,,(C) Possible Injury / Complaint,Not a Collision with Motor Vehicle,,"[""Intersection Related"",""Pedestrian"",""Improper Occupant Protection""]",0,0,0,1,1,,,Clear,Dry,Daylight,33.797414,-84.376498
7/14/21 19:13,Atlanta Police Department,Fulton,Atlanta,Peachtree St,7Th St Ne and Peachtree St,(O) No Injury,Angle (Other),,"[""Intersection Related"",""Pedestrian"",""Impaired (Suspected)"",""Improper Occupant Protection""]",0,0,0,0,2,,,Clear,Dry,Daylight,33.77735,-84.384418
3/28/21 5:04,Atlanta Police Department,Fulton,Atlanta,I- 85,I- 85 and State Rte 400,(B) Suspected Minor/Visible Injury,Not a Collision with Motor Vehicle,,"[""Hit & Run"",""Pedestrian"",""Secondary Crash"",""Impaired (Suspected)"",""Improper Occupant Protection""]",0,0,1,0,1,,,Clear,Dry,Dark-Lighted,33.817962,-84.361896
12/24/21 0:03,Atlanta Police Department,Fulton,Atlanta,Morosgo Dr Ne,,(C) Possible Injury / Complaint,Not a Collision with Motor Vehicle,,"[""Pedestrian"",""Distracted Driver (Suspected)"",""Improper Occupant Protection""]",0,0,0,1,1,,,Clear,Dry,Dark-Lighted,33.823814,-84.36324
6/26/21 21:00,Atlanta Police Department,Fulton,Atlanta,Hilliard St Se,Tanner St Se and Hilliard St Se,(A) Suspected Serious Injury,Not a Collision with Motor Vehicle,,"[""Intersection Related"",""Bicycle"",""Older Driver (55-64)""]",0,1,0,0,1,,,Clear,Dry,Dark-Lighted,33.755509,-84.376592
9/19/21 15:30,Atlanta Police Department,Fulton,Atlanta,W Peachtree St Nw,Peachtree Pl Ne and W Peachtree St Nw,(B) Suspected Minor/Visible Injury,Not a Collision with Motor Vehicle,,"[""Intersection Related"",""Pedestrian"",""Distracted Driver (Suspected)"",""Improper Occupant Protection""]",0,0,1,0,1,,,Cloudy,Dry,Daylight,33.780735,-84.387476
11/22/21 17:00,Atlanta Police Department,Fulton,Atlanta,Coca Cola Pl Se,Coca Cola Pl Se and Jesse Hill Jr Dr Se,(C) Possible Injury / Complaint,Not a Collision with Motor Vehicle,,"[""Intersection Related"",""Pedestrian"",""Impaired (Suspected)""]",0,0,0,1,1,,,Clear,Dry,Daylight,33.753669,-84.38101
9/10/21 13:00,Atlanta Police Department,Fulton,Atlanta,Howell Mill Rd,Howell Mill Rd and Bishop St Nw St,(B) Suspected Minor/Visible Injury,Not a Collision with Motor Vehicle,,"[""Intersection Related"",""Bicycle"",""Older Driver (55-64)""]",0,0,1,0,1,,,Clear,Dry,Daylight,33.790425,-84.41197
12/8/21 17:00,Atlanta Police Department,Fulton,Atlanta,Donald Lee Hollowell Pkwy Nw,Emily Pl Nw and Donald Lee Hollowell Pkwy Nw,(A) Suspected Serious Injury,Not a Collision with Motor Vehicle,,"[""Pedestrian"",""Distracted Driver (Suspected)""]",0,1,0,0,1,,,Clear,Dry,Dark-Lighted,33.776754,-84.451778
11/23/21 14:20,Atlanta Police Department,Fulton,Atlanta,University Ave Sw,Pryor Rd Sw and University Ave Sw,(C) Possible Injury / Complaint,Not a Collision with Motor Vehicle,,"[""Hit & Run"",""Pedestrian"",""Distracted Driver (Suspected)""]",0,0,0,1,1,,,Clear,Dry,Daylight,33.722094,-84.393356
9/3/21 17:28,Atlanta Police Department,Fulton,Atlanta,Glenway Dr Sw,,(C) Possible Injury / Complaint,Not a Collision with Motor Vehicle,,"[""Pedestrian"",""Impaired (Suspected)"",""Distracted Driver (Suspected)""]",0,0,0,1,1,,,Clear,Dry,Daylight,33.682818,-84.416052
9/11/21 20:17,Atlanta Police Department,Fulton,Atlanta,Olympian Way Sw,Cascade Rd and Olympian Way Sw,(C) Possible Injury / Complaint,Not a Collision with Motor Vehicle,,"[""Hit & Run"",""Pedestrian"",""Impaired Driving (Confirmed)"",""Improper Occupant Protection""]",0,0,0,1,1,,,Clear,Dry,Dark-Not Lighted,33.73542,-84.436931
10/4/21 16:49,Atlanta Police Department,Fulton,Atlanta,Harris St Nw,Harris St Nw and Peachtree St Ne,(B) Suspected Minor/Visible Injury,Not a Collision with Motor Vehicle,,"[""Roadway Departure"",""Pedestrian"",""Distracted Driver (Suspected)"",""Improper Occupant Protection""]",0,0,1,0,1,,,Cloudy,Dry,Daylight,33.760978,-84.387013
5/26/21 10:30,Atlanta Police Department,Fulton,Atlanta,Cumberland Rd Ne,Monroe Dr Ne and Cumberland Rd Ne,(B) Suspected Minor/Visible Injury,Not a Collision with Motor Vehicle,,"[""Intersection Related"",""Bicycle"",""Older Driver (55-64)"",""Improper Occupant Protection""]",0,0,1,0,1,,,Clear,Dry,Daylight,33.796145,-84.368173
8/10/21 12:21,Atlanta Police Department,Fulton,Atlanta,10Th St Nw,10Th St Nw and 10Th At Spring,(C) Possible Injury / Complaint,Not a Collision with Motor Vehicle,,"[""Intersection Related"",""Pedestrian""]",0,0,0,1,1,,,Clear,Dry,Daylight,33.781506,-84.389077
5/22/21 12:30,Atlanta Police Department,Fulton,Atlanta,Fulton St Sw,Fulton St Sw and Mcdaniel St Sw,(C) Possible Injury / Complaint,Not a Collision with Motor Vehicle,,"[""Intersection Related"",""Hit & Run"",""Pedestrian"",""Impaired (Suspected)"",""Distracted Driver (Suspected)""]",0,0,0,1,1,,,Clear,Dry,Daylight,33.74157,-84.402941
9/13/21 13:00,Atlanta Police Department,Fulton,Atlanta,Mcdonough Blvd Se,Mcdonough Blvd and Mcdonough Blvd Se,(B) Suspected Minor/Visible Injury,Not a Collision with Motor Vehicle,,"[""Intersection Related"",""Older Driver (65+)"",""Bicycle"",""Impaired (Suspected)""]",0,0,1,0,1,,,Clear,Dry,Dark-Lighted,33.704477,-84.349664
10/12/21 16:29,Atlanta Police Department,Fulton,Atlanta,Main St Ne,Main St Ne and Piedmont Rd Ne,(B) Suspected Minor/Visible Injury,Not a Collision with Motor Vehicle,,"[""Pedestrian"",""Improper Occupant Protection""]",0,0,1,0,1,,,Clear,Dry,Daylight,33.822413,-84.367353
12/18/21 22:17,Atlanta Police Department,Fulton,Atlanta,14Th St Ne,14Th St Ne and Peachtree St Ne,(B) Suspected Minor/Visible Injury,Not a Collision with Motor Vehicle,,"[""Intersection Related"",""Pedestrian"",""Distracted Driver (Suspected)"",""Improper Occupant Protection""]",0,0,1,0,1,,,Rain,Wet,Dark-Lighted,33.786592,-84.383278
6/17/21 20:59,Atlanta Police Department,Fulton,Atlanta,Hedgewood Ln Nw,Hedgewood Dr Nw and Hedgewood Ln Nw,(O) No Injury,Not a Collision with Motor Vehicle,,"[""Aggressive Driving"",""Hit & Run"",""Bicycle"",""Impaired (Suspected)""]",0,0,0,0,1,,,Clear,Dry,Daylight,33.757594,-84.476235
8/16/21 0:13,Dekalb Co Police Department,Fulton,Atlanta,Moreland Industrial Blvd,Moreland Ave and Moreland Industrial Blvd,(C) Possible Injury / Complaint,Not a Collision with Motor Vehicle,,"[""Distracted Driver (Confirmed)"",""Pedestrian"",""Secondary Crash"",""Impaired (Suspected)"",""Improper Occupant Protection""]",0,0,0,1,1,,,Clear,Dry,Dark-Lighted,33.709867,-84.349546
1/16/21 0:01,Atlanta Police Department,Fulton,Atlanta,776 Rochelle Dr,,(O) No Injury,Not a Collision with Motor Vehicle,,"[""Hit & Run"",""Pedestrian"",""Impaired (Suspected)""]",0,0,0,0,1,,,Clear,Dry,Dark-Not Lighted,33.734044,-84.433166
4/14/21 13:04,Atlanta Police Department,Fulton,Atlanta,Peachtree Ave Ne,Peachtree St and Peachtree Ave Ne,(B) Suspected Minor/Visible Injury,Not a Collision with Motor Vehicle,,"[""Intersection Related"",""Pedestrian"",""Improper Occupant Protection""]",0,0,1,0,1,,,Clear,Dry,Daylight,33.834859,-84.382361
6/18/21 21:46,Atlanta Police Department,Fulton,Atlanta,Martin Luther King Jr Dr Sw,Harwell Rd Nw and Martin Luther King Jr Dr Sw,(B) Suspected Minor/Visible Injury,Not a Collision with Motor Vehicle,,"[""Intersection Related"",""Hit & Run"",""Pedestrian"",""Impaired (Suspected)"",""Improper Occupant Protection""]",0,0,1,0,2,,,Clear,Dry,Dark-Lighted,33.752548,-84.493038
9/9/21 17:55,Atlanta Police Department,Fulton,Atlanta,14Th St Nw,14Th St Nw and Techwood Dr Nw,(B) Suspected Minor/Visible Injury,Not a Collision with Motor Vehicle,,"[""Hit & Run"",""Bicycle"",""Impaired (Suspected)""]",0,0,1,0,1,,,Clear,Dry,Daylight,33.78668,-84.391938
11/23/21 19:10,Atlanta Police Department,Fulton,Atlanta,Joseph E Lowery Blvd Nw,,(B) Suspected Minor/Visible Injury,Not a Collision with Motor Vehicle,,"[""Intersection Related"",""Pedestrian"",""Young Adult Driver (Age 20-24)"",""Distracted Driver (Suspected)""]",0,0,1,0,1,,,Clear,Dry,Dark-Lighted,33.754728,-84.417767
12/14/21 18:00,Atlanta Police Department,Fulton,Atlanta,Conley Rd Se,Conley Rd Se and Jonesboro Rd Se,(A) Suspected Serious Injury,Not a Collision with Motor Vehicle,,"[""Distracted Driver (Confirmed)"",""Pedestrian"",""Secondary Crash"",""Impaired (Suspected)"",""Older Driver (55-64)"",""Improper Occupant Protection""]",0,1,0,0,1,,,Clear,Dry,Dark-Not Lighted,33.648707,-84.365686
7/8/21 22:50,Atlanta Police Department,Fulton,Atlanta,Delowe Dr Sw,Delowe Dr Sw and Campbellton Rd Sw,(C) Possible Injury / Complaint,Not a Collision with Motor Vehicle,,"[""Intersection Related"",""Pedestrian"",""Impaired (Suspected)"",""Distracted Driver (Suspected)"",""Older Driver (55-64)"",""Improper Occupant Protection""]",0,0,0,1,1,,,Clear,Dry,Dark-Lighted,33.706424,-84.457449
11/29/21 16:10,Atlanta Police Department,Fulton,Atlanta,University Ave Sw,University Ave Sw and Metropolitan Pkwy Sw,(C) Possible Injury / Complaint,Not a Collision with Motor Vehicle,,"[""Intersection Related"",""Pedestrian"",""Older Driver (55-64)"",""Improper Occupant Protection""]",0,0,0,1,1,,,Clear,Dry,Daylight,33.722103,-84.407868
9/3/21 22:11,Atlanta Police Department,Fulton,Atlanta,Fulton St Sw,Fulton St Sw and Windsor St Sw,(A) Suspected Serious Injury,Not a Collision with Motor Vehicle,,"[""Intersection Related"",""Aggressive Driving"",""Hit & Run"",""Pedestrian"",""Impaired (Suspected)"",""Improper Occupant Protection""]",0,1,0,0,1,,,Clear,Dry,Dark-Lighted,33.741984,-84.398227
5/2/21 4:00,Atlanta Police Department,Fulton,Atlanta,I- 285,I- 285 and Bolton Rd,(K) Fatal Injury,Not a Collision with Motor Vehicle,,"[""Pedestrian"",""Impaired (Suspected)"",""Improper Occupant Protection""]",1,0,0,0,1,,,Clear,Dry,Dark-Not Lighted,33.795857,-84.487365
1/4/21 10:41,Atlanta Police Department,Fulton,Atlanta,2611 Springdale Rd,Glenway Dr and 2611 Springdale Rd,(O) No Injury,Not a Collision with Motor Vehicle,,"[""Hit & Run"",""Pedestrian"",""Improper Occupant Protection""]",0,0,0,0,1,,,Clear,Dry,Daylight,33.683254,-84.415536
9/4/21 1:00,Atlanta Police Department,Fulton,Atlanta,Memorial Dr Se,Oakland Ave Se and Memorial Dr Se,(A) Suspected Serious Injury,Not a Collision with Motor Vehicle,,"[""Intersection Related"",""Hit & Run"",""Bicycle"",""Impaired (Suspected)"",""Distracted Driver (Suspected)""]",0,1,0,0,1,,,Clear,Dry,Dark-Lighted,33.746789,-84.374584
9/2/21 15:30,Atlanta Police Department,Fulton,Atlanta,Windsor St Sw,Fulton St Sw and Windsor St Sw,(C) Possible Injury / Complaint,Not a Collision with Motor Vehicle,,"[""Intersection Related"",""Pedestrian"",""Young Adult Driver (Age 20-24)"",""Improper Occupant Protection""]",0,0,0,1,1,,,Clear,Dry,Daylight,33.741984,-84.398225
11/16/21 6:30,Atlanta Police Department,Fulton,Atlanta,Harwell Rd Nw,Harwell Rd Nw and Donald Lee Hollowell Pkwy Nw,(A) Suspected Serious Injury,Not a Collision with Motor Vehicle,,"[""Intersection Related"",""Hit & Run"",""Pedestrian"",""Impaired (Suspected)"",""Improper Occupant Protection""]",0,1,0,0,1,,,Clear,Dry,Daylight,33.786077,-84.491228
12/18/21 16:42,Atlanta Police Department,Fulton,Atlanta,Sunset Ave Nw,Sunset Ave Nw and Cameron M Alexander Blvd Nw,(C) Possible Injury / Complaint,Angle (Other),,"[""Intersection Related"",""Roadway Departure"",""Pedestrian"",""Impaired (Suspected)"",""Improper Occupant Protection""]",0,0,0,2,2,,,Cloudy,Water (standing or moving),Daylight,33.768223,-84.409855
3/25/21 8:30,Atlanta Police Department,Fulton,Atlanta,Williams St Nw,Williams St Nw and Alexander St Nw,(B) Suspected Minor/Visible Injury,Not a Collision with Motor Vehicle,,"[""Pedestrian"",""Impaired (Suspected)""]",0,0,1,0,1,,,Rain,Wet,Daylight,33.764651,-84.390352
10/15/21 15:35,Atlanta Police Department,Fulton,Atlanta,10Th St Ne,10Th St Ne and Peachtree Walk Ne,(B) Suspected Minor/Visible Injury,Not a Collision with Motor Vehicle,,"[""Pedestrian"",""Distracted Driver (Suspected)"",""Improper Occupant Protection""]",0,0,1,0,1,,,Clear,Dry,Daylight,33.781466,-84.386952
10/15/21 15:30,Atlanta Police Department,Fulton,Atlanta,Ponce De Leon Ave Ne,Ponce De Leon Ave Ne and S Ponce De Leon Ave Ne,(A) Suspected Serious Injury,Not a Collision with Motor Vehicle,,"[""Intersection Related"",""Distracted Driver (Confirmed)"",""Hit & Run"",""Pedestrian"",""Impaired (Suspected)"",""Improper Occupant Protection""]",0,1,0,0,1,,,Clear,Dry,Daylight,33.773835,-84.349306